fit_session,heldout_session,trial_id,hand_truth,arm_truth,hand_p_fist,hand_p_index_pinch,hand_p_neutral,hand_p_open_hand,arm_p_backward,arm_p_down,arm_p_forward,arm_p_left,arm_p_right,arm_p_still,arm_p_up
S01,S02,S02:100,open_hand,still,0.019384285662901197,0.29914082174454243,0.14019504224843402,0.5412798503441223,0.16551994801959694,0.0012535767741279312,0.19729954198945984,0.2075631822670334,0.12377194173039992,0.2792073353548031,0.025384473864578847
S01,S02,S02:101,fist,still,0.999947387386429,5.261165673169357e-05,5.961588899171634e-13,9.562432746606961e-10,0.13451810299467726,0.0023880602552788896,0.24230106593192077,0.11488882397023974,0.0723991072893948,0.41818448263260644,0.015320356925882168
S01,S02,S02:102,neutral,still,0.0019113773046246178,0.014417364848598785,0.9689246846252347,0.014746573221541825,0.077234425196707,0.0019343925576153222,0.19752825374919283,0.10682531174391774,0.11767571159360213,0.4890672348255003,0.00973467033346468
S01,S02,S02:103,neutral,forward,0.0023717443091390974,0.043673935244535195,0.9430539954165411,0.010900325029784571,0.10575720827263013,0.0041570686384496715,0.27554717324808237,0.1015009592077168,0.1229386985578665,0.37799123123389594,0.012107660841358574
S01,S02,S02:104,fist,left,0.9999936172385425,6.366724405557713e-06,1.8927366061728276e-14,1.6037032857057003e-08,0.43761198370638893,0.0002609533852690399,0.06434102833113704,0.25187233058360703,0.022140915453904956,0.14837372671422502,0.07539906182546795
S01,S02,S02:105,open_hand,still,0.0012532677641265643,0.00020111567566304152,1.3467292803731407e-06,0.9985442698309299,0.1810298728372223,0.002170531143086983,0.25369199182170377,0.10087001174045233,0.07695482175663308,0.3649440249561638,0.02033874574473769
S01,S02,S02:106,open_hand,down,0.025857993396621568,0.0037277538556245993,0.005760406242967405,0.9646538465047865,0.021878418504694064,0.9453265588669743,0.02794936649997984,7.409869440054163e-07,0.0014232815242237618,8.52847847176743e-06,0.0034131051387122115
S01,S02,S02:107,neutral,still,0.00353213915749962,0.00013099628230050538,0.976445625505285,0.019891239054914772,0.06810608170059605,0.00020233829579194114,0.06417255946529102,0.2938019283561322,0.06744896247969497,0.4873803166221458,0.018887813080347884
S01,S02,S02:108,fist,still,0.9999951323526189,4.867235389864038e-06,3.749923850451108e-12,4.08241347432029e-10,0.07572053658945731,0.0002041202652366781,0.06423956099254852,0.26496331667927325,0.055191469824636054,0.5199269841124784,0.0197540115363699
S01,S02,S02:109,open_hand,down,0.2918028771041538,0.251366386210361,0.11106285274712735,0.3457678839383578,0.05074916391227834,0.22262480652730188,0.13253432791248468,0.17753057818934573,0.2559664919850113,0.15132717674732446,0.009267454726253543
S01,S02,S02:110,index_pinch,backward,0.011148276558353619,0.9856830109684656,0.0017850122253688658,0.0013837002478119696,0.2381048994781769,0.0002846355854406906,0.06511081075535585,0.4325714563881566,0.0282742992082874,0.15015982237901024,0.08549407620557238
S01,S02,S02:111,neutral,left,0.0016468096200771421,0.00851635167588304,0.9809958475029905,0.008840991201049319,0.4291867959941258,6.822924670803433e-05,0.03415611879616539,0.2921229427824333,0.02726284135777964,0.07907410727358886,0.13812896454919893
S01,S02,S02:112,open_hand,backward,0.004020495182741553,4.0342457690051977e-05,0.005469120944500488,0.9904700414150679,0.32466206931694214,9.442037203059458e-05,0.05361271695440802,0.36525882756445666,0.01984462650229349,0.09369325520434697,0.14283408408552212
S01,S02,S02:113,index_pinch,still,0.03110310300550692,0.9688195631697077,3.555987662926474e-05,4.1773948155924815e-05,0.07757573447082987,0.0011131456088140786,0.14675531516252668,0.136667840536706,0.08635936893809391,0.540142912839828,0.011385682443201511
S01,S02,S02:114,index_pinch,down,0.07210758526777786,0.6171789091600385,0.009050642076739435,0.3016628634954442,0.1805767867568985,0.778705661330941,0.0237930034369932,1.4120835993550312e-05,0.00147208092692027,1.4287982615368989e-05,0.015424058729638078
S01,S02,S02:115,neutral,down,0.005934768044364182,0.41237518825996317,0.5374782688884571,0.04421177480721558,0.002781139212767424,0.44203961553785254,0.022736285903021052,0.009586707457699671,0.5217846564105272,1.0488697148914108e-05,0.00106110678098307
S01,S02,S02:116,neutral,still,0.004067594898854327,0.0001465771349707668,0.9603333032093486,0.03545252475682628,0.06925169648249886,9.156079100374095e-05,0.042972570771498346,0.31863773537132317,0.045655879693899164,0.4996087151228535,0.023781841766923148
S01,S02,S02:117,index_pinch,still,0.1114586409081122,0.8820719110572118,0.005548290002263278,0.0009211580324126602,0.09030616352704791,0.00014984041336855565,0.054543805948273176,0.29389758829667445,0.041791586277014646,0.49119237983291475,0.02811863570470648
S01,S02,S02:120,neutral,still,0.00118035856533124,0.09719985437452937,0.8786624131608419,0.022957373899297518,0.03854846684146191,0.00035158093983651974,0.06632794454193093,0.2116130128345708,0.09597258911468988,0.5773185269947452,0.009867878732764741
S01,S02,S02:121,neutral,up,0.005226999012398542,0.2542948538313717,0.7154791490442518,0.02499899811197784,0.01977040267023787,5.541432419450465e-10,1.8288444405917883e-06,0.000467238584422471,1.0908297728599657e-06,9.825890608948021e-06,0.979749612626374
S01,S02,S02:122,index_pinch,still,0.04139706208767547,0.956495522224951,0.0011041072539961824,0.001003308433377356,0.09358443776439877,0.00023201741073681787,0.06917867909656726,0.3006703896412101,0.05719072332104219,0.45308441957135576,0.026059333194689154
S01,S02,S02:123,open_hand,still,0.025349631750872802,0.009960282533719398,0.009127580706429711,0.9555625050089781,0.2566477965524343,0.0003757575677496809,0.10362567310753389,0.340920689650738,0.04057140103188196,0.2101421402723095,0.04771654181735274
S01,S02,S02:124,open_hand,still,0.002765487478132749,0.007069837728704828,3.174774168795755e-05,0.9901329270514744,0.23265231110945764,0.0002638074522081667,0.09105773532193372,0.31260961879868576,0.0391987361495933,0.27776062603381974,0.046457165134301766
S01,S02,S02:125,index_pinch,down,0.029781170110769566,0.46319440608982326,0.180443834513601,0.326580589285806,0.012923337213318906,0.9403997877249951,0.03687157487968702,0.001100358463610293,0.004217133604879517,5.44203765510889e-06,0.004482366075853968
S01,S02,S02:126,fist,still,0.999966180780045,3.3817848292158257e-05,7.495205760302387e-12,1.3641678162391928e-09,0.10112196898847552,0.0002715019228108796,0.08053502580603117,0.26895181268826096,0.04582474488021365,0.47694670510090886,0.02634824061329893
S01,S02,S02:127,open_hand,backward,0.004995908583673634,7.745561843283966e-05,0.00011888506378290952,0.9948077507341107,0.4494121965477069,0.0003053369968282385,0.09395679240681076,0.18501440068356492,0.02542436966344419,0.12599434791244354,0.11989255578920142
S01,S02,S02:128,neutral,up,0.23828939487347403,0.043318954697705796,0.545619146848484,0.1727725035803361,0.015016037838289356,2.830301571927019e-10,2.7000778481981405e-07,5.721247660653763e-05,2.1565145519310468e-07,3.1186533398862087e-07,0.9849259518775
S01,S02,S02:129,open_hand,still,0.02211781785948605,0.001320998214993654,0.0010348765630615279,0.9755263073624588,0.18714972865460458,0.0021047030844020638,0.2200190855515265,0.17242385784108705,0.11152686511602548,0.28218879627617266,0.024586963476181667
S01,S02,S02:130,open_hand,still,0.02164254193559671,0.0040462251876685375,0.11038307753694136,0.8639281553397935,0.2109375644249415,0.0013321881588488108,0.21106858949945617,0.17851036248107496,0.06590649725766475,0.3018215648752906,0.03042323330272322
S01,S02,S02:131,fist,still,0.9990263517688428,0.0009736482037116604,8.511757422597734e-13,2.6594185392054663e-11,0.15269893665230386,0.001750601992074239,0.22516211415819345,0.09794467213753967,0.05724092368996137,0.44634094910986405,0.018861802260063402
S01,S02,S02:132,fist,backward,0.9575645433563169,0.004658159023351999,0.012568859790785612,0.025208437829545575,0.4600048853328114,0.0010874681460514438,0.13042959040885307,0.17364544775488208,0.06650597598269814,0.055928385190800116,0.11239824718390373
S01,S02,S02:133,open_hand,right,0.26631546441950354,0.010952447157915782,0.000411946165590901,0.7223201422569897,0.16014047387505595,0.004162215955706748,0.13096331229437463,0.09780363435159371,0.2301967463006648,0.20299816623100805,0.17373545099159624
S01,S02,S02:134,open_hand,forward,0.0015054762707241178,0.01393555570815435,0.03413718386369164,0.95042178415743,0.5269612661624562,0.0062823428896331334,0.193844530399774,0.07597578893800788,0.09644246461164552,0.06042941874635877,0.040064188252124384
S01,S02,S02:135,open_hand,still,0.009987344924345753,0.05739883027290013,0.13578436521145948,0.7968294595912946,0.24397881395938648,8.020929561255325e-05,0.05596511779930493,0.33748914894543386,0.027518810412652417,0.2576602231921525,0.07730767639545731
S01,S02,S02:136,neutral,still,0.0004324298817455288,0.001646393158462223,0.9972799433570761,0.00064123360271616,0.12561858622522595,0.00014385742248110194,0.06657563078577018,0.31191537623674637,0.047350897398707625,0.4141872312722208,0.03420842065884795
S01,S02,S02:137,fist,still,0.9752117387434502,0.02478825963567426,1.3438986305215183e-09,2.7697686248343425e-10,0.18350361705264825,0.0004784811826622658,0.1160030124254225,0.24677488745260243,0.03638735950672383,0.377831089706176,0.03902155267376469
S01,S02,S02:138,fist,right,0.9981932325221313,0.000372858730518487,0.0003917466387400033,0.001042162108610174,0.1857407129996543,0.016492848883183166,0.2834311204864277,0.05892109763470483,0.2095052798075179,0.14270081413945584,0.10320812604905616
S01,S02,S02:139,fist,still,0.9982554088233658,0.0017445891542273147,3.523076076877896e-10,1.6700993672123454e-09,0.18917589217731776,0.0007135420168612672,0.14026657597368777,0.21472061660929867,0.03973598691560254,0.3802949294704709,0.035092456836761064
S01,S02,S02:140,fist,up,0.9964669391784079,0.0027398668683062694,0.00014339431048210243,0.000649799642803751,0.0420856236043744,1.1084701934221032e-08,1.0760163174480852e-05,0.0010000754252885429,8.777732258764938e-06,2.6168136700465304e-06,0.9568921351765317
S01,S02,S02:141,fist,up,0.6563636458363266,0.029130334979326086,0.31236605295147524,0.0021399662328721904,0.16880509061528748,9.400625920604043e-06,0.000864168214289271,0.008210539530777728,0.00016681819722148982,5.2687392008132185e-06,0.8219387140773026
S01,S02,S02:142,index_pinch,up,0.4070370666365107,0.4997437168861287,0.06594759953922082,0.02727161693813988,0.02022359232455385,3.8626993367558165e-10,1.1059503610776785e-06,0.0002026577328844873,5.671110399565368e-07,6.997024021029488e-06,0.9795650794708696
S01,S02,S02:143,fist,forward,0.9208307628988704,0.010776011681993951,0.05566605791978693,0.012727167499348569,0.07183492787004152,0.007762386385550389,0.20525047939395835,0.2976591171632446,0.3018972653796368,0.10793429935547727,0.007661524452090962
S01,S02,S02:144,neutral,still,0.002923123125062772,0.017023425610081338,0.9755068265305177,0.0045466247343383314,0.08584588495964174,4.250864440628841e-05,0.03142070482531347,0.4159007387278267,0.034038369369125764,0.3957852485398184,0.03696654493386765
S01,S02,S02:145,open_hand,right,0.11728659082385477,0.0007777479724920492,3.175771922852509e-07,0.881935343626461,0.023555762481911904,0.08946433705501282,0.3913312821932507,0.014138012469320694,0.31317833117842653,0.16585258432715597,0.0024796902949214467
S01,S02,S02:146,fist,still,0.9994143203143443,0.0005856796402475536,2.1326193306847885e-12,4.3275492001569336e-11,0.15980352896735298,8.064505063205977e-05,0.04910434056102916,0.29185845117548237,0.018767003163142393,0.4221252321469153,0.05826079893544575
S01,S02,S02:147,index_pinch,still,0.03609983678735167,0.9634735149444976,1.1546917612723586e-05,0.00041510135053809266,0.16035727816190617,7.881163903318741e-05,0.04763286572880971,0.3556502947387025,0.023982629810160375,0.35957518452085685,0.052722935400531086
S01,S02,S02:148,fist,down,0.9993549135279709,0.000467097772098559,3.3046064651690713e-09,0.00017798539532406414,0.005562851908157053,0.9654744177115667,0.024956481799859372,3.0091153648621368e-06,0.0034612018054674307,1.988054018882089e-05,0.0005221571193955789
S01,S02,S02:149,open_hand,still,0.0019872355741225624,0.00042625708501235456,0.00021604186628978742,0.9973704654745753,0.14813058449511102,0.00015555166544127695,0.06768449089598695,0.4262325786576458,0.04456226446398994,0.27087107718786924,0.042363452633955745
S01,S02,S02:150,open_hand,still,0.06733621224005172,0.1079126456589763,0.04790206580293541,0.7768490762980367,0.22007579017827053,9.852694577772903e-05,0.06204774439531594,0.301916969809563,0.018127088169417993,0.3299557536260976,0.06777812687555722
S01,S02,S02:151,neutral,still,0.026917945920116332,0.10122351438449707,0.8323135300733594,0.039545009622027144,0.1042229853949414,8.51909740555898e-05,0.04849921044302787,0.31964555085081775,0.035611395193809396,0.4578629261512392,0.03407274099210893
S01,S02,S02:152,open_hand,right,0.13644696691108318,4.355107195605138e-05,1.3959315976473974e-07,0.863509342423801,0.022975237669871137,0.02112741046416647,0.22993547455665883,0.062298340306385,0.5277468089384384,0.13393669879827785,0.0019800292662022763
S01,S02,S02:153,index_pinch,backward,0.05696370330332214,0.7146150695256438,0.22501505510359865,0.003406172067435356,0.3558169700598541,0.00019522703284217968,0.0724493895614226,0.21790241532626198,0.014192001067802842,0.23944499683989387,0.09999900011192255
S01,S02,S02:154,neutral,still,0.024131579270497448,0.11666341984062406,0.7845371092869454,0.07466789160193307,0.0922606946746365,2.5656601957124232e-05,0.023343120697773126,0.4822138963982216,0.029710411496149447,0.32330704371116253,0.04913917642009972
S01,S02,S02:155,index_pinch,up,0.10095340502744572,0.8934030424240266,0.0029393852294819565,0.0027041673190459185,0.02630821331598795,4.3184833865242694e-10,1.8747210502982997e-06,0.00041563839173715717,7.64904418728515e-07,1.0865251756738449e-05,0.9732626429832006
S01,S02,S02:156,index_pinch,still,0.013494408252556258,0.9724772148061788,0.00014699601583387237,0.013881380925431118,0.15479006098354983,0.00027452391590419514,0.08791627133656761,0.21500843507369752,0.0277871119090287,0.4820368982763464,0.03218669850490578
S01,S02,S02:157,index_pinch,backward,0.08003413652037551,0.7181674228829275,0.1576698928626156,0.04412854773408143,0.24800701401185246,0.0002596759024123827,0.09715731790381223,0.28169274025909813,0.033416124470737725,0.2723484618738074,0.06711866557827971
S01,S02,S02:158,neutral,forward,0.00465230340870607,0.03821844253651486,0.9534349567117278,0.0036942973430512394,0.0711094139481751,0.006978887489319618,0.13070593408137868,0.34251507519731,0.3088047161427068,0.11024640229837442,0.029639570842735292
S01,S02,S02:159,neutral,down,0.04391449040145646,0.030374906025442145,0.6180160982799086,0.30769450529319287,0.04021490552821739,0.7741463593656452,0.038336234160500894,0.004784412042074458,0.13921451352352962,2.381198016051188e-06,0.003301194182016432
S01,S02,S02:160,fist,still,0.6668578104079685,0.049270899903803705,0.24625329739025445,0.03761799229797326,0.23322452208982833,0.0002641540905319478,0.07017821927194973,0.2501021762832955,0.019049981102596623,0.39149417236079703,0.03568677480100078
S01,S02,S02:161,open_hand,left,0.013719972584895532,0.00015678315918243177,0.10556740540239172,0.8805558388535303,0.2527876701129947,0.00028057408078198984,0.041370786549154874,0.4684571545338416,0.043933589115905336,0.1215331514233859,0.07163707418393556
S01,S02,S02:162,open_hand,forward,0.06515766016494771,0.01476392901872306,0.32889703967480394,0.5911813711415254,0.3292319995927817,0.004378325729631289,0.27483857165903985,0.09763825776272883,0.1230153286196252,0.10742705074946311,0.06347046588673007
S01,S02,S02:163,open_hand,still,0.0037155131857398676,0.0007929805139099792,0.0005782874001758922,0.9949132189001744,0.38716276021247004,7.121584378862324e-05,0.05655918707965903,0.23184896028762023,0.01563063533772256,0.18747501806664468,0.12125222317209489
S01,S02,S02:164,neutral,still,0.00016733943860568426,0.0013205595617732286,0.997847457487432,0.0006646435121891387,0.1470356951353811,5.4355386429547145e-05,0.04358522000483426,0.34796510051822976,0.028201362592833918,0.3811938010804095,0.05196446528188182
S01,S02,S02:165,neutral,still,0.00037574018392058216,0.05618514976874559,0.9420383539348783,0.0014007561124556051,0.15063481769555195,6.695203068731808e-05,0.04940778751890019,0.32628055583600274,0.028870093338765935,0.3945320603730081,0.05020773320708383
S01,S02,S02:166,index_pinch,left,0.011150971143013432,0.9646758485795285,0.002423203638983992,0.021749976638474208,0.17024909779927686,8.9225743585869e-05,0.03138755735808054,0.4870729566901839,0.01768946720984693,0.23731397484464992,0.056197720354376
S01,S02,S02:167,neutral,still,0.017367332273279957,0.002694514942034059,0.9522542747834374,0.027683878001248562,0.12799640804715476,0.00019406332384776313,0.07837555961152348,0.2906884190477201,0.049017583035087964,0.41993967795136006,0.03378828898330586
S01,S02,S02:168,fist,left,0.9998742811005962,0.00012571705736907478,3.464192574643097e-11,1.8073928650875605e-09,0.24014901358168708,0.000158237510306887,0.06390518817060725,0.2874400159501135,0.011800574078725493,0.3218676319157883,0.0746793387927715
S01,S02,S02:169,index_pinch,forward,0.5606611327537218,0.348248423451039,0.0001657909936805145,0.09092465280155854,0.17932164603690007,0.011395435811182653,0.23347891054798228,0.24756393011777134,0.19777360903750718,0.07091455870993714,0.05955190973871924
S01,S02,S02:170,open_hand,still,0.015093912387360733,0.07363173418203586,0.004470290687523903,0.9068040627430793,0.2602684779528623,0.00012426340893572954,0.07101491527218567,0.2821514315044908,0.025622290955821293,0.29194859227543624,0.068870028630268
S01,S02,S02:27,fist,right,0.6675326016205375,0.0041868827652714454,0.32809197433089826,0.00018854128329263186,0.12977373355337551,0.002569437011192157,0.07937250001541489,0.11996132444949419,0.45873920155826126,0.11847912864111904,0.09110467477114292
S01,S02,S02:28,neutral,right,0.0217524132518694,0.04866741391103565,0.7856730431723499,0.1439071296647452,0.18966594528282055,0.0038818389145399306,0.09288847761271275,0.23933221764550908,0.28446669450250345,0.10456417995743687,0.08520064608447743
S01,S02,S02:29,index_pinch,still,0.013299074918538678,0.9373099813863645,0.005161183334421255,0.04422976036067569,0.1863665168792307,0.0011546705943574892,0.20019639458908609,0.1075022745315497,0.05690074006742477,0.42298418918705444,0.024895214151296946
S01,S02,S02:30,open_hand,left,0.005444033472309792,0.0002201461834784392,0.0016150548463837351,0.9927207654978281,0.2797910689145889,0.0004684168314292825,0.13626484392350904,0.2150129708423365,0.05847263616542872,0.2558205525283803,0.05416951079432728
S01,S02,S02:31,neutral,still,0.021439058732255406,0.00144025130007038,0.9227733184865885,0.054347371481085795,0.22257208927486508,0.0019582996541057927,0.2547555168562981,0.07467973499548644,0.0760444823318715,0.34289970821000587,0.027090168677367243
S01,S02,S02:32,neutral,still,0.07016915137702416,0.043511201301248185,0.8337865821933562,0.05253306512837149,0.2166633694255887,0.002227649186931651,0.26799428121055424,0.07417142903391118,0.07907908397551876,0.33418642559772344,0.025677761569771963
S01,S02,S02:33,neutral,left,0.005792973701846177,0.00019495420216677543,0.9289242447271243,0.0650878273688627,0.4164897603698238,0.0004011779669024706,0.09517285218925214,0.16977907191242506,0.0619966415854277,0.11478195789476153,0.14137853808140724
S01,S02,S02:34,fist,right,0.5081222577709015,0.00035010445222235343,0.48649196480975804,0.005035672967118185,0.21631614545677122,0.003346446254326275,0.05240903032989944,0.1732676616166421,0.45905942792782206,0.00015591329146610154,0.0954453751230727
S01,S02,S02:35,index_pinch,still,0.0008339875924540984,0.7429034714206586,0.009790994920266383,0.246471546066621,0.1453749960119273,0.006939159981058832,0.3764831719571989,0.0499014810924781,0.09278273191138653,0.3155771883860354,0.012941270659914966
S01,S02,S02:36,fist,still,0.9946291856349404,0.005370814067837153,5.189287898666835e-11,2.45329487018928e-10,0.13564545936790748,0.00806393167460317,0.3847246380079394,0.044439840770635404,0.09806242052124352,0.31816129105515234,0.010902418602518699
S01,S02,S02:37,fist,still,0.9877037903558549,0.012296179981447863,3.99108816901829e-10,2.926358834507813e-08,0.10979162514874868,0.007828659460249689,0.3658158238357921,0.05018551354886757,0.12476045630414141,0.3321303962489327,0.009487525453267852
S01,S02,S02:38,fist,forward,0.38734070218576194,0.10258953255944125,0.4886279904584614,0.02144177479633551,0.22616428175189077,0.017503757223880038,0.3606687445575978,0.09082391478229503,0.15073282156159704,0.12746876758833173,0.026637712534407446
S01,S02,S02:39,index_pinch,right,0.0028607499857423373,0.40961299314941124,0.5864970691171657,0.0010291877476808807,0.14981631641713922,0.00362554408363861,0.09201233277684277,0.20136177802896713,0.3367666795615765,0.09660248922984728,0.11981485990198854
S01,S02,S02:40,index_pinch,still,0.007578220126576278,0.9119285071072478,0.06913039395249902,0.011362878813676897,0.09471026801196973,0.003472566183478912,0.2536562356958701,0.08249686966289599,0.0738510930657931,0.4807767041155251,0.01103626326446712
S01,S02,S02:41,fist,still,0.9959558387426551,0.00149293772821162,0.00044215081370846415,0.0021090727154247702,0.09944185148043194,0.0029322907058347415,0.24289101066480956,0.08091244213629543,0.07640486748162555,0.48605580415439203,0.011361733376610833
S01,S02,S02:42,fist,left,0.9995319363471266,0.00045345700103056533,4.702166220279871e-08,1.4559630180700138e-05,0.058412875887405645,0.00023784884883608395,0.04931125012536878,0.455267390571269,0.07562370681128595,0.3453797661979418,0.015767161557892633
S01,S02,S02:43,neutral,backward,0.015930807417303374,0.04944911026444871,0.8199717767326101,0.11464830558563788,0.2119377893886166,0.002169475792829699,0.2391665055782176,0.17587668018444283,0.10159465494851605,0.23276399809267664,0.036490896014700694
S01,S02,S02:44,index_pinch,still,0.015217078974380719,0.9812830510721465,0.003259283967505578,0.00024058598596695202,0.10683464892163698,0.0008966009444669404,0.15176436044344954,0.15567612248039056,0.07064365588745193,0.49798976283850954,0.01619484848409446
S01,S02,S02:45,fist,forward,0.9999522276347653,4.7761616119129645e-05,8.083915642488491e-11,1.0668276374153584e-08,0.16786157205560145,0.010330627996645156,0.3908586272193432,0.07971943094658361,0.14710492288920435,0.1896399577667233,0.014484861125898788
S01,S02,S02:46,index_pinch,still,0.00044321223957762826,0.9979877065745183,0.0013551678956438395,0.00021391329026013885,0.1398423869313127,0.000343057973522956,0.10410952770020852,0.22100864364364256,0.04682756194520952,0.4598606020445278,0.02800821976157587
S01,S02,S02:47,index_pinch,still,0.0006418726979916495,0.9993052482229704,5.1439409481454055e-05,1.4396695564374163e-06,0.08497141430606742,0.00023940614268918973,0.07799591071108913,0.22224233469522123,0.051597706387181176,0.5438510150364245,0.019102212721327293
S01,S02,S02:48,neutral,left,0.0019776468290598585,0.0988310328829556,0.8976125594500249,0.0015787608379596984,0.08987739903166563,0.00024042578123186712,0.029741894208204663,0.5789962680602544,0.16011818059718438,0.11690002057276494,0.02412581174869426
S01,S02,S02:49,neutral,up,0.052147443579061814,0.3640372965357666,0.5777568106690257,0.006058449216145856,0.06599970641816198,7.328029440427357e-05,0.013162239896313743,0.2857850466264521,0.02838060776472054,0.0009176825283149252,0.6056814364716324
S01,S02,S02:50,fist,still,0.9632408877804585,0.03674413572047442,1.01572678825386e-07,1.4874926388183685e-05,0.1933149593976633,0.0030078574147800103,0.2907730068788809,0.07914109167882928,0.06786650290235914,0.34530200094555524,0.020594580781932128
S01,S02,S02:51,fist,up,0.36524285184264266,0.44726384220344345,0.14595603034198662,0.04153727561192724,0.22982570981320924,0.00010093949666910556,0.0029906125016703044,0.0023719869898898255,0.00014009376230743537,2.46777881671208e-06,0.7645681896574374
S01,S02,S02:52,open_hand,still,0.0057978321659646476,0.02232757178953264,0.027520182852471098,0.9443544131920317,0.160136139227831,0.0029173468828194537,0.2746161037280544,0.11327025900754902,0.12473411129138494,0.3061670295429213,0.018159010319439933
S01,S02,S02:53,fist,still,0.9994915602386191,0.0005075077159984061,1.798848976897073e-09,9.302465335542227e-07,0.14479064899195812,0.0037664064655073847,0.29792006541075405,0.06760279371016796,0.08568181091708287,0.38575906750471284,0.014479206999816687
S01,S02,S02:54,fist,down,0.9999493347284062,5.065484311779865e-05,1.1238446484098964e-12,1.0427352202367887e-08,0.0036432528840393426,0.9681432434669187,0.024563128753097,6.034177890817999e-06,0.003223144731442685,2.1268393018981763e-05,0.00039992759359242105
S01,S02,S02:55,index_pinch,still,0.023419969485795365,0.9758039780442832,8.343151080507328e-05,0.0006926209591163335,0.14704168038391643,0.00036924263996010996,0.10927099111241083,0.1808438441315859,0.032106531152807975,0.5022928390764795,0.028074871502839358
S01,S02,S02:56,neutral,backward,0.013391819087069762,0.016842483569028288,0.9559451578026493,0.013820539541252652,0.3214317885844695,2.1100837620777685e-05,0.024832706684017995,0.2569046487149741,0.010018604023958334,0.13857912050963975,0.24821203064531958
S01,S02,S02:57,index_pinch,forward,0.10298859787392527,0.5893991710632686,0.014273853406947498,0.2933383776558587,0.21333385648086756,0.014272338231403184,0.4076638463904037,0.06244572160134393,0.09061679962745485,0.19277262980217028,0.0188948078663565
S01,S02,S02:58,index_pinch,left,0.07910141191896139,0.7367936225406481,0.17621492027554778,0.0078900452648428,0.16038074490173546,7.247184204083793e-05,0.04252303412331317,0.4557458825410465,0.09184796719656392,0.20284520573330092,0.046584693661999216
S01,S02,S02:59,neutral,still,0.016426387091757935,0.008966341912502855,0.917776829817199,0.05683044117854011,0.15001882951034543,0.0006887590576131825,0.1505853730974807,0.1852224627690606,0.06904437758666342,0.4194695764235897,0.024970621555246913
S01,S02,S02:60,open_hand,left,0.003482819543626265,7.36548403583725e-05,0.0002856503557558065,0.9961578752602596,0.5335569588789932,6.0560145161405096e-05,0.039631873729402696,0.14964486645118025,0.007413371683931062,0.09962476929077674,0.17006759982055453
S01,S02,S02:61,index_pinch,still,0.01153718960790173,0.9877520555994531,0.0004348631131875242,0.00027589167945757186,0.18270178827198058,0.0021277866693820056,0.2502013182589091,0.09092640072885015,0.06255173295404277,0.39058475177634394,0.020906221340491426
S01,S02,S02:62,fist,still,0.9999087633469218,9.123662420405867e-05,5.6230760331569515e-14,2.8817955536420846e-11,0.1282772107090552,0.003988199944936723,0.30057080424740096,0.08680573000338698,0.09337120586028069,0.37353590520923036,0.01345094402570908
S01,S02,S02:63,fist,still,0.9989770848636006,0.0010226612831128886,1.2596696030865377e-10,2.537273195240837e-07,0.15033710252793855,0.0009703041307359685,0.1400464573470578,0.19634361165678482,0.05215229041786796,0.4360722353529001,0.02407799856671484
S01,S02,S02:64,fist,backward,0.6137063072697703,0.09582097309221016,0.27106242387745433,0.019410295760565313,0.2131299480352837,0.001313312574436604,0.16484940998166284,0.3171800027345699,0.08133835393387748,0.1846135997165148,0.037575373023654705
S01,S02,S02:65,index_pinch,right,0.022964946206083723,0.9394687431728452,0.007258912479826512,0.0303073981412444,0.1066756056730173,0.00968678161040048,0.1346449314789878,0.08813677149240624,0.44843286063002624,0.1550424734955399,0.05738057561962199
S01,S02,S02:66,neutral,forward,0.0010742682672009892,0.0039911101758926875,0.9890483570291306,0.0058862645277755815,0.14637138443586603,0.04607920959147229,0.3775903677881023,0.06722179704994892,0.14203670801259005,0.2089001731749883,0.011800359947032116
S01,S02,S02:67,open_hand,forward,0.01882281372431596,8.834999457596795e-05,1.8441342157692517e-05,0.9810703949389503,0.47768823523266496,0.0025704141066385713,0.22523002280838297,0.047802756824268815,0.03735801876712803,0.1386186008199532,0.07073195144096357
S01,S02,S02:68,index_pinch,still,0.007147894756994365,0.9928447661922141,6.798066970057439e-06,5.409838212525193e-07,0.07441857977733306,0.00034306233464112307,0.07999479840404254,0.20193735472405194,0.0508009545458307,0.5749745055688388,0.017530744645261914
S01,S02,S02:69,open_hand,up,0.006096706153931566,0.0013580739588440144,0.0001725768738294269,0.992372643013395,0.03262155113035323,2.1793571509053195e-09,6.023493174058022e-06,0.0011504455033795906,3.5302830591214386e-06,4.4728802965435634e-05,0.9661737186077115
S01,S02,S02:70,neutral,still,0.008074035247284268,0.00038111446356720686,0.9603236356508636,0.03122121463828483,0.08691876539061016,0.0004598009122885,0.10754017323753522,0.20661268281262588,0.0828226305864812,0.49935164923840286,0.016294297822056197
S01,S02,S02:71,fist,still,0.6692439872023845,0.29495458437396466,0.015843448750732455,0.019957979672918347,0.0894985441165677,0.0007929802989975508,0.13671702587790235,0.17640624184203216,0.08013030169971147,0.5013060872159718,0.01514881894881695
S01,S02,S02:72,open_hand,up,0.0021104836415874457,1.0381984973660295e-05,1.943070400997525e-06,0.9978771913030379,0.037966210749520855,4.512225533627344e-09,1.1141267733771955e-05,0.0042249044674981156,9.41544504039019e-06,0.00013318479086372198,0.9576551387671177
S01,S02,S02:73,open_hand,still,0.011366042474117191,0.011361870412829768,0.2649483941401824,0.7123236929728707,0.1096574601713066,0.00011920365692206527,0.05775420302656554,0.34477824594780343,0.042210356762023955,0.4126275308742124,0.03285299956116593
S01,S02,S02:74,neutral,still,0.014862833833878855,0.8268041965159153,0.14931812566347005,0.009014843986735771,0.06873637325193777,7.383097129418336e-05,0.03917047171520687,0.33481758290544467,0.043756496005797986,0.48854819260795396,0.02489705254236471
S01,S02,S02:75,fist,still,0.9990929452884049,0.0009070546799535414,2.102620260009713e-12,2.953897410951807e-11,0.1230574495244618,0.00030269696376836126,0.09116493710844548,0.23089845876196757,0.047088923400815885,0.4824680638632248,0.02501947037731615
S01,S02,S02:76,open_hand,backward,0.001020818535112545,0.0003680956565339937,0.0019057687832287598,0.9967053170251248,0.48705981852907754,0.000943016241328851,0.13778825102656747,0.1265686384337287,0.04260213318510517,0.10513071739387163,0.09990742519032075
S01,S02,S02:77,open_hand,still,0.054757724584957514,0.0018982181819714595,0.00025068634684134315,0.9430933708862296,0.18885443603352484,5.48257645721263e-05,0.04343176601964993,0.32791386172374587,0.016384072122342427,0.35105108872077523,0.07230994961538957
S01,S02,S02:78,neutral,still,0.013216474969960035,0.0064970610321267,0.949496734149817,0.030789729848096154,0.07905214535353063,4.101417089484997e-05,0.02833939350884708,0.42053823488562286,0.035354340042589256,0.39978880895087077,0.036886063087644624
S01,S02,S02:79,neutral,backward,0.005523877856809051,0.007489227179644054,0.9524523675181743,0.03453452744537252,0.1317547727083956,0.0005331006101054257,0.1285466370419549,0.27165543130166503,0.09815523509251693,0.3447009338034575,0.024653889441904563
S01,S02,S02:80,neutral,right,0.01978084564885145,0.5066735148150942,0.47120741404271066,0.002338225493343861,0.09410900550401369,0.00945976544535601,0.09050676214744603,0.15025762903364454,0.5321924897541569,0.05563869552498917,0.06783565259039359
S01,S02,S02:81,open_hand,up,0.09611066207777874,0.0775334800837663,0.0853619697631397,0.7409938880753152,0.25036789702557233,0.00032804650468246853,0.006842811586052305,0.0015476739060459816,2.2068260890985074e-05,1.9323655841665387e-05,0.7408721790609144
S01,S02,S02:82,fist,down,0.9583827116966518,0.0012660626651965622,0.0009147570513962868,0.03943646858675522,0.016165353640484256,0.9159582154721019,0.018330051321725552,0.00036581379335515386,0.04736759786592435,9.401590227726472e-07,0.0018120277473860854
S01,S02,S02:83,open_hand,still,0.006572052630921975,0.0021666490995239547,0.00011242838984854096,0.9911488698797055,0.2722532098583786,0.00010701954652934244,0.06654478672942309,0.2359166708638575,0.013322703657844484,0.32953664586020065,0.0823189634837664
S01,S02,S02:84,neutral,down,0.022242346071910057,0.010970709500519373,0.9483466422809345,0.01844030214663622,0.015064979891059234,0.9537031721520813,0.027422450229792825,2.216683154434787e-06,0.0015480776654611822,6.9249246579000525e-06,0.0022521784537932275
S01,S02,S02:85,open_hand,still,0.018860459367031738,0.00038697115290387186,0.01291296644752188,0.9678396030325426,0.10490285835320663,0.00025062280156110133,0.06579435198260435,0.42571358820210925,0.05952046833010569,0.31733861322278323,0.026479497107629844
S01,S02,S02:86,neutral,still,0.0009578844218366287,0.010701718642160433,0.9630661167649647,0.025274280171038322,0.09099097864047599,7.762816191678281e-05,0.03982216296896901,0.3905196302407809,0.039483272494445526,0.40432837915347997,0.03477794833993197
S01,S02,S02:87,neutral,right,0.09820774168611665,0.40634620740516414,0.4847942507989868,0.010651800109732374,0.09244764548851285,0.047550100362500694,0.16521208021918582,0.07246291074546488,0.4483523268111407,0.1169122498941844,0.0570626864790106
S01,S02,S02:88,fist,still,0.9996321916119335,0.000367682209178479,1.5438653480848338e-10,1.2602450155177275e-07,0.13417818639483162,0.0014802770507547018,0.18185973451510384,0.15799978181793148,0.06472676580179511,0.442868456633496,0.01688679778608719
S01,S02,S02:89,index_pinch,left,0.22976839624949874,0.7439882403767859,0.02459774114630865,0.0016456222274066812,0.18937321493972417,0.001669264765722902,0.14559334130691415,0.2383165613189605,0.12078919217705757,0.2858541711974845,0.018404254294136203
S01,S02,S02:90,index_pinch,still,0.00841038796993596,0.9911568180695324,5.7545548171410525e-05,0.0003752484123602669,0.14029990154569738,0.0020577470235736118,0.22851284454914375,0.10402045956387411,0.07925259242572087,0.4300714959931167,0.01578495889887355
S01,S02,S02:91,open_hand,still,0.01567540363325935,0.00024186116119508477,7.126723486525453e-05,0.9840114679706803,0.19568856064101312,0.0012627701086792963,0.2073922837363947,0.12753501391732505,0.059436937661602234,0.3814916555515206,0.02719277838346508
S01,S02,S02:92,open_hand,still,0.019263273092067434,0.011204290752331494,0.01886460132957728,0.9506678348260239,0.15654686778774415,0.0005993982734120835,0.1433950176076663,0.23779040827826048,0.07577410987164829,0.35745617074678,0.028438027434488682
S01,S02,S02:93,index_pinch,still,0.00010617804915070171,0.9993831989652485,0.00014541314679828877,0.00036520983880253873,0.08934253684906263,0.0006364759876003444,0.12228435122807717,0.1649573811849143,0.06823903390801372,0.539905818473489,0.014634402368842813
S01,S02,S02:94,open_hand,down,0.010271951991906648,0.009644074402519017,0.0017099184188989116,0.9783740551866753,0.008188338287757274,0.9445337962815704,0.042163957783340734,1.1116809151234925e-06,0.004468925381419654,5.8845671248336615e-05,0.0005850249137484321
S01,S02,S02:95,index_pinch,forward,0.004754545561791512,0.978267889437053,0.009072260750863677,0.007905304250291923,0.10443633625939756,0.0059862131907412386,0.2620769152344463,0.1225919795487352,0.21498300877347556,0.2780533651546248,0.01187218183857936
S01,S02,S02:96,index_pinch,down,0.05797471842735402,0.8824567386571104,0.05913012680607502,0.0004384161094605182,0.16879040955781266,0.6890571764529465,0.06317870064862467,0.004962932915521803,0.04381175757012262,2.15618063326429e-05,0.0301774610486391
S01,S02,S02:97,index_pinch,still,0.049607694628394094,0.6680852311890764,0.12900758201638374,0.1532994921661458,0.11569232527424489,0.0001487655333273616,0.06654775510652866,0.31352858653157156,0.04749267294131382,0.42579915255141576,0.030790742061597945
S01,S02,S02:98,fist,backward,0.9930214596602257,0.006978385396316938,1.1050897619681081e-07,4.443448088876887e-08,0.262493624205748,0.00017684162447914736,0.055812280074704075,0.4094025622454134,0.02349294859561193,0.12316651745522435,0.12545522579881915
S01,S02,S02:99,index_pinch,up,0.03921718819239012,0.279484761004618,0.6334018111818475,0.04789623962114442,0.19253739015314664,0.0006935252191192335,0.05303639710445962,0.06972560848091781,0.0018013738880650228,0.00036652367516598513,0.6818391814791256
S02,S01,S01:100,index_pinch,still,0.00214557441569463,0.9959064690296865,0.0016338496646442855,0.00031410688997456207,0.13348201291003878,0.006004429014952979,0.31610857932466735,0.08873043003796466,0.06905607133200355,0.3854104067909087,0.0012080705894641347
S02,S01,S01:101,fist,still,0.9964670823804608,0.003532793303740572,1.4686829704605887e-08,1.0962896883562963e-07,0.11526728214968063,0.005810130332774897,0.28466403673983354,0.07976952953312076,0.08807513242542742,0.42532878197901414,0.0010851068401486403
S02,S01,S01:102,neutral,right,0.26084263590704876,0.20471377554644352,0.5333594675996444,0.0010841209468633874,0.01315266000842001,0.02086160660152429,0.23349596771353964,0.08784818113416255,0.6142689967049586,0.02918644471963776,0.00118614311775704
S02,S01,S01:103,neutral,up,0.105351521172105,0.48747946973917017,0.10377146251993996,0.3033975465687849,0.1391577699511458,0.007176370912385372,0.08508904916375716,0.17316591066425174,0.06234712830278552,0.000137995192685029,0.5329257758129894
S02,S01,S01:104,open_hand,still,0.018460949674246538,0.007759219069483376,0.3075723988918383,0.6662074323644318,0.22658732667141623,0.004442783809885819,0.42692666035858123,0.16663989052632158,0.02085370350637834,0.15312201374896006,0.0014276213784566655
S02,S01,S01:105,index_pinch,still,0.10717698682973387,0.8593459615848077,0.03196464196042436,0.0015124096250340698,0.16319910165862853,0.0034386549896626675,0.2734690550333687,0.1097628961945476,0.041827537457942286,0.4072428064703954,0.001059948195454867
S02,S01,S01:106,neutral,still,0.02135023456100769,0.013774793038610995,0.9613401130979323,0.0035348593024490064,0.16469151751294128,0.002972231761474557,0.2671627060323178,0.11483287903833082,0.046075439694975774,0.4032698084763748,0.000995417483585017
S02,S01,S01:107,fist,right,0.9844112449930386,0.004971511601279863,0.0002736746547206243,0.010343568750960862,0.013989376143149088,0.23592423971166634,0.32552237363079545,0.03541361063491797,0.3130407853996399,0.07539885382773022,0.0007107606521008894
S02,S01,S01:108,neutral,down,0.04174433277682659,0.030165149434073644,0.9252096936606038,0.0028808241284960056,4.707433057171237e-08,0.9941729148199042,0.00348791137242838,3.7023069596928985e-07,0.002230211997978391,4.367688979956726e-06,0.00010417681568237408
S02,S01,S01:109,index_pinch,still,0.5100766754093494,0.36479595603832343,0.09519659508728691,0.029930773465040264,0.08465219625221639,0.004783518681214706,0.06462173478458161,0.053073494495486234,0.16228149946920736,0.6279417704522124,0.0026457858650813116
S02,S01,S01:110,index_pinch,right,0.021062581005012033,0.3814398462820523,0.5863758970145901,0.011121675698345485,0.10292204583719668,0.12289049522312873,0.28544568046578084,0.13893876985128825,0.27008593258169344,0.06544865254747381,0.01426842349343819
S02,S01,S01:111,fist,still,0.998794221621158,0.0012054383869758909,2.1878158604924303e-09,3.378040502209332e-07,0.058518586882075334,0.02631957336030726,0.2963114334030899,0.08554845916569086,0.2525822501062798,0.27844693293347084,0.0022727641490860127
S02,S01,S01:112,index_pinch,still,0.0007740953880047562,0.9978362401669149,0.0012052840646116904,0.00018438038046874878,0.06692970481529843,0.008918241013956886,0.2185760526991168,0.04533704497325567,0.2526339176490158,0.40645909654261425,0.0011459423067421506
S02,S01,S01:113,index_pinch,backward,0.15511778363087061,0.42073839835157334,0.4220995786767439,0.002044239340812034,0.1490911111286686,0.011439701269419034,0.08364682341986206,0.2033623658740382,0.44526587998446704,0.09905591608459154,0.008138202238953592
S02,S01,S01:114,index_pinch,forward,0.04058863181413705,0.8969300037403626,0.0446057057831356,0.017875658662364808,0.07595706738140952,0.026740428453135383,0.690093681474328,0.07296497304320211,0.024624428406568116,0.1087855629961438,0.0008338582452131021
S02,S01,S01:115,neutral,forward,0.07411929453401424,0.07684102201699221,0.843906277720266,0.0051334057287274176,0.07531230004058025,0.01743875421533584,0.5344873526678658,0.07114947521980002,0.22194768223014424,0.07807987040997014,0.0015845652163036827
S02,S01,S01:116,index_pinch,still,0.0026698806160264034,0.9953687649323671,0.0010487814372084432,0.0009125730143980239,0.2303998659687635,0.0016452936410783726,0.04563748847249158,0.14186905366386215,0.015937339702935233,0.5598305836897626,0.0046803748611065855
S02,S01,S01:117,fist,still,0.9995558444652776,0.0004434827225607259,5.438412161176756e-07,1.2897094553305608e-07,0.26258866097835104,0.0034651477141651563,0.0633139345327047,0.21531311473391757,0.014467377689216456,0.43233092738079915,0.008520836970845819
S02,S01,S01:118,index_pinch,still,0.02337449338479959,0.9634106926214553,0.008175961427588462,0.0050388525661567,0.2075922975031074,0.001881771411947953,0.035187089341089516,0.12540759350010153,0.022925908993459813,0.6008169008774048,0.006188438372888847
S02,S01,S01:119,index_pinch,up,0.12537456406092687,0.5907983983692211,0.16719726742205196,0.11662977014780006,0.00485773413738685,0.00048571859343486294,5.042765583851713e-06,0.009932623069212727,2.943846724598985e-06,0.013397195789225845,0.9713187417984313
S02,S01,S01:120,open_hand,forward,0.022395697660138835,0.1161185996534393,0.11683399405838417,0.7446517086280376,0.06763090600112841,0.02799161187993914,0.7866009136179247,0.09042501415383623,0.007584138782098057,0.018245957381432067,0.0015214581836414942
S02,S01,S01:121,open_hand,up,0.000691182099542046,0.00031097118342410967,0.00016608622428833237,0.9988317604927456,0.0144896711706513,0.00032282099788329756,1.177945384901859e-05,0.033128826556745726,3.6132942074229985e-07,0.011100687856707684,0.9409458526347422
S02,S01,S01:122,fist,still,0.9974227659670744,0.0025770150411226146,1.6092012999131719e-09,2.173826018306998e-07,0.17188197463559265,0.005671154450165055,0.17992285406327488,0.10998163874261259,0.05089335691252469,0.47916679179066746,0.0024822294051627
S02,S01,S01:123,index_pinch,left,0.08985599531386486,0.8946864929829511,0.0146391762696685,0.0008183354335153602,0.24501331438371032,0.008562876422962624,0.07461044672201692,0.252020230247406,0.2683126157138998,0.1344462032782319,0.017034313231772596
S02,S01,S01:124,index_pinch,right,0.2512458548660564,0.6682316220260592,0.045842348916482804,0.03468017419140152,0.02843895962087442,0.21990857323317134,0.1968809687063476,0.020807199062650977,0.37123632368493725,0.15985216695518598,0.0028758087368323713
S02,S01,S01:125,neutral,still,0.03432556954141281,0.2463362154971179,0.6371800342467253,0.08215818071474394,0.07417339343057229,0.006993328221833872,0.14790975818580684,0.049663693094286344,0.23320802426108178,0.4866104783099437,0.0014413244964752209
S02,S01,S01:126,index_pinch,still,0.009338963519730476,0.9897000408895044,0.0007584316078981856,0.00020256398286683445,0.12268414465859201,0.005976158383150494,0.2164045507872019,0.07352864149469684,0.0776134816135406,0.5023129586264928,0.0014800644363252675
S02,S01,S01:127,index_pinch,still,0.005002657590990085,0.9930265307849558,0.0010984070530812252,0.0008724045709727515,0.11227779841908807,0.007840592339238001,0.20500881163990506,0.06904231439988706,0.11833528067945841,0.4856393985931439,0.0018558039292795089
S02,S01,S01:128,fist,backward,0.9978277764486497,0.00198617475283703,6.784357176179266e-08,0.0001859809549415166,0.430624476371588,0.010835642799316264,0.06696153581989756,0.39537764224610594,0.005646206801807552,0.05732977380788801,0.03322472215339678
S02,S01,S01:129,index_pinch,up,0.0036688662635310076,0.978458253359617,0.012043499965878232,0.005829380410973806,0.063129538339656,0.054449644114521606,0.70228084941164,0.06053598415288514,0.038055016445227234,0.08095767536397662,0.0005912921720933572
S02,S01,S01:130,fist,still,0.8947014125584308,0.095497438768975,0.0022954798895114177,0.007505668783082723,0.13456718937034237,0.01165624896152845,0.24790704016653076,0.11690550867469363,0.07688357783019195,0.4094259699551331,0.0026544650415797366
S02,S01,S01:131,fist,still,0.9151893890516068,0.08480527679692029,1.282367531872099e-06,4.051783940877626e-06,0.11328216690179711,0.011800155010907446,0.20824474096323967,0.07673090143928558,0.12870668939160487,0.4585699854552277,0.0026653608379375963
S02,S01,S01:132,neutral,still,0.08582973925535964,0.08010242275692549,0.8127183493835769,0.02134948860413798,0.07580682330779015,0.005523979117748927,0.1414178264698148,0.05009816632010176,0.19785830873823898,0.5280415926086018,0.0012533034377036033
S02,S01,S01:133,neutral,down,0.04138299317180118,0.26987088291484257,0.6775527563964813,0.01119336751687493,0.001754453185081461,0.697073603201351,0.24620261958477122,0.0003521135656410609,0.049913626776669856,0.00027268336730054433,0.004430900319184919
S02,S01,S01:134,fist,left,0.8982440518235663,0.10173987914257208,5.159018737166619e-07,1.555313198796498e-05,0.24440062736864188,0.004315996176561188,0.03259683339045957,0.47127343945700967,0.00481761500870671,0.23319181314839624,0.00940367545022477
S02,S01,S01:135,open_hand,down,0.021101005240801638,0.13900209328631305,0.08113008820926114,0.7587668132636242,0.00010232962133658407,0.6830447566596624,0.31555407112307987,0.0010238646661690953,6.814074949446818e-05,0.00012577047623583395,8.106670402176194e-05
S02,S01,S01:136,index_pinch,backward,0.12586800190007966,0.574966285373762,0.2679176838341562,0.031248028892002122,0.23325931107413758,0.026437474235400577,0.022338155868842968,0.24290929325093572,0.3052701450015127,0.01956782368071517,0.1502177968884552
S02,S01,S01:137,fist,forward,0.7827643648915993,0.006028881013247033,0.12153523140680306,0.08967152268835048,0.07748957108372717,0.038819697751294714,0.6889446207623702,0.10212969433763863,0.0165804192177733,0.0730913727067891,0.0029446241404069147
S02,S01,S01:138,index_pinch,forward,0.015803188330053213,0.8331595536919493,0.06425410189688234,0.08678315608111518,0.09713434040924122,0.004401452398354374,0.6997519767169079,0.09488248343748663,0.011701331451512134,0.09176081587903223,0.00036759970746547783
S02,S01,S01:139,neutral,still,0.1020002929937381,0.012311176621974729,0.8049571527539121,0.08073137763037504,0.2534316684747071,0.0018413408391536221,0.12044375542366337,0.18315102903124172,0.0233896971392874,0.41531190159752107,0.0024306074944257677
S02,S01,S01:140,fist,still,0.9915828712614826,0.008415253113223563,5.677551624522999e-07,1.307870131559512e-06,0.1470433804382638,0.0036120213469880095,0.07004365721102115,0.0968039450524845,0.05814063196233744,0.6208504859917144,0.0035058779971906106
S02,S01,S01:141,neutral,still,0.02599577297969266,0.008635940668268357,0.9634260119760905,0.0019422743759485534,0.1197607907610612,0.002846323508887104,0.04563189992359906,0.07437856159372201,0.08757762347190805,0.6662277422297955,0.0035770585110270017
S02,S01,S01:142,neutral,left,0.029294933994782568,0.018438039369804014,0.8956902481579877,0.05657677847742577,0.24076475645460618,0.004364109136051647,0.14020148524140993,0.3940656180730136,0.007455081770422989,0.20896210731376075,0.004186842010734921
S02,S01,S01:143,fist,down,0.6737976845423818,0.226050685004492,0.045944009072096954,0.05420762138102924,1.129071030635344e-06,0.9801165753522065,0.01937880405262973,6.385459400444403e-06,0.00034675127984253664,2.298311207223854e-06,0.0001480564736828109
S02,S01,S01:144,open_hand,still,0.010611100400997527,0.010389947830608095,0.09642781551810077,0.8825711362502936,0.22638783916779562,0.006068171347861029,0.15684162786451478,0.1880169858134986,0.04884783507758387,0.36873128785888426,0.005106252869861878
S02,S01,S01:145,open_hand,still,0.03139779251814263,0.08406300297345488,0.02068309534737006,0.8638561091610324,0.2519318673554953,0.003952322078359342,0.19344299343777516,0.17831207282753234,0.01781001738415304,0.3518437648621677,0.0027069620545171727
S02,S01,S01:146,neutral,still,0.01938653088039824,0.012408928461033107,0.9538255675781525,0.014378973080416127,0.14102232418264346,0.003041431594714237,0.0979403348701164,0.09030300144619385,0.07828422502418463,0.5872437706428902,0.0021649122392570805
S02,S01,S01:147,fist,up,0.7439164096241576,0.12542808864565738,0.11095932513322954,0.019696176596955727,0.07333639209144825,0.004954530792780858,0.000834367197871081,0.017330450543820427,0.0006538239998268824,0.0010298768335942371,0.9018605585406583
S02,S01,S01:148,open_hand,backward,1.7785920439600183e-05,9.026356787605415e-05,4.115828856854579e-08,0.9998919093533957,0.40303621396961514,0.010611166442546683,0.08817243235802869,0.39040118664908835,0.0583118605504355,0.039078984051670373,0.01038815597861526
S02,S01,S01:149,open_hand,still,0.011287313042982833,0.0036069875342452824,0.05467063271923641,0.9304350667035354,0.22026854570707774,0.006460301675995779,0.32561940699022296,0.3228705440704385,0.009198949525071958,0.1132627636583039,0.002319488372889126
S02,S01,S01:150,open_hand,still,0.011455749302143464,0.009060717886389475,0.000438565167559726,0.9790449676439074,0.2302600686700226,0.004322123509484,0.2484761013658536,0.28931424380722354,0.010824103209037789,0.21474610385171913,0.0020572555866594133
S02,S01,S01:151,fist,still,0.9706824474872043,0.02931249746645424,3.5119987296181404e-07,4.703846468470467e-06,0.21498140028284787,0.0038174316856255815,0.1397010105638378,0.20570783758535294,0.029494897061694322,0.40317971927327023,0.0031177035473712576
S02,S01,S01:152,open_hand,still,0.042506680763582654,0.003510953764574224,0.28252442149718965,0.6714579439746534,0.29727018368391905,0.003762197303482343,0.16577833721802634,0.27143825825921847,0.01860164755340032,0.23914788831014708,0.00400148767180646
S02,S01,S01:153,fist,down,0.630571047577381,0.3691405375028029,7.236286104000069e-07,0.00028769129120573847,2.1241184062161158e-07,0.9943166736485178,0.0037044534486734993,1.1189825177100398e-06,0.001952306094385233,3.593186848048019e-06,2.164222721703006e-05
S02,S01,S01:154,neutral,up,0.02164511685351889,0.16682049500985366,0.4518008691148783,0.35973351902174916,0.035572594653441515,0.0004998688781053995,4.569058033014495e-05,0.010774426972996692,1.5737006496327048e-06,0.0031156914663772925,0.9499901537480993
S02,S01,S01:155,open_hand,backward,0.003037111491291809,0.006006622251862329,0.00100942474938229,0.9899468415074635,0.4913232036118904,0.004403714242764581,0.0755647340280855,0.34288289425584856,0.0015365326522426513,0.05103317950550318,0.033255741703665166
S02,S01,S01:156,index_pinch,up,0.010996566962944494,0.06594800848072152,0.00042184096833692246,0.922633583587997,0.4027744526355915,0.0020432111345946146,0.0011938688993103554,0.05345679232227802,0.000251035889156983,0.0017398909825493475,0.5385407481365192
S02,S01,S01:158,neutral,still,0.01686307998926113,0.004363957138893444,0.9718007067323507,0.006972256139494796,0.10093863940178797,0.004009268845601643,0.08239210336248108,0.06585649067418771,0.13705213797217952,0.6075264495287213,0.0022249102150408893
S02,S01,S01:159,index_pinch,still,0.0048658807209668595,0.9790327538425498,0.008821118425270448,0.007280247011212853,0.062209398322662084,0.014619860911927308,0.4551319199444284,0.04312930746350784,0.14063168307199336,0.2834667802023987,0.000811050083082231
S02,S01,S01:160,fist,still,0.9984134346021557,0.0015825005516072186,1.1858876441955467e-08,4.05298736072426e-06,0.05351248284491215,0.02216671399576405,0.33407415025519277,0.04443491726034488,0.307761141825631,0.23647222732081144,0.0015783664973435657
S02,S01,S01:161,index_pinch,still,0.0008860654035628242,0.9957183415647356,0.0015072514758743955,0.0018883415558272635,0.05323446313681812,0.010889599441505365,0.3311167994905883,0.04012587716735914,0.22276501009201422,0.34118164717885024,0.0006866034928646219
S02,S01,S01:162,neutral,still,0.4358480609198334,0.0854666475320653,0.4729145280760019,0.005770763472099409,0.031800501311946096,0.009896061090160507,0.18236190225634893,0.022344432666681863,0.3902757008401491,0.3626853049618097,0.0006360968729038419
S02,S01,S01:163,index_pinch,down,0.1447883184573514,0.8536338496464237,0.0015663418979741364,1.1489998250563067e-05,4.4106392956523844e-07,0.6361620359862289,0.004782519944942645,1.199086567362494e-06,0.35861860949053126,0.0004226920505111806,1.2502377289095978e-05
S02,S01,S01:164,open_hand,still,0.0032297551694786195,0.008851636756184241,0.0014676432024484088,0.9864509648718888,0.23565011563241609,0.010960180047858164,0.1671306612302439,0.31005770347361034,0.022560940378425726,0.24781351770312052,0.005826881534325188
S02,S01,S01:165,fist,left,0.9804718457142053,0.01675696330712032,5.777719326010535e-07,0.0027706132067419425,0.02989971740301946,0.016081333544412352,0.002482217160821976,0.03634807155158629,0.3721702928017561,0.46147968220566443,0.08153868533273939
S02,S01,S01:166,fist,right,0.6797443020210908,0.006677169528068371,0.3065199478171238,0.007058580633716963,0.12010698373698768,0.21595480616813612,0.1394592528679697,0.14864968111871205,0.24129487663098892,0.10977674687631529,0.024757652600890318
S02,S01,S01:167,neutral,backward,0.2884023390420023,0.21569272704399076,0.09914266190830412,0.39676227200570274,0.35221360494036946,0.005010845361440041,0.22832807778536843,0.29691988985072354,0.054095239840332626,0.0580100397436192,0.0054223024781466615
S02,S01,S01:168,neutral,left,0.026931272975398952,0.024751941109671355,0.7828084640266612,0.16550832188826864,0.24655494013128018,0.002841244819536483,0.011838134990637942,0.2980919548092162,0.3145349929198219,0.10008082650840118,0.02605790582110597
S02,S01,S01:169,fist,still,0.8337251963536555,0.1662742056407355,1.7891051565055407e-07,4.190950933524678e-07,0.24719875560929427,0.004340115963559834,0.2267564423812526,0.1538675025888357,0.03367822266676187,0.3312793141673121,0.0028796466229836872
S02,S01,S01:170,open_hand,down,3.96900106847149e-05,0.0015386423535904935,1.086513103246258e-05,0.9984108025046923,1.9385756825158917e-05,0.6706204840277095,0.12482260702815605,5.1048216201026906e-05,0.2034238021187531,0.0010319029059944558,3.076994636077494e-05
S02,S01,S01:27,neutral,forward,0.003832083827292798,0.15667727939698725,0.4131060604992374,0.42638457627648246,0.017380527610073134,0.053064913662229755,0.015785462511018828,0.006883102557362138,0.6572149135515432,0.23970318806170995,0.009967892046063008
S02,S01,S01:28,open_hand,still,0.04178675132979689,0.07993288994486587,0.024296005168015843,0.8539843535573214,0.0005419117341977353,0.022424632904384106,0.0015929634176291214,0.0005204372036027072,0.9177143596273675,0.05543678992576442,0.001768905187054484
S02,S01,S01:29,neutral,up,0.0051126404085578775,0.12903198207620992,0.865574207064236,0.00028117045099601616,0.00047137756206189137,0.0009921308202777287,8.508689362707014e-07,0.0022145356206625666,9.895057695517259e-08,0.0008883637878749962,0.9954326423896095
S02,S01,S01:30,fist,still,0.6518230064672864,0.07482700897973073,0.26404756591230844,0.009302418640674427,0.0023786342308623016,0.17162332148973203,0.0051209578061427565,0.006871472917079884,0.62874761316759,0.17241143332525158,0.012846567063341488
S02,S01,S01:31,open_hand,still,0.0004537886434682686,0.0008737235120320298,4.72531972420096e-05,0.9986252346472577,0.0005455384262006032,0.017991164524067387,0.0023582772427293863,0.00042946828315355845,0.8995639750092453,0.07823496269283357,0.0008766138217701875
S02,S01,S01:32,open_hand,still,0.0004923061852314218,0.007045455172434331,0.00039618610278062665,0.9920660525395536,0.0006491794204642832,0.013612380110763775,0.0035407136651025004,0.0006044400539829835,0.9045069546550774,0.07649606590861865,0.0005902661859903483
S02,S01,S01:33,index_pinch,still,0.0005077512732140256,0.9967926488295648,0.0026787703835114388,2.082951370983469e-05,0.0003003993495330717,0.011443298395877141,0.0015846578281200065,0.00021408865332813893,0.9192236506265798,0.06676228353587184,0.000471621610689992
S02,S01,S01:34,open_hand,forward,0.09457627636381592,0.12340193480134498,0.6541244750483558,0.12789731378648322,0.0007915422468359289,0.0696383262604484,0.0073502118813674995,0.0007242141694347163,0.6338011874901733,0.28674007408629193,0.0009544438654482276
S02,S01,S01:35,open_hand,up,0.00038518370028684125,0.00012708098492323502,0.00026092110576053553,0.9992268142090294,0.0005149261074144389,0.0007156436499149325,6.181787993956855e-07,0.002013267607291046,5.4162735613968674e-08,0.0014663557396216388,0.995289134554223
S02,S01,S01:36,index_pinch,right,0.004091895508058208,0.968754782493999,0.02465234298852557,0.0025009790094171354,5.088824470169984e-07,0.6788944585125437,8.468605314225097e-06,1.158744292279897e-06,0.2660093194913966,0.00019922314279715575,0.05488686262120889
S02,S01,S01:37,fist,forward,0.6944940050594299,0.07789495188524852,0.11550430825335549,0.11210673480196603,0.00022008427917861618,0.31347330801749623,0.00024243649103605652,0.00016101313962853153,0.630052769739658,0.04215757131603685,0.013692817016965767
S02,S01,S01:38,index_pinch,still,0.05019723824684369,0.7809808249568188,0.16346900350216623,0.005352933294171341,3.1204916985632453e-06,0.2968034783450742,1.0281427455052837e-05,5.344969793370144e-06,0.6682756084071485,0.017125998211908997,0.017776168146921324
S02,S01,S01:39,neutral,still,0.027382195573630724,0.10001993771056217,0.6427433201373568,0.22985454657845028,0.014815184864429879,0.298628503198564,0.15322011775763142,0.013506181461653333,0.41034004573621474,0.10892723156971951,0.0005627354117871495
S02,S01,S01:40,neutral,right,0.24563654029947748,0.012142947042258155,0.7143936554193729,0.027826857238891237,0.025966080889027285,0.34485139457864045,0.09297181455937283,0.018727045696563454,0.3997053240473396,0.11529418062208306,0.002484159606973373
S02,S01,S01:41,index_pinch,still,0.000843235009266528,0.995074829908523,0.0014536168524978653,0.0026283182297126614,0.016873963196714505,0.04206207367294874,0.34631287451790715,0.015093788515980417,0.4028385034067397,0.1761232255596711,0.0006955711300383538
S02,S01,S01:42,neutral,still,0.011989509753697293,0.008608628691302756,0.9754017595559955,0.004000101999004408,0.010449288354982314,0.0172799288945413,0.2550317342209321,0.008807771903020852,0.5440031134468576,0.1641854306199199,0.00024273255974591843
S02,S01,S01:43,neutral,still,0.030444761380002423,0.05680786979583761,0.9057978325928522,0.006949536231307815,0.010890775678412875,0.018769909198242108,0.2919687027316414,0.008806177749026372,0.5156801478567473,0.15364449898082536,0.00023978780510451839
S02,S01,S01:44,fist,forward,0.9723582492041629,0.01236243359904615,0.00964513722803847,0.005634179968752373,0.08779783096309268,0.04271656087725161,0.43478467421092576,0.06955322514950082,0.1284044839953681,0.23390270898741136,0.0028405158164497048
S02,S01,S01:45,index_pinch,down,0.20091063590176206,0.34567262717107033,0.24042373648463725,0.21299300044253033,2.1211350074180103e-06,0.8867959838717576,0.11111229935321625,2.6155432308309803e-05,0.00027109351037074244,3.871402189737355e-06,0.0017884752951496704
S02,S01,S01:46,open_hand,still,0.006798559496842113,0.003821365227296321,0.0258896856360586,0.9634903896398029,0.04148004549688354,0.016501851103354993,0.4684727527391603,0.035318430126547645,0.24829283546987183,0.18928540494666893,0.0006486801175127539
S02,S01,S01:47,open_hand,up,0.008486831372433223,0.017483087075293613,0.03611334856588507,0.937916732986388,0.15243023028059344,0.009667905817899702,0.06680820041613039,0.02962329814550231,0.01790987966239339,0.020615561172699668,0.7029449245047811
S02,S01,S01:48,neutral,forward,0.3848605310730109,0.11730027430690972,0.47776891724565934,0.020070277374420104,0.023867965712473623,0.021242918162687096,0.36512683738830126,0.019208271398237293,0.39893548368707266,0.17106917141119202,0.0005493522400360523
S02,S01,S01:49,open_hand,backward,0.01804945518451959,0.03583176628150144,0.07802412848453304,0.8680946500494459,0.22358872899749396,0.02543975157944561,0.12644594577372156,0.1898504646313256,0.3025497546743318,0.10767434229211749,0.02445101205156387
S02,S01,S01:50,neutral,still,0.01879810231141914,0.012148158094541268,0.9648957911917022,0.004157948402337553,0.034030791469372317,0.011584896504926568,0.3242113191263341,0.024848741058472516,0.306885584576504,0.2979725800399784,0.00046608722441210225
S02,S01,S01:51,neutral,backward,0.007711519448933592,0.28928000924452113,0.6625419226508796,0.04046654865566557,6.90411988568468e-07,0.9931685060011448,0.006201284195346304,9.158241044722186e-06,4.336111474278665e-05,9.055682314725669e-07,0.0005760944675013631
S02,S01,S01:52,fist,up,0.7935255547681977,0.03832759312238739,0.011109503101802589,0.15703734900761232,0.0008698066549397847,0.1465862571373374,4.973482333645189e-05,0.0005026502918947495,0.023973822433095118,0.007132265273535349,0.8208854633858612
S02,S01,S01:53,index_pinch,still,0.00854924898898774,0.9860266952734561,0.004736866889988651,0.0006871888475674481,0.05100973975810729,0.011754284032756685,0.14495020330849365,0.03533237665783558,0.28781749902015874,0.46765069224912753,0.0014852049735205927
S02,S01,S01:54,fist,still,0.9972136342809202,0.0013265687407401324,3.279987947365195e-06,0.0014565169903922289,0.05521572068631758,0.04089600415639558,0.15551208107640804,0.04836538394826459,0.21291100579804065,0.48298029820165694,0.004119506132916672
S02,S01,S01:55,fist,up,0.8057992184990147,0.18334793226786564,0.0015562630807336468,0.009296586152385954,0.0037091210853835623,0.03032175910442911,6.580449815883066e-05,0.005178405262747979,0.0012289480479901638,0.0020417266422343935,0.9574542353590559
S02,S01,S01:56,fist,still,0.6960788319188635,0.2682307001662671,0.02651215587686454,0.009178312038004729,0.0428941764735305,0.014972010641858297,0.12243173534567042,0.027154106267215372,0.4498088595604523,0.3409092949108059,0.0018298168004673527
S02,S01,S01:57,index_pinch,left,0.0040085743829065875,0.9942936555303961,0.0016476442840701957,5.01258026270395e-05,0.0359758142964341,0.015472311389003512,0.07247177926214808,0.02256777712037275,0.36977801171700825,0.4812195815423945,0.0025147246726387813
S02,S01,S01:58,neutral,still,0.12475643874567331,0.13107789885018803,0.5982838711831772,0.14588179122096154,0.0578474219682942,0.005647250405779225,0.05461241647166679,0.036549348181421255,0.24284748332180095,0.6001362801431355,0.0023597995079021627
S02,S01,S01:59,fist,still,0.9829769176653939,0.01693953192651893,1.9943002137654204e-06,8.155610787333417e-05,0.05257280791159133,0.05436466093359732,0.06977796864677296,0.198125204212262,0.2533896215065625,0.36151635619444233,0.010253380594771523
S02,S01,S01:60,fist,backward,0.555307208675296,0.06575657434882028,0.18971066006297954,0.18922555691290407,0.0006852645052128975,0.8074117555441136,0.08263691309400711,0.0013673467224223053,0.10291458274269567,3.7559484998801885e-06,0.004980381443048596
S02,S01,S01:61,index_pinch,still,0.020249357581640117,0.7104629993643227,0.2519539447004149,0.01733369835362231,0.05046768034549215,0.006637558135755041,0.016368471228585705,0.03394023886985478,0.21392214405384527,0.6709772175000533,0.00768668986641365
S02,S01,S01:62,index_pinch,down,0.07990038338653978,0.8421277586639269,0.07559636692659016,0.002375491022943149,3.2266705999165577e-07,0.9176600574560352,0.018647132821262933,1.0232747944065048e-05,0.0517545374152959,1.4458320369519178e-06,0.011926271060365088
S02,S01,S01:63,neutral,still,0.0037621089242846017,0.3826378479553405,0.6135672522972788,3.279082309610929e-05,0.07532277980734203,0.017598350036176446,0.025509123928840628,0.0534036293121316,0.4067501782345651,0.3924107157227225,0.02900522295822168
S02,S01,S01:64,neutral,down,0.12372275790728014,0.05501453206056209,0.6357534152128866,0.18550929481927111,3.559340094564712e-07,0.6613325014205416,0.009344175881862553,3.1912572855277225e-06,0.32875430004031186,7.076940308634758e-07,0.0005647677719582383
S02,S01,S01:65,fist,right,0.999790552640394,0.0002038568326239738,1.9619834453540706e-07,5.394328637685475e-06,0.004678563063019355,0.04001359431941353,0.0539051080748859,0.0026844065622840686,0.8361318737609809,0.06182410065964159,0.0007623535597745595
S02,S01,S01:66,neutral,right,0.07482041868761212,0.05459978275643879,0.4491340284653604,0.42144577009058876,0.00016339326812127625,0.027564477913710504,0.004757136719562325,0.0002153058467711372,0.9652854287091795,0.0017836323920399902,0.00023062515061523449
S02,S01,S01:67,index_pinch,backward,0.03514112794800239,0.7812628150904316,0.17297751037789932,0.010618546583666613,0.38607371542505103,0.015397994647124815,0.16964993253349034,0.23446869887624522,0.1056911133782787,0.0768169190036588,0.011901626136151033
S02,S01,S01:68,fist,still,0.9985839580419174,0.0009721723390800001,3.8566556122824925e-06,0.0004400129633904226,0.27459733858154667,0.0046573126019062785,0.10323792722360066,0.19668294895653493,0.024358565349450273,0.3897026474269171,0.006763259860044152
S02,S01,S01:69,index_pinch,forward,0.06371375158185291,0.7911241627668867,0.027929040244263167,0.11723304540699725,0.05815007206657916,0.06592200667847735,0.49546301511908547,0.04438876461924673,0.18667465572276853,0.14283532830917353,0.00656615748466927
S02,S01,S01:70,index_pinch,left,0.007530707394342503,0.6713816829635548,0.31839528906976494,0.002692320572337786,0.1359898229226134,0.0015096197256249649,0.10958348477157481,0.34145310646031285,0.33461289233402286,0.07494509794686663,0.0019059758389844744
S02,S01,S01:71,open_hand,still,0.034662223587408544,0.009838170293264026,0.0076978680325730095,0.9478017380867545,0.35202700086995753,0.0012857105157548024,0.19230510488009564,0.2569977029531862,0.003994200570301727,0.19164427237201961,0.001746007838684416
S02,S01,S01:72,neutral,still,0.02673015530960324,0.008060348690249962,0.9512506895255113,0.013958806474635646,0.23984648997088673,0.0018697764782978884,0.20653751239564966,0.1659669950692902,0.01973504419625015,0.3647064526509918,0.001337729238633655
S02,S01,S01:73,index_pinch,still,0.0017292380347685157,0.9928403984972031,0.0024937505535056344,0.0029366129145228406,0.24217950914744732,0.0024098561642288767,0.24956440319816175,0.15866199664014763,0.012848748297025725,0.33299432310167115,0.0013411634513175027
S02,S01,S01:74,open_hand,still,0.0004556208121546961,0.0017343385647257826,9.009868144191271e-05,0.9977199419416776,0.31363804538666135,0.0019180609385630008,0.2749684629931279,0.22867304131127897,0.003223571447885669,0.17616202407894455,0.0014167938435385929
S02,S01,S01:75,open_hand,left,0.0006519745153555903,0.0012781606407966815,6.107885414716063e-05,0.9980087859897006,0.18809842924299622,0.017516885155787067,0.2565195853229083,0.16834339661819506,0.2878999489840722,0.05057003957795214,0.031051715098088985
S02,S01,S01:76,open_hand,right,0.11373079898879106,0.02274720378247023,0.49144110921909917,0.3720808880096395,0.06745866631861092,0.008142066665715235,0.15867762961651188,0.08839121159500042,0.6586372725509201,0.017520710843620696,0.0011724424096207166
S02,S01,S01:77,fist,down,0.9961094976860093,0.003890274086474631,1.1917360418763134e-08,2.163101557086332e-07,1.224789970427818e-07,0.9939277722767659,0.004973104409173096,1.936109149552265e-05,0.0007720901299143019,5.051144775765558e-06,0.00030249846887840095
S02,S01,S01:78,open_hand,still,0.0020151321892296474,0.007409787953809818,0.0006610261517308464,0.9899140537052298,0.2832115729455413,0.004439622132823521,0.13825776271939708,0.25292565172963677,0.10209505318279549,0.21341340269394096,0.005656934595864971
S02,S01,S01:79,fist,backward,0.990404863926409,0.009594306466531526,6.303033731032889e-09,8.23304025680296e-07,0.1804219242315183,0.037282417918405385,0.22078761130840716,0.2967546372170909,0.054796055568095504,0.19333291611236006,0.016624437644122695
S02,S01,S01:80,fist,left,0.9676280845423578,0.01864989590542449,0.000353843982666067,0.013368175569551825,0.048693310674544514,0.05651086742403121,0.13342196459172107,0.19714941958364904,0.31886714339927,0.19955257316494232,0.045804721161841915
S02,S01,S01:81,open_hand,still,0.019465620151109073,0.0027467345629791206,0.18745266617642367,0.7903349791094882,0.33811675164776056,0.0023186677833227512,0.2007696842457725,0.29238257925544753,0.005642837978256033,0.1582696405847084,0.0024998385047321904
S02,S01,S01:82,fist,still,0.9997711837215211,0.00022877937202866235,7.381963026286461e-09,2.952448720038043e-08,0.1937781150512106,0.005049056284048811,0.18055727455090423,0.13632914289942574,0.03939348583280639,0.44214211900256145,0.0027508063790428285
S02,S01,S01:83,index_pinch,still,0.09761534084338098,0.8669051469696122,0.008508721092802672,0.02697079109420425,0.21388836530077612,0.0028197386782907725,0.17484946344336347,0.13467481669237594,0.019914414718060807,0.4520596888517374,0.0017935123153953534
S02,S01,S01:84,neutral,still,0.03358917283969896,0.02419808400576104,0.922245769723632,0.019966973430908103,0.17357640836171873,0.00252569035233116,0.1409107339793276,0.11549114045371744,0.051991281414964625,0.5138433920072086,0.0016613534307317243
S02,S01,S01:85,neutral,backward,0.03692584718007756,0.01044456106701485,0.9522235119533389,0.00040607979956865315,0.45996301340801143,0.000514695422474359,0.01849023275355814,0.33914183326303976,0.0008756155267765426,0.1684810183669232,0.012533591259216423
S02,S01,S01:86,open_hand,still,0.0010986023677872674,0.002485470823109238,8.6556035944412e-05,0.9963293707731591,0.33039906638255584,0.0018102528107119854,0.26569915003964356,0.24686197178911792,0.003806774622998254,0.14980740270533474,0.0016153816496378148
S02,S01,S01:87,fist,still,0.9940171537084286,0.0006964298005542346,4.1265637100606794e-05,0.005245150853916477,0.14837447743011845,0.014300532464324653,0.10150771004732821,0.08754086194397763,0.12531973375565086,0.51545202077514,0.00750466358346022
S02,S01,S01:88,neutral,left,0.16393261962780153,0.17690704762179754,0.39504998292911725,0.2641103498212836,0.07789248408878718,0.01031567539918662,0.025291469923653238,0.05645197022099232,0.4475056553360616,0.3664549873491841,0.016087757682134874
S02,S01,S01:89,open_hand,right,0.00886214095638368,0.23876390600980743,0.03496676558466435,0.7174071874491444,0.027057889541783,0.029251120267796044,0.17934913855651327,0.1299046964973877,0.6033508746607167,0.019336215550852166,0.011750064924950974
S02,S01,S01:90,open_hand,still,0.00856511106342365,0.01737209579277751,0.26587875550116774,0.708184037642631,0.16515619952458435,0.0030616997241127626,0.2447879721718944,0.44195332223152994,0.010599010972444521,0.13334742954301046,0.0010943658324235304
S02,S01,S01:91,fist,still,0.9924415708848834,0.0075543080342260205,2.7137375606597767e-06,1.4073433298866802e-06,0.11457188372836823,0.010874622167033436,0.22693271964589182,0.08581530275356597,0.12654836958313972,0.4328633536415598,0.0023937484804409815
S02,S01,S01:92,open_hand,left,0.006851001275490414,0.018708597982670914,0.0039165383774835616,0.9705238623643552,0.16403684664152998,0.01803817514285551,0.2536345724242148,0.11688524394703037,0.12099289131168454,0.32004927825927487,0.006362992273409963
S02,S01,S01:93,open_hand,forward,0.004261999556650761,0.17125457555364845,0.003923067752097889,0.8205603571376029,0.07471432060087196,0.007322638232002079,0.7302712743970483,0.10655675700791799,0.015370703328903968,0.06503599677262985,0.0007283096606259189
S02,S01,S01:94,open_hand,right,0.01112919702419886,0.01643442893604767,0.1466514900840216,0.8257848839557318,0.035490209420446395,0.01609716062693929,0.2907304070586346,0.026735395365840273,0.3994600516610756,0.2307555224662754,0.0007312534007883859
S02,S01,S01:95,open_hand,down,0.05143969236419132,0.08111845241689132,0.11963581541299789,0.7478060398059195,1.4807843153784907e-05,0.761403727161802,0.028956126971380645,0.00011619896070419804,0.2094420058112391,1.1347786084756051e-05,5.5785465635512626e-05
S02,S01,S01:96,neutral,still,0.00959711139214222,0.052596573351988585,0.9375611101217278,0.0002452051341415731,0.022161080273300025,0.007058028428590806,0.028555690482942833,0.014062483843977139,0.4584295061095629,0.4678701070599918,0.0018631038016344522
S02,S01,S01:97,neutral,still,0.0071121495414317075,0.01803895569055604,0.9745110298788542,0.0003378648891580729,0.022348197086795047,0.007003739498113274,0.024148432061780616,0.013910156569855585,0.425724265737286,0.5046816919831792,0.0021835170629902994
S02,S01,S01:98,open_hand,still,0.00032172705308464096,0.003012870097408977,6.404202039968271e-06,0.9966589986474664,0.1394471761437919,0.007866181959138322,0.09660881163074142,0.08120334426622562,0.0904757327090819,0.5798350764882337,0.004563676802787099
S02,S01,S01:99,open_hand,left,0.02494836750335906,0.0293183802934312,0.0323353348636875,0.9133979173395222,0.24117150392283093,0.0012251581975051761,0.240641556300449,0.3851198430715219,0.0017035211790571326,0.12915162742287725,0.0009867899057586311
