run,fold,groups,feature_dimension,selected_C,gamma,all_macro_f1,active_macro_f1,delta_active_vs_E0,active_accuracy,neutral_precision,neutral_recall,neutral_f1,pinch_precision,pinch_recall,pinch_f1,fist_precision,fist_recall,fist_f1,open_precision,open_recall,open_f1,fist_to_open_rate,fist_to_pinch_rate,segment_macro_f1,segment_active_macro_f1,active_ece,active_risk_at_90pct,active_risk_at_70pct,active_risk_at_50pct,worst_subject,worst_subject_active_macro_f1,worst_posture,worst_posture_active_macro_f1,training_seconds,inference_ms_per_window,nmf_reconstruction_error,model_sha256
E0,D1-3_to_D4,G0,24,1.0,scale,0.6648253383371922,0.5544129143823143,,0.5594419090884452,0.9982315725709705,0.9939030528611562,0.996062610201826,0.5581728039399045,0.6853141900193583,0.6152436573621958,0.5073132895497079,0.55563365801046,0.5303751790751873,0.6339350728668449,0.4373706214396826,0.5176199067095597,0.11526150413154682,0.3278205966059032,0.6779841426237775,0.5714415494145556,0.20215800195300085,0.4122077413883154,0.39454095986045845,0.3756749851938129,u05,0.15364179764195224,3,0.5147128728366371,46.36400290000165,0.44291704700283197,,3f772775620e99cdf25edac3b1532229d0f14614e2fe9df9770a21684bf51f7e
E0,D1-4_to_D5,G0,24,1.0,scale,0.715407295161074,0.6206053410565134,,0.6187004642328203,1.0,0.9996263847567272,0.9998131574747559,0.7605890187888195,0.5894873407005163,0.6641959099579031,0.5807540760503732,0.6728892404753832,0.6234359709578363,0.5576335417407333,0.5917472395819469,0.5741841422538009,0.23839714992747135,0.08871360959713054,0.7275351778241985,0.6367135704322647,0.1649616192411444,0.3671812211404273,0.3372544250617585,0.3065001589049976,u01,0.3448880365651454,4,0.5838039988953015,70.95913989999099,0.6117589042806748,,3c179913ea359e690ed72c514ca0ad1cad25a38d7c23f1680f3d9471f8ba03b3
E0,D1-5_to_D6,G0,24,1.0,scale,0.6982006334452953,0.5994077199073787,,0.6022550135307131,0.9946959772545598,0.9944627981979351,0.9945793740590447,0.6269776782068238,0.543398181453627,0.582203618328985,0.5432018374468485,0.5430583199700898,0.5431300692276528,0.6342423463078648,0.7165520860115232,0.6728894721654982,0.2528514707817577,0.19010008659696415,0.7203810644162354,0.6283619375164299,0.16674548458152585,0.3763222872433862,0.3355241646050213,0.30954362921112677,u07,0.3536069850917997,4,0.568400255542079,96.11611699999776,0.7570939847153992,,6efd2354ed1a90806ac45962ed174e93a481df5d0fcd90dafb2ee72f1264179c
E1,D1-3_to_D4,G0+G1,32,1.0,scale,0.656442094630932,0.5433121522398453,-0.011100762142469023,0.5491176401182943,0.9980762864399086,0.9935976282843976,0.9958319218041921,0.5370795002292169,0.6799676947264282,0.6001356581229247,0.5124572905623072,0.5457620165393263,0.528585563333902,0.6178663076179994,0.42161562840748384,0.5012152352627093,0.1159032848651775,0.3372752730317012,0.6651548079876921,0.5543357698997751,0.21427291380114935,0.42359125060022024,0.3972682296400445,0.37440554443128043,u05,0.15031999171895796,3,0.5077503919934417,43.87325299999793,0.41413544363112487,,12468a2fe84237c5c12448e6ab805962d79889edd81d3f6545817925f2f12fe6
E1,D1-4_to_D5,G0+G1,32,1.0,scale,0.7225199067571676,0.6301241159428055,0.009518774886292047,0.62867686313773,0.9998596486475485,0.9995549561852985,0.9997072792002542,0.7561273675037706,0.5981835306648025,0.6679455048871493,0.5987828791881289,0.6828206881052274,0.6380465036568986,0.5668355141654727,0.6030459585277265,0.5843803392843685,0.22755455188100993,0.08962476001374765,0.7332292265494803,0.6443056353993071,0.16623227110629754,0.356399528592734,0.32732561934056703,0.2919241626299777,u01,0.3387235660534434,4,0.5872907832957744,69.02606660001038,0.5853871292479583,,53c5c12b8a415ecb42ba9c59f079c4c21c4a5a0fc791257ba193d86dcd5f307a
E1,D1-5_to_D6,G0+G1,32,1.0,scale,0.7111694891064209,0.6165307279206785,0.0171230080132998,0.6178705344969969,0.9947591859206372,0.9954125739187356,0.9950857726636483,0.6487241056020685,0.5639584423492486,0.6033787436420486,0.5493615880748111,0.5737196468385451,0.5612764713698711,0.6591739335260595,0.7127957493607303,0.6849369687501159,0.22796909622063494,0.18405780756726556,0.7475032776625298,0.664524888511489,0.1535882067458826,0.36220897299889787,0.32389657647426845,0.2970389249033996,u07,0.42448198376153234,4,0.5803798571680836,90.98103819999233,0.7212215219000722,,7373e84e49ecf4ca21f2c0fcd18268eb847be7cd4758464b7768b37976d48d5c
E2,D1-3_to_D4,G0+G2,30,10.0,scale,0.664178142322978,0.5541309997056932,-0.0002819146766210867,0.5594561149023143,0.9980366498518962,0.990630075483815,0.9943195701748322,0.5930584740071401,0.6794856743662427,0.6333371422350336,0.4989631517589608,0.5518456159365114,0.5240737159358081,0.5801973015272845,0.4470303700878531,0.5049821409462381,0.17689122303349475,0.26981379045077647,0.6786437262396516,0.5727204346270578,0.21388163139176808,0.42064096102393533,0.3976239816702493,0.3715941492633968,u05,0.1749603999580526,2,0.5181827577442365,46.296320299996296,0.38090086427139025,,64b0dd61c358275858c1ac02dc432a4d45eb05f3b874cc806c037445b779ad83
E2,D1-4_to_D5,G0+G2,30,1.0,scale,0.7151789640423217,0.6202977866572567,-0.00030755439925678196,0.6189521794453354,0.999928556274442,0.9997164586172929,0.999822496197517,0.7619365902749171,0.5902763694399242,0.6652105513701901,0.5777814067633926,0.6936635599358884,0.6304416124603738,0.5603389935383489,0.5702299309678974,0.5652411961412062,0.2190326631263138,0.08730377693778212,0.7209654936600689,0.6279539915467586,0.17701521091830483,0.36101414758195205,0.3337385354175831,0.30442269360502744,u01,0.35402064517245685,4,0.5846394629355962,116.96582930000295,1.0967737759472864,,fd109373ce903c18bf3e65e787ec47a9a1861f3e6d8053f15fc09112d01c9aa5
E2,D1-5_to_D6,G0+G2,30,1.0,scale,0.7044730369982185,0.6076276225869646,0.008219902679585833,0.6093583308000532,0.9953186408357315,0.994700111876706,0.9950092802319805,0.6164652403898142,0.564535166668953,0.5893584881918884,0.5477472656797422,0.5606139128928204,0.5541059066766292,0.6600527332625293,0.6999549304395151,0.679418472892376,0.22404823115839748,0.20303763153023063,0.7208528282016909,0.6293877773896762,0.17507676367194672,0.36970109304186377,0.3236618288656439,0.2826761422987619,u03,0.3950254615982512,4,0.5811244712175158,197.36490390000108,1.3750057893007848,,13245b554613305d3dd18cab5b1c4ceebb921a56933e5cc63596eb501bd724e9
E3,D1-3_to_D4,G0+G3,34,1.0,scale,0.6606267282976469,0.5485899034562863,-0.005823010926027994,0.5531828605748916,0.9981632986710268,0.9953151761419964,0.9967372028217286,0.539792602947969,0.6732806241729882,0.5991920232207585,0.5189434507371208,0.5521828490669404,0.5350474041858015,0.6226248184153054,0.4340780270605947,0.5115302829622989,0.11718044101457331,0.3293656931186486,0.6791185790765162,0.5727547686529557,0.20799040846285974,0.42149867151861475,0.3972602369631887,0.3654325109454846,u05,0.14661862642851867,3,0.5019804996098333,66.88248920000478,0.4624585618186102,,752e02b27e446b656b6c2ac07d5c7ce7b28f496c7f22263a940b8e610fc6955b
E3,D1-4_to_D5,G0+G3,34,1.0,scale,0.7243032535315529,0.6325168566044832,0.011911515547969764,0.6308244605012868,0.9998334830119259,0.9994914641218066,0.999662444312762,0.7681832838647928,0.6044623808096672,0.6765590109858753,0.598003193364904,0.688322578290014,0.6399919972885646,0.565291098298865,0.5976060000848724,0.5809995615390099,0.23016734980463138,0.08122419025161076,0.7362252266783025,0.6483003022377365,0.16476410006429254,0.3567080954769587,0.3236448077240741,0.2891282379013557,u01,0.3451427417907669,4,0.6015671384647655,78.28451660001156,0.6166588460414404,,ba4878bb1d4806993c391178b7534831ff92e682958bb34904d650e97d1da223
E3,D1-5_to_D6,G0+G3,34,1.0,scale,0.6998023343597788,0.6016822098370388,0.002274489929660062,0.6040373673690912,0.994008931540544,0.9943165319022214,0.9941627079279988,0.6192259496654484,0.5577454437127614,0.5868799428732244,0.5496809486681885,0.5414641071024243,0.545541589521539,0.6394213225571292,0.709466148915805,0.6726250971163531,0.24896976544100108,0.19232101633486562,0.7297270851580359,0.6412201199981363,0.1643560649997651,0.37559214096204674,0.33427477361534624,0.3057350881965457,u07,0.35379596254295026,4,0.5761327781509317,106.84098120000272,0.7690333881172958,,6ce5f68565d78d28006513961899489e8cac2950cb2eec6634120697ce56ae68
E123,D1-3_to_D4,G0+G1+G2+G3,48,1.0,scale,0.6562969264712377,0.5435400518219208,-0.010872862560393548,0.5494946332360775,0.9979101063513028,0.9912473118912226,0.9945675504191887,0.5387298557907134,0.6742204694647461,0.5989077849653759,0.5148943758911624,0.5439132692936265,0.5290061600999988,0.6043247434854412,0.4303430767477756,0.5027062104003878,0.1280969053294471,0.3267652704860026,0.6716152887407978,0.5629497442372494,0.217084231731735,0.42363136550639835,0.3988970400915831,0.35740483607699586,u05,0.137269154262705,3,0.5139940851299244,48.24201540001377,0.4372511495227803,,b7ea3bd6d6f02e6cc41ae4ede454d4758bf178fc1da8ebf8a1ef97da5edaaa20
E123,D1-4_to_D5,G0+G1+G2+G3,48,1.0,scale,0.7245742787649752,0.6329044090529105,0.012299067996397017,0.6314622391751468,0.9997033623920686,0.9994644419636369,0.9995838879011695,0.7633330667465229,0.6038144080310877,0.6742674251774944,0.6020425215094788,0.6924573953680566,0.6440924265964401,0.5655910841699371,0.5959069296734087,0.5803533753847969,0.2210364183554665,0.08583912908442937,0.7358758453521754,0.6478344604695673,0.16591372325757506,0.3504961748606242,0.323304281283227,0.28503798527394536,u01,0.3424264525571114,4,0.5977391054110165,76.5083283999993,0.6123180914348049,,88dbcb53eecbe0844f690c1fc41d6ec47e468fff83a0db6b879781a7f8847889
E123,D1-5_to_D6,G0+G1+G2+G3,48,1.0,scale,0.710612198522669,0.6160229863315112,0.01661526642413247,0.6177210597352861,0.9937436972912557,0.9950167878607047,0.9943798350961427,0.6469864182396813,0.5569965323117467,0.5986283962696477,0.5509918621429735,0.5693327109292825,0.5600121573939636,0.6585540625303559,0.7233400457003104,0.6894284053309223,0.2295900728279844,0.18277019541878609,0.7502705749468652,0.6684122047096469,0.15542008405895105,0.36095746955235875,0.3166755346924092,0.2801604724582223,u07,0.4268146134382654,4,0.5870198879790555,104.6588022000069,0.7515449913713366,,81ecf9a4ff91f5c0034f1e95b5691722a121a5c7dfc097cb6f9e1ee55912839b
E4-k2,D1-3_to_D4,G0+G1+G2+G3+G4,50,1.0,scale,0.6577906263942637,0.5455335568932388,-0.008879357489075534,0.5513931872362359,0.9979100825107244,0.9912359806298915,0.9945618348973383,0.5410334807579985,0.6751481803003744,0.6006960665686409,0.5163915992186312,0.5454250825324685,0.5305114064668981,0.6056795684859838,0.43359929539425973,0.5053931976441771,0.12863338714569136,0.32471697543091654,0.6704512412416215,0.5613976809050141,0.21640027781671958,0.42170837892698715,0.3986860750996792,0.3566315974976909,u05,0.13840985737511577,3,0.518890655448369,50.423572499996226,0.4498783549046969,0.3111641668291187,cd770a07fa696218848ec0de0aaf3c536ba00acacc54f215b8ac5ac899c23c74
E4-k2,D1-4_to_D5,G0+G1+G2+G3+G4,50,1.0,scale,0.7234152542082135,0.6313373635515589,0.010732022495045457,0.629940896234501,0.9998334785106161,0.9994644419636369,0.9996489261781772,0.7647609375545887,0.603116886514994,0.6743880593282406,0.5986902342277406,0.6943497494081523,0.6429815309194596,0.5638466239990805,0.5900326395166722,0.5766425004069764,0.2208605144717213,0.0845038544663823,0.7340565941087085,0.6454087921449446,0.1673680399308343,0.3512391489598032,0.32493052009758944,0.28796989934346573,u01,0.3430541424693381,4,0.5956303605150145,92.17573699999775,1.1318969466284736,0.2990636930054889,0df42efe0497b9b8246127da8b88f1f8f4a1de367d29c2155198da29823a821f
E4-k2,D1-5_to_D6,G0+G1+G2+G3+G4,50,1.0,scale,0.7105702424767624,0.6159803932388782,0.016572673331499477,0.6174841378314082,0.9938499724712818,0.994830090959722,0.9943397901904147,0.6485360966479811,0.5590017330972558,0.6004495976392508,0.5490370156047937,0.5720006588566084,0.5602836404467705,0.6588483464146779,0.7181187850307006,0.6872079416306136,0.22904288491690036,0.1809770815923173,0.7512682222823504,0.6697424011569604,0.155738595571215,0.3611626662223708,0.3157162129806247,0.27508640270663576,u07,0.4309611977274366,4,0.5867076231960752,139.20389830000204,1.2494389760866516,0.30308731657944815,036c4af0313fc538a8910b3380d134586c26eb7bb6eaf3b6870cfa0aa6b53282
E4-k3,D1-3_to_D4,G0+G1+G2+G3+G4,51,1.0,scale,0.6585543315528634,0.5465365463185318,-0.007876368063782557,0.5525227452195101,0.998040333681608,0.9911985722917018,0.9946076872558581,0.5428087770609693,0.6781873072882394,0.6029929622315084,0.5153261393006754,0.5460622339656226,0.5302491527798265,0.6090533247118562,0.4333116066601088,0.5063675239442603,0.12826476487172225,0.32444844627173164,0.6708931631976205,0.5619869101796794,0.216733147639449,0.42119566305449874,0.398612315219385,0.358062901325313,u05,0.13551034655180863,2,0.5187866822246758,51.27371230001154,0.4481612355241997,0.19507867377597574,2550a5d446bb8afefc6df940eec3d0cb1221104fac6217707aa97e57da21bb18
E4-k3,D1-4_to_D5,G0+G1+G2+G3+G4,51,1.0,scale,0.7225648163425111,0.6302034463972892,0.009598105340775764,0.6288229024793279,0.9998334785106161,0.9994644419636369,0.9996489261781772,0.7652441682445497,0.6017255306825583,0.6737046967465201,0.596060784450461,0.6951845486412618,0.6418179981472437,0.5634956137207395,0.5871666264989422,0.5750876442981036,0.2205487561347049,0.08398081357028912,0.7348472298536305,0.646462973138174,0.16892904272483977,0.35205859375027,0.3260715225880339,0.28817767860100235,u01,0.3471322655541182,4,0.5941999441943167,80.7466576000079,0.6277230042844206,0.18392866966361118,68a8e89f5903e62c13831139e162a43ef42199d50380fcca0ef4771063150eb4
E4-k3,D1-5_to_D6,G0+G1+G2+G3+G4,51,1.0,scale,0.7090415859696788,0.6139677176195119,0.014559997712133121,0.6154291743339435,0.9937422466873086,0.9947846818234038,0.9942631910201797,0.6435192449063267,0.5571245066235524,0.5972135221032318,0.5465040360722095,0.5701350765900106,0.5580695086345796,0.6598039770436315,0.715708366598406,0.6866201221207241,0.22686633127824052,0.18469157130780214,0.7453755714425334,0.6618855333705379,0.1583327622832748,0.36137053552107196,0.31576042105999996,0.27368952211020187,u07,0.42716532191436185,4,0.5862482427821127,135.1603882999916,0.7817133823651256,0.191801297919757,7df8be425a6affce44d0bca2d9104bb3b19d3d04d6e1ba4333165850155fe810
E5,D1-3_to_D4,G0+G1+G2+G3+G5,68,1.0,scale,0.6639807826318667,0.5537644554096217,-0.0006484589726926115,0.5595226306248636,0.9979578939035783,0.9913237591344096,0.9946297642986017,0.5490183005832336,0.6822218589676831,0.6084146666687452,0.519934329393683,0.5570958039491487,0.5378739633501698,0.6223489109131115,0.4392430776902089,0.5150047362099501,0.12409471052797323,0.3173386325556674,0.6793615143197598,0.5734776458967991,0.21030971448688215,0.4131248994889758,0.3892368846975182,0.34778717094006867,u05,0.13039306055164238,3,0.5252570515429202,56.4219022999896,0.49182829104263165,,29230d78a68d011ccef4354714ff1926c58a9493886d4393abe65d64b6c421b9
E5,D1-4_to_D5,G0+G1+G2+G3+G5,68,1.0,scale,0.7274293991327114,0.6366700314693333,0.016064690412819882,0.6355370748432511,0.9998334980145346,0.9995815379823723,0.9997075021228456,0.7608194718559507,0.6122344688001461,0.6784874088514818,0.6013891808343942,0.6997675013507266,0.6468592294436232,0.5772174112617365,0.5923041179181302,0.584663456112895,0.21021157104871888,0.0897350459468104,0.7389816426233587,0.6519755234978116,0.16364968090310056,0.3467681265291385,0.3177128655291802,0.2815078041934057,u01,0.37482978406234735,4,0.6092115030662606,90.81988799999817,0.6880442322893627,,22f96f8accc5991e0cb34266cf33cb02a456ebc266bc92e89277f0987c5ed224
E5,D1-5_to_D6,G0+G1+G2+G3+G5,68,1.0,scale,0.719941545788523,0.6283876082762315,0.02897988836885279,0.6309534692930269,0.9947508669765487,0.9944558934149994,0.9946033583253975,0.6607879055190182,0.575408811966767,0.6151499648858737,0.5567325512503817,0.5653211696295337,0.5609939901930657,0.6736630000691168,0.7482914668531736,0.7090188697497551,0.23712254261648733,0.18206996457660024,0.760719162408986,0.6823436546591412,0.15665737227677073,0.34911168679824855,0.3050858344556622,0.2661322110912247,u07,0.4047160934882171,4,0.6054542591524213,130.91057050000381,0.8587260826689268,,ed28a60efc8d05b15f6de5d87f16d239d52f47bf1585ba23650619794c2d958d
E45,D1-3_to_D4,G0+G1+G2+G3+G4+G5,76,1.0,scale,0.6664908835443455,0.5570570271944083,0.0026441128120939794,0.5623547797392366,0.9979585569113327,0.9916463741877108,0.9947924525941572,0.5499130302054905,0.679123727350759,0.6077263100486417,0.5218879704773312,0.5636775536233164,0.5419784028381233,0.6311600416717379,0.44425603663697966,0.5214663686964597,0.1202077173049614,0.3146438761045109,0.6780205365933338,0.5718895150986342,0.2082159310670126,0.40978477627828397,0.38621732337574516,0.34702436751691657,u05,0.1262425172509703,3,0.5318804824071938,62.93078879999666,0.525946798365179,0.3111641668291187,e27a91e5b1bf1f9d33e75a84185d37470c371ac34631bca36ead367f850f3b66
E45,D1-4_to_D5,G0+G1+G2+G3+G4+G5,76,1.0,scale,0.7266037692980734,0.635569191689816,0.014963850633302522,0.6344224342483614,0.9998334980145346,0.9995815379823723,0.9997075021228456,0.7585003037706504,0.6106013153748877,0.6765623189952246,0.5998547427361989,0.6970427430784842,0.6448071646354094,0.5775187260099504,0.5933721050837044,0.5853380914388141,0.21108642468054148,0.09158495058723004,0.7407838668235498,0.6543784890980663,0.1652955070964308,0.34818206674433533,0.3183072084085311,0.2838777407545652,u01,0.367193819460012,4,0.6078133511900097,103.17292599999928,0.7352107783183531,0.2990636930054889,18c4e91d0d57a03b1ce504cf42bf5cdf4e50adac88bd0132f1593ca31db64701
E45,D1-5_to_D6,G0+G1+G2+G3+G4+G5,76,1.0,scale,0.7187892136744178,0.6268442158474649,0.027436495940086125,0.6293972820477157,0.9950066812584293,0.994242026980261,0.9946242071552771,0.6601320821457617,0.573740561075942,0.6139119029426213,0.5543019906157609,0.5666201985762676,0.560393410037344,0.6720441595735955,0.7440742841998341,0.7062273345624291,0.2380717753731812,0.1808605093184393,0.7567943976553922,0.6773098699946115,0.16131241692421183,0.34992731433466207,0.30411128427215023,0.2607680177858364,u07,0.40389444408009273,4,0.6023252107936748,154.17746400001488,0.8972206426159696,0.30308731657944815,a0b5732d2d07dfdcccdf1dc558d59b6ed590010fc76dbc686643e7ae1d6f9258
E6a,D1-3_to_D4,G0+G6,28,10.0,scale,0.6745008350672828,0.5678614351273668,0.013448520745052428,0.5700939760070023,0.9978460564844948,0.9910154723783736,0.9944190348870307,0.6148046924540725,0.6289637452504762,0.6218036255641615,0.5279778712009737,0.5617080932081729,0.5443209382791605,0.5565828065025702,0.5196070878448178,0.5374597415387784,0.2143774939666032,0.22268985793430202,0.685126113013757,0.5805608352278743,0.2010342083115017,0.4074345552030802,0.36746652503183846,0.35150268527758133,u05,0.21335388416739817,2,0.508040970061655,46.04725639998651,0.3615307603886768,,f2850436109fbc24ede61bea29d85614be03f66a9cc3f77e40063ef1a2be954b
E6a,D1-4_to_D5,G0+G6,28,1.0,scale,0.7191754479770632,0.625712935230403,0.005107594173889507,0.6230807355893393,0.9997645650417275,0.9993614886631572,0.9995629862170441,0.7621138627468957,0.6011151006055434,0.6721074208273567,0.5989111934900292,0.637931274976498,0.6178057287028389,0.5501909958999193,0.6296059234638569,0.5872256561610133,0.27093536496389076,0.09084747840587107,0.7232883507376224,0.6310511343168299,0.1629110421355741,0.36051312818229486,0.32213951119365675,0.2807448829201559,u01,0.35950011476493543,4,0.6023495032982447,73.76359059999959,0.6210542951038205,,d8c12537efe00aaf02a979e37d772f5b94d04562f9b8843f639976413ba13c4b
E6a,D1-5_to_D6,G0+G6,28,1.0,scale,0.7035798339592109,0.6068152516577956,0.0074075317504168625,0.611496093327456,0.9940745346811751,0.9936727082756135,0.9938735808634568,0.6224267250992671,0.5324763514780032,0.5739486167540488,0.5711797610209163,0.5458981745869828,0.5582528827456726,0.6348190998161465,0.7514880454176519,0.6882442554736655,0.26289045609947953,0.17421992355218702,0.7413725668209968,0.6565481919277111,0.16896545237907815,0.3722797743733382,0.32950830994748626,0.30645032686644313,u07,0.3468846728040545,1,0.5845203267176963,100.90618839998933,1.3388303270608346,,98b9eb45c22406189aee2756073fb49e2aefd654a0c10ab44d84e9812f9c1d2b
E6b,D1-3_to_D4,G0+G1+G2+G3+G5+G6,72,1.0,scale,0.6753614560050192,0.5680152259601879,0.013602311577873616,0.5704522242224664,0.997785464630781,0.9970151251330871,0.9974001461395122,0.565873948574212,0.6606939081321934,0.6096188947876242,0.5478205826116397,0.5704391960892609,0.5589011403220965,0.605230988991968,0.4802182035471922,0.5355256427708434,0.15454364097339304,0.2735463099701354,0.6880237936871052,0.5844292631980704,0.21283462698330202,0.40033518407827734,0.36200332789106054,0.31338582619093724,u05,0.1566923366679774,2,0.5331028641194924,119.4368564999968,0.91001117591959,,c9a0d68f8cd91130ebfbc38882f445a0e62bf19b2a910fde3310943bbdc1be6e
E6b,D1-4_to_D5,G0+G1+G2+G3+G5+G6,72,1.0,scale,0.7273545515206563,0.6366369458445842,0.016031604788070752,0.6346950975346465,0.9994332101213718,0.9995815379823723,0.9995073685488726,0.7707606606472543,0.6093363004357245,0.6806079032471036,0.6057088683659309,0.6873231801617509,0.6439403356343556,0.5665079153117974,0.6055155454307347,0.5853625986522936,0.2281398242529921,0.08352688040873647,0.7370791647035497,0.6494388862713996,0.16445983631960787,0.3428085350246282,0.30144825673882714,0.25016757983093824,u01,0.38605122533839015,4,0.6189471840313691,197.88903860000573,1.2889098007404727,,1d46c5d414fd8c88f8631270a24dcdd14b68a73060043fbdb7f31e791ba54fb7
E6b,D1-5_to_D6,G0+G1+G2+G3+G5+G6,72,1.0,scale,0.723203074750821,0.6330567545616823,0.03364903465430358,0.6367058317588601,0.9933792515657152,0.9939049581386389,0.9936420353182374,0.6672561432714919,0.5497629859178703,0.6028380670422482,0.5769855664415885,0.5848788784004104,0.580905410182293,0.6673274889744016,0.7709984259699797,0.7154267864605056,0.24060260800513378,0.15512180875279727,0.7669187640469375,0.6910063756086146,0.15094303613441495,0.3411926335478138,0.2965555603408228,0.2544790301862394,u07,0.3912015293872635,1,0.6087044924489402,290.08936329999415,1.6442111143069171,,f8524eea2a7e77eebb2b411f2a40b7bcdeba3e9f855857864959b0bd1af212af
