document,source_sha256,line,exact_clause,requirement,status,evidence,evidence_sha256,boundary
docx_goal.txt,4da8b372c8f07936c1156935114849f85c0d83957c1ecacc6a0b6462bdf3b1f0,1077,- 尽量复用现有代码结构；,Respect existing project structure,partial,src/emgimu/datasets/electrode_replacement.py,4a1da2e84b240e05c39a53248d19d03c9eecf6e903526a498120f84f8c524edb,New native adapter uses existing package structure; no complete architectural audit.
docx_goal.txt,4da8b372c8f07936c1156935114849f85c0d83957c1ecacc6a0b6462bdf3b1f0,1078,- 不破坏当前 baseline；,Preserve current baseline,unverified,src/emgimu/feature_bank/validated_unibo.py,b0d320b8d9ba258afea1f4c3f26577c9b0a468d0ac072c5a26769fed53526827,Exact UniBo family reuse exists; complete baseline regression coverage and missing historical families prevent acceptance.
docx_goal.txt,4da8b372c8f07936c1156935114849f85c0d83957c1ecacc6a0b6462bdf3b1f0,1079,- 所有新实验可配置、可复现；,All new experiments configurable and reproducible,partial,benchmarks/song_real8/REPRODUCTION_RECHECK.json,1373603b3b23837177439cdd8747b60d74c5dde2772b09097de35e0077cee80a,Four recent Song scripts reproduce exact outputs with source and model hashes; all-run executable reproduction remains unverified.
docx_goal.txt,4da8b372c8f07936c1156935114849f85c0d83957c1ecacc6a0b6462bdf3b1f0,1080,- 固定 seed；,Fixed seeds,partial,benchmarks/discovery/scripts/sanity_check_electrode_replacement.py,b2e2ea570c3b56db7ea07c8013277dd89986a74830a2354f447203b87e211aa5,This sampled discovery run fixes seed20260915; global experiment seed coverage remains unverified.
docx_goal.txt,4da8b372c8f07936c1156935114849f85c0d83957c1ecacc6a0b6462bdf3b1f0,1081,- tests 必须覆盖 leakage-sensitive preprocessing；,Leakage-sensitive preprocessing tests,verified_narrow,tests/test_core_probability_oof.py,19286e35a2b601e3de3b8d3e892f164057d694a7727a9b565fae09a7a2d2c3c6,Source probability/calibration tests present and full suite passed; this does not establish every experiment leakage invariant.
docx_goal.txt,4da8b372c8f07936c1156935114849f85c0d83957c1ecacc6a0b6462bdf3b1f0,1082,- 运行完成报告 test count；,Report test count after completion,verified_narrow,feature_bank/results/validation.json,ef585fbcbaacdb84135c5fa5ef2fa931704d3d217c1871da003468f71f770171,"Latest actual suite:223 passed,1 skipped,OK; overall project still incomplete."
docx_goal.txt,4da8b372c8f07936c1156935114849f85c0d83957c1ecacc6a0b6462bdf3b1f0,1083,- 不自动 push GitHub；,Do not automatically push GitHub,verified_narrow,benchmarks/discovery/ELECTRODE_REPLACEMENT_REVIEW.md,67b68a8dc5057b533cfdd9d415db8b4572ce97128ae8a2464a2470bf2ddb281c,Latest changes committed locally without push; document prohibition continues to apply.
docx_goal.txt,4da8b372c8f07936c1156935114849f85c0d83957c1ecacc6a0b6462bdf3b1f0,1084,- 可以 commit，但最后报告 commit hash；,Local commit permitted and report hash,verified_narrow,benchmarks/discovery/ELECTRODE_REPLACEMENT_REVIEW.md,67b68a8dc5057b533cfdd9d415db8b4572ce97128ae8a2464a2470bf2ddb281c,Implementation commit9feaae3 reported; current audit updates will receive separate local commit.
docx_goal.txt,4da8b372c8f07936c1156935114849f85c0d83957c1ecacc6a0b6462bdf3b1f0,1085,- 不要为了“有结果”偷偷降低实验严格性。,Do not reduce experiments to obtain results,partial,feature_bank/REQUIREMENT_AUDIT.csv,9dc3f0e04e9c0bd61edd81cbf98b04f9547d67184ad29acebe0301e3d3e952f6,Unsupported native annotations and missing historical data explicitly retained; full scope not yet accepted.
