requirement_id,document,locator_start,locator_end,requirement,status,evidence,evidence_exists,evidence_sha256,boundary
PRE-1,docx_pre.txt,65,109,Exact historical DS2 source/data and old-result reproduction,partial,benchmarks/discovery/DS2_V9_FORCE_LABEL_AUDIT.json,True,f0cee7da6421444718d33ca648bbb31633b09188f2265d292f78149f612f2ef5,Publisher v9 force codes exactly join all 2863 public raw MAT trials via byte-identical v8/v9 MAV and gesture files; 2832 trials have verified subject and uniform gesture. A fixed active-gesture cross-user force screen is complete. Exact historical DS2 input identity and old B0/X1-H/X2 code/results remain unavailable.
PRE-2,docx_pre.txt,110,178,Candidate scoring and mandatory source research,partial,benchmarks/discovery/DATASET_CANDIDATES.csv,True,84e7447358af0cb4978f2641ce65769a391ee45a67871d4ff3fad12b138b6b71,14 transparent retrospective A-H scorecards now verified; original selection score/decision unchanged. Original before-training scoring and complete secondary paper/source verification remain unproven.
PRE-ART,docx_pre.txt,1,9999,Discovery deliverables and download evidence,partial,benchmarks/discovery/DATASET_MANIFEST.json,True,efd4f05ea43cc75101ffcb3a7204d44cd9823ac2ac9016ce4f9b53d508708940,Six native archives (15.94 GB) freshly rehashed against recorded SHA-256; six sanity reports and 36 captioned plot hashes reverified. Public DS2 v8 has 2833 exact subject-folder joins and a separate 2832-trial gesture-only held-out study. Historical identity and force labels remain unproven. Publisher v9 force label file and two unchanged MAT files are hash-checked separately; v9 force trial join and a fixed cross-user active-gesture screen now exist.
GOAL-ST2,docx_goal.txt,633,663,Multi-family Core versus Core plus family; OOF/held-out delta LL/Brier/F1,partial,feature_bank/delivery/conditional_incremental.csv,True,c38e423dca10b2dcee12edd5af92ffcc8fe672d208cd13124d541e7b98ee77e3,"EPN source OOF/held-user late-fusion Core; force actual concat Core with 0/1/2 Ramp-only anchors; MANUS actual concat Core/temporal/real IMU with 0/1/2 whole-session-trial anchors; wearing Core plus raw F3c. Separate public DS2 candidate cross-user F0 plus F1/F2a/F2c/F4 and Song 8-channel causal F4/F2a-given-F0/SPD fixed-split increments and fixed 14-arm within-day session-held-out screen now available. Historical equivalence and other eligible tasks remain open. Public DS2 v9 adds a fixed F0/F1 subjective-force cross-user screen with source-only unseen-high and all-force modes; historical equivalence remains open. Public DS2 v9 adds 200 matched, post-hoc F0 to F0+F1 force/budget/user increment cells; validation five-shot macro-F1 declines in both force modes."
GOAL-ST3,docx_goal.txt,664,697,Error complementarity and specifically named pairs,partial,feature_bank/STAGE3_4_CLAUSE_AUDIT.json,True,39852be47c257e31db0f47f77bedcd63318829dd8cab861fbc7c533abb36755d,"Named reference X1/Frequency, X1/CSP, validated-G5/Temporal and PersonalAnchor/CSP comparisons have native frozen evidence. Standalone G5 versus complete-bout DTW has matched Day6 and frozen Days7-8 paired results; reconstructed RLCS population versus PersonalAnchor has 24 native EPN paired-error rows. Separate public DS2 candidate, Song 8-channel F4/F2a fixed-split and 14-arm held-out paired error rows are available. Exact historical RLCS, TemporalShape and Spatial Coordination equivalence remains missing; previously inspected final users are descriptive."
GOAL-ST4,docx_goal.txt,698,749,Finite theoretically justified interaction tests,partial,feature_bank/results/interaction_results.csv,True,f6814e11e73b010dadeedbb7dad4fc944f7dcc154eda734e68a503fc7d1d6cc2,"Source-prespecified EPN X1/reference-Frequency and X1/reference-CSP rows plus frozen native G5/reference-Temporal, PersonalAnchor/reference-CSP, reference-Ring/SessionSignature, Quality/reference-family and new reconstructed-RLCS/PersonalAnchor four-arm studies. The reconstructed joint arm loses absolute final performance; historical equivalence remains unproven."
GOAL-ROBUST,docx_goal.txt,775,839,Robustness vector with mean available and minimum,partial,feature_bank/results/full_system_robustness_vector.csv,True,80fabe04d846d78a6d0f28d797b4dec5dfaa8383a85ff2149d5f94779cbb6657,Seven-axis fixed-bank vector now includes seven paired synthetic perturbations; no measured hardware-noise labels. Quality and force share trials; day/posture correlated; speed/session confounded. Song same-day cue-arm stratification exists but is not measured posture or cross-day robustness. Public DS2 v9 now supplies genuine subjective force codes for a separate fixed cross-user force-condition screen; this does not resolve hardware-quality or crossed-factor gaps.
GOAL-CAL,docx_goal.txt,840,880,Calibration budgets and product burden,partial,feature_bank/results/calibration_burden.csv,True,5cba13c390159d56dfaef8682fef5cf1dbbcb5a7d0bc6a030a8db28b52043a0f,"Thirteen protocols/52 costs and standalone SVG; all48 preceding costs unchanged. Wearing one-shot five trials mean15.11sec per condition, shared identical splits; human/device wall time unmeasured. Separate Song host-event and EMG-reception audit measures 64-second guided protocol in four same-day sessions; electrode preparation and live-recognition calibration wall time remain unmeasured. Separate public DS2 v9 personal 0/1/2/5-shot curves now quantify four-gesture signal time 0/40/80/200 seconds; real product setup/operating time remains unmeasured."
GOAL-LEAK,docx_goal.txt,881,914,"Trial split, source-only preprocessing and target exclusion invariants",partial,feature_bank/results/integrity_audit.json,True,50bf72f95847856dd0b34f293dbdeb3954bc1dad80a3c83288e78afa920314ac,1248 explicit partition checks and leakage regression tests. Corrected EPN native target replay checks 24 frozen-model probability arrays/3312 budget-specific predictions with zero error; other models not exhaustively audited.
GOAL-ART1,docx_goal.txt,955,976,REPORT with all specified scientific sections,partial,feature_bank/REPORT.md,True,59895e43300efcbb649464482ff2aa15bb2c4d44c765b40eedf658dfd51425e3,"Current coherent A-H interpretation, complete available seven-axis vector and calibration failure summaries now lead REPORT; exact historical evidence and exhaustive final requirement audit remain incomplete."
GOAL-ART2,docx_goal.txt,978,994,Feature-family CSV required fields,partial,feature_bank/delivery/feature_family_results.csv,True,689a3880115e25005b7daf8ff7fa330db8111acc83f5ca3ecefd4c3d4bf7e8b5,"Canonical schema and record provenance pass; some original measurements are N/A, as exposed in SCHEMA_AUDIT."
GOAL-ART3,docx_goal.txt,996,1005,Conditional incremental CSV,partial,feature_bank/delivery/conditional_incremental.csv,True,c38e423dca10b2dcee12edd5af92ffcc8fe672d208cd13124d541e7b98ee77e3,"Recorded rows verified; scientific coverage incomplete. Public DS2 v9 adds 200 matched, post-hoc F0 to F0+F1 force/budget/user increment cells; validation five-shot macro-F1 declines in both force modes."
GOAL-ART4,docx_goal.txt,1007,1012,Error complementarity CSV,partial,feature_bank/delivery/error_complementarity.csv,True,319b4d3e35f748c3e75d77c1b7c3a9301ed2ac3de48b5a3b384322b032391dda,"Recorded rows verified; named-pair coverage incomplete. Public DS2 v9 adds 400 matched, post-hoc error-complementarity cells with directly computed prediction disagreement; named historical-family coverage remains incomplete."
GOAL-ART5,docx_goal.txt,1014,1024,Calibration curve CSV,partial,feature_bank/delivery/calibration_curve.csv,True,9c1161e61842c91ec06e022c699e322db78151a31bdf7158f7ea639886bff733,Canonical 0/1/2/5-shot curve now includes 240 pooled/per-subject public DS2 v9 force-safe calibration rows; other recorded rows retain their provenance and unsupported original budgets remain N/A. Own-device cross-person/day validation remains unavailable.
GOAL-ART6,docx_goal.txt,1026,1030,Full-bank and leave-family ablation CSV,partial,feature_bank/delivery/ablation_full_bank.csv,True,a3a734f6c09094faa7465348c7f8eb81f287c9fc971f72fda4e7034f6b413611,Full-bank and joint F9 controls exist; exact historical families unavailable.
GOAL-CAP,docx_goal.txt,1032,1036,Dataset experimental capability boundaries,partial,feature_bank/EXPERIMENT_CAPABILITIES.md,True,53f5157d494028d06514efdbaa6782ba26a94d04222c6b65df4b4b3f097e6d17,"Native channel/rate/label capabilities and unsupported factors recorded. Public DS2 v9 has verified force-coded trials and 0/1/2/5-shot personal curves under distinct unseen-high and product modes; it is three-channel public evidence, not eight-channel device validation. The Song four-session cohort gate fails the specified cross-day and re-donning checks, despite S04's individual pass."
QUESTION-A,docx_goal.txt,1010,1070,Missing information versus organization bottleneck,partial,feature_bank/REPORT.md,True,59895e43300efcbb649464482ff2aa15bb2c4d44c765b40eedf658dfd51425e3,Personal/session and fusion organization affects results; hardware failure cause not proven.
QUESTION-B,docx_goal.txt,1010,1070,Families providing conditional information,partial,feature_bank/delivery/conditional_incremental.csv,True,c38e423dca10b2dcee12edd5af92ffcc8fe672d208cd13124d541e7b98ee77e3,"EPN log-loss improvement can coexist with final F1 deterioration; cannot generalize to all tasks. Public DS2 v9 adds 200 matched, post-hoc F0 to F0+F1 force/budget/user increment cells; validation five-shot macro-F1 declines in both force modes."
QUESTION-C,docx_goal.txt,1010,1070,Condition specialists,partial,feature_bank/results/robustness_vectors.csv,True,b87070b7365e3cb33f0774132805bee31667afdfcb5041ca62641fa95169c67e,"Wearing/load gains coexist with worst-position losses; Song F2a cue-arm gains are nonuniform; historical specialists not reproduced. Public DS2 v9 F1-only improves product-mode pooled final F1 over F0, but unseen-high final F1 is essentially tied; results are descriptive."
QUESTION-D,docx_goal.txt,1010,1070,Calibration-dependent family value,partial,feature_bank/results/per_family_calibration_gain.csv,True,3d26ac27a65db846171b3955d0ede4764cbc946cdafa4c5fe13c1b1ba08a0ff9,"MANUS calibration recovery observed; exact old-family calibration comparison unavailable. Public DS2 v9 F0/F1/F0+F1 personal curves now exist for both force modes, with substantial user heterogeneity; these are new families, not exact old-family comparisons."
QUESTION-E,docx_goal.txt,1010,1070,Does Personal Anchor reduce cross-user variation?,verified_narrow,feature_bank/results/anchor_cross_user_variation.csv,True,0f07576d60e594a90b9fba7eaea2d6ffdbc4fe0d5cca02c6ca20a9e4995fa00f,No for current EPN anchor branch: nonzero budgets lower mean/minimum F1 and increase observed standard deviation; only three final users.
QUESTION-F,docx_goal.txt,1010,1070,Session Signature for cross-day/re-donning,partial,feature_bank/results/family_specific_session_shifts.csv,True,20f027b27511149b1049682cf87b3a7edd53a89a42f253e7f4005e646ad1d00d,"Integrated native wearing0/1-shot signal/profile updates covered with source OOF temperatures; current normalization/local prototypes improve matched final F1 and LL, cosine context can hurt F1. Calendar-session and own-device validation remain open."
QUESTION-G,docx_goal.txt,1010,1070,Worst-scenario recovery rather than mean only,partial,feature_bank/results/full_system_robustness_vector.csv,True,80fabe04d846d78a6d0f28d797b4dec5dfaa8383a85ff2149d5f94779cbb6657,"With synthetic quality included, bank mean improves slightly but minimum axis falls below F0; no universal worst-case recovery."
QUESTION-H,docx_goal.txt,1010,1070,Product calibration needed for recovery,partial,feature_bank/results/calibration_burden.csv,True,5cba13c390159d56dfaef8682fef5cf1dbbcb5a7d0bc6a030a8db28b52043a0f,"Force Core own-user Ramp 1/2-shot requires mean signal21.12/42.272sec; MANUS own-session6/12 trials mean60.45/120.9367sec. Recovery limited or method-dependent; no validated product operating-time requirement. Song guided protocol span is 64 seconds on the recorded host clocks, excluding setup and live-recognition UI."
ENG-TEST,docx_goal.txt,1074,1090,Leakage-sensitive tests and reported count,verified_narrow,feature_bank/results/validation.json,True,ef585fbcbaacdb84135c5fa5ef2fa931704d3d217c1871da003468f71f770171,"223 tests pass and one is skipped; includes trial-split, source-state, calibration leakage, live adapter and four-arm interaction contracts. Tests do not establish real-device accuracy."
ENG-GIT,docx_goal.txt,1074,1090,Local commit permitted; no automatic GitHub push,verified_narrow,feature_bank/REPORT.md,True,59895e43300efcbb649464482ff2aa15bb2c4d44c765b40eedf658dfd51425e3,The user subsequently authorized pushes to codex/unibo-full-physiology-ablation; implementation and results have been committed and delivered there. The original no-automatic-push requirement was superseded by that explicit authorization.
EXACT-FAMILY,docx_goal.txt,1130,2640,Precise F0-F9 definitions and historical validated family reuse,partial,src/emgimu/feature_bank/validated_unibo.py,True,b0d320b8d9ba258afea1f4c3f26577c9b0a468d0ac072c5a26769fed53526827,Original UniBo G0/G5 exact reuse tested; historical X1-H/RLCS/CES/Frequency missing. F7 frozen-source SPD tangent candidate has a synthetic formula oracle plus exploratory EPN native 1/2/5-shot matched-Core and one-person Song 1/2-block evidence. F2c Song four-state gain coexists with 28-state macro-F1 and rare-condition losses; exact historical equivalence and formal own-device validation remain unproven.
LATE-PROB,docx_goal.txt,2480,2540,Classifier probability calibration within source/train/validation before late fusion,partial,feature_bank/results/manifests/feature_bank_force_core_probability_source_20260916__probability_calibration.json,True,88e65a52181842f1e7a0be332f945cccf8ba4c3f98700a7e6691ea3c86467598,Force/MANUS exact Core model OOF source temperatures integrated before independent target-anchor mixing; source users/trials/specifications/hashes guarded and all predictions replayed. Other scientific probability paths still require exhaustive audit.
