session,trial_id,base_zc,rest_zc,base_ssc,rest_ssc,base_wamp,rest_wamp
S03,S03:27,0,56,0,59,0,69
S03,S03:27,66,159,78,174,78,258
S03,S03:27,80,175,104,200,83,239
S03,S03:28,30,132,40,162,32,172
S03,S03:28,119,213,141,236,140,289
S03,S03:28,88,188,112,202,98,243
S03,S03:29,45,184,66,201,47,230
S03,S03:29,29,141,44,164,29,183
S03,S03:29,25,119,37,137,25,136
S03,S03:30,137,205,159,225,151,287
S03,S03:30,106,191,137,215,123,277
S03,S03:30,10,96,17,126,12,117
S03,S03:31,6,65,8,82,6,71
S03,S03:31,18,130,26,146,19,146
S03,S03:31,16,155,21,189,18,183
S03,S03:32,92,194,112,214,107,267
S03,S03:32,105,185,125,207,123,273
S03,S03:32,73,176,96,201,83,258
S03,S03:33,59,202,81,228,61,241
S03,S03:33,23,159,33,191,23,191
S03,S03:33,13,164,20,205,13,185
S03,S03:34,19,114,32,153,20,156
S03,S03:34,16,117,26,138,16,138
S03,S03:34,7,103,12,127,7,117
S03,S03:35,42,171,65,202,42,203
S03,S03:35,28,146,41,174,31,182
S03,S03:35,42,154,63,182,42,186
S03,S03:36,19,114,27,141,23,161
S03,S03:36,133,199,149,222,149,281
S03,S03:36,54,164,70,194,59,222
S03,S03:37,0,37,0,56,0,37
S03,S03:37,5,40,8,56,5,40
S03,S03:37,4,36,7,52,4,39
S03,S03:38,15,138,24,171,15,165
S03,S03:38,15,146,26,169,15,163
S03,S03:38,10,125,13,165,10,139
S03,S03:39,20,123,19,126,22,193
S03,S03:39,22,156,31,173,22,193
S03,S03:39,38,146,52,167,39,211
S03,S03:40,123,208,154,242,159,312
S03,S03:40,46,174,66,200,47,212
S03,S03:40,19,143,29,175,19,160
S03,S03:41,99,204,117,220,120,282
S03,S03:41,101,180,124,208,110,247
S03,S03:41,76,182,105,210,83,237
S03,S03:42,143,174,156,199,210,315
S03,S03:42,124,190,160,223,153,293
S03,S03:42,90,185,109,212,105,249
S03,S03:43,10,52,16,67,11,57
S03,S03:43,91,190,116,213,109,268
S03,S03:43,91,194,119,205,113,280
S03,S03:44,0,0,0,0,0,0
S03,S03:44,0,1,0,2,0,1
S03,S03:44,0,0,0,0,0,0
S03,S03:45,0,0,0,0,0,0
S03,S03:45,0,0,0,0,0,0
S03,S03:45,0,0,0,0,0,0
S03,S03:46,100,186,132,212,118,266
S03,S03:46,17,138,24,156,17,167
S03,S03:46,16,125,21,153,16,137
S03,S03:47,26,136,37,156,26,154
S03,S03:47,5,123,7,142,5,128
S03,S03:47,0,37,0,45,0,43
S03,S03:48,17,122,26,157,17,142
S03,S03:48,19,120,30,140,19,146
S03,S03:48,10,98,17,129,10,114
S03,S03:49,2,78,4,100,2,82
S03,S03:49,0,27,0,39,0,29
S03,S03:50,66,158,85,192,76,225
S03,S03:50,21,129,35,166,22,162
S03,S03:50,3,87,4,117,3,97
S03,S03:51,91,131,114,167,125,219
S03,S03:51,61,180,80,211,63,239
S03,S03:51,14,178,22,209,14,191
S03,S03:52,7,111,10,137,8,135
S03,S03:52,0,45,0,58,0,45
S03,S03:52,3,40,6,57,3,41
S03,S03:53,4,73,4,56,4,99
S03,S03:53,50,180,56,204,52,207
S03,S03:53,8,123,12,160,8,129
S03,S03:54,65,178,95,215,70,221
S03,S03:54,174,224,196,238,207,321
S03,S03:54,112,217,142,236,121,281
S03,S03:55,74,187,105,216,84,230
S03,S03:55,59,162,75,192,64,218
S03,S03:55,4,35,6,44,4,44
S03,S03:56,38,173,54,198,40,206
S03,S03:56,40,185,59,209,41,212
S03,S03:56,21,165,27,188,21,187
S03,S03:57,23,149,30,180,23,177
S03,S03:57,15,117,23,135,15,147
S03,S03:57,26,130,36,157,26,161
S03,S03:58,152,214,183,245,176,301
S03,S03:58,97,184,120,212,118,259
S03,S03:58,65,171,92,206,87,247
S03,S03:59,128,175,141,202,170,288
S03,S03:59,60,150,69,166,68,206
S03,S03:59,81,195,107,217,84,239
S03,S03:60,115,203,136,219,132,273
S03,S03:60,121,215,153,236,136,294
S03,S03:60,106,203,130,235,110,248
S03,S03:61,33,147,46,167,37,187
S03,S03:61,54,183,75,202,55,228
S03,S03:61,40,172,64,208,43,213
S03,S03:62,16,70,16,73,16,86
S03,S03:62,30,150,47,174,32,183
S03,S03:62,13,148,23,172,13,170
S03,S03:63,143,224,173,243,160,293
S03,S03:63,83,172,107,215,99,272
S03,S03:63,0,12,0,15,0,15
S03,S03:64,137,230,172,269,155,311
S03,S03:64,69,168,80,193,83,232
S03,S03:64,65,150,75,166,75,214
S03,S03:65,131,206,151,221,158,296
S03,S03:65,13,119,19,144,13,139
S03,S03:65,0,25,0,32,0,27
S03,S03:66,13,129,16,151,13,142
S03,S03:66,96,190,121,212,102,263
S03,S03:66,124,202,145,219,139,289
S03,S03:67,0,5,0,8,0,5
S03,S03:67,0,9,0,11,0,9
S03,S03:67,0,3,0,4,0,3
S03,S03:68,71,170,90,198,84,257
S03,S03:68,54,161,78,194,59,202
S03,S03:68,0,30,0,44,0,30
S03,S03:69,73,161,91,201,82,223
S03,S03:69,129,208,150,231,148,286
S03,S03:69,64,183,76,212,66,253
S03,S03:70,24,88,24,100,27,117
S03,S03:70,130,217,160,244,145,290
S03,S03:70,8,108,6,107,8,142
S03,S03:71,22,92,28,114,22,113
S03,S03:71,125,194,155,210,144,290
S03,S03:71,73,159,88,188,89,239
S03,S03:72,113,179,132,216,131,272
S03,S03:72,60,164,77,184,65,226
S03,S03:72,80,188,107,226,91,263
S03,S03:73,125,209,153,226,138,281
S03,S03:73,114,208,139,222,128,277
S03,S03:73,19,134,29,159,20,169
S03,S03:74,2,85,3,102,2,101
S03,S03:74,63,156,75,174,72,232
S03,S03:74,163,233,193,251,175,325
S03,S03:75,144,207,173,241,176,300
S03,S03:75,101,196,118,205,118,262
S03,S03:75,50,153,62,176,61,205
S03,S03:76,15,126,24,157,16,143
S03,S03:76,5,97,10,122,5,120
S03,S03:76,0,66,0,85,0,78
S03,S03:77,26,129,43,160,27,165
S03,S03:77,8,95,11,118,8,106
S03,S03:77,5,103,7,127,5,109
S03,S03:78,0,1,0,2,0,1
S03,S03:78,0,2,0,3,0,2
S03,S03:78,0,5,0,7,0,5
S03,S03:81,0,0,0,0,0,0
S03,S03:81,0,0,0,0,0,0
S03,S03:81,0,0,0,0,0,0
S03,S03:82,99,216,130,245,107,282
S03,S03:82,63,185,89,204,64,228
S03,S03:82,31,144,42,165,31,174
S03,S03:83,33,175,45,207,33,199
S03,S03:83,18,142,34,184,18,159
S03,S03:83,10,115,17,143,10,137
S03,S03:84,148,184,169,207,205,316
S03,S03:84,94,178,99,186,107,285
S03,S03:84,7,94,8,122,7,104
S03,S03:85,43,168,61,184,43,212
S03,S03:85,3,89,6,124,3,95
S03,S03:85,4,78,5,104,4,81
S03,S03:86,132,192,167,224,167,301
S03,S03:86,58,172,71,202,69,231
S03,S03:86,9,94,10,111,9,112
S03,S03:87,2,27,4,33,2,37
S03,S03:87,41,151,57,177,46,196
S03,S03:87,5,107,9,136,5,132
S03,S03:88,98,179,119,217,117,274
S03,S03:88,86,180,104,199,96,249
S03,S03:88,16,103,24,125,16,110
S03,S03:89,31,173,46,198,35,210
S03,S03:89,9,137,16,167,9,159
S03,S03:90,11,129,12,162,11,147
S03,S03:90,4,92,8,109,4,104
S03,S03:90,7,113,11,140,7,128
S03,S03:91,159,231,186,253,182,312
S03,S03:91,146,228,177,256,169,312
S03,S03:91,95,172,125,204,112,258
S03,S03:92,108,190,124,212,139,284
S03,S03:92,51,148,69,181,58,201
S03,S03:92,45,160,63,182,47,194
S03,S03:93,114,207,128,229,133,285
S03,S03:93,68,183,89,207,71,228
S03,S03:93,39,147,49,166,39,184
S03,S03:94,29,144,41,168,29,152
S03,S03:94,51,193,76,224,52,229
S03,S03:94,46,187,67,221,46,226
S03,S03:95,0,10,0,15,0,10
S03,S03:95,0,3,0,5,0,3
S03,S03:95,0,7,0,10,0,7
S03,S03:96,19,148,22,169,19,168
S03,S03:96,17,131,28,160,17,158
S03,S03:96,10,120,16,147,10,146
S03,S03:97,0,7,0,13,0,7
S03,S03:97,0,7,0,13,0,7
S03,S03:97,0,23,0,36,0,23
S03,S03:98,5,78,7,90,5,86
S03,S03:98,73,129,93,143,86,194
S03,S03:98,148,227,181,248,178,316
S03,S03:99,2,98,4,122,2,112
S03,S03:99,33,160,48,184,33,194
S03,S03:99,47,171,67,188,47,200
S03,S03:100,0,0,0,0,0,0
S03,S03:100,0,0,0,0,0,0
S03,S03:100,0,0,0,0,0,0
S03,S03:101,149,223,173,239,173,305
S03,S03:101,84,192,105,218,105,262
S03,S03:101,32,130,41,156,32,178
S03,S03:102,123,202,143,219,144,283
S03,S03:102,97,185,121,210,117,264
S03,S03:102,72,190,98,204,78,254
S03,S03:103,6,119,11,152,6,134
S03,S03:103,6,111,12,141,6,131
S03,S03:103,16,163,26,194,16,188
S03,S03:104,0,13,0,21,0,13
S03,S03:104,0,1,0,2,0,1
S03,S03:104,0,2,0,4,0,2
S03,S03:105,117,199,150,236,133,285
S03,S03:105,87,185,112,226,104,269
S03,S03:105,111,187,149,209,139,281
S03,S03:106,104,208,133,225,113,266
S03,S03:106,63,192,88,216,71,249
S03,S03:106,53,179,74,204,64,242
S03,S03:107,11,126,11,135,11,169
S03,S03:107,22,142,32,165,22,178
S03,S03:107,10,136,16,168,10,164
S03,S03:108,13,127,20,145,14,149
S03,S03:108,13,112,21,134,13,126
S03,S03:108,8,138,10,162,9,158
S03,S03:109,97,198,137,225,105,271
S03,S03:109,25,161,37,189,25,181
S03,S03:109,22,130,32,146,22,139
S03,S03:110,61,188,77,218,64,231
S03,S03:110,46,188,71,216,47,225
S03,S03:110,18,124,26,154,19,132
S03,S03:111,1,64,1,77,1,75
S03,S03:111,1,27,2,42,1,31
S03,S03:111,0,17,0,22,0,17
S03,S03:112,2,44,4,60,2,52
S03,S03:112,1,27,2,33,1,31
S03,S03:112,0,13,0,19,0,14
S03,S03:113,0,0,0,0,0,0
S03,S03:113,0,0,0,0,0,0
S03,S03:113,0,0,0,0,0,0
S03,S03:114,23,121,28,145,24,140
S03,S03:114,5,90,10,113,5,94
S03,S03:114,0,37,0,44,0,37
S03,S03:115,119,203,148,224,131,270
S03,S03:115,59,188,83,223,66,233
S03,S03:115,59,145,80,173,74,196
S03,S03:116,74,198,104,242,79,269
S03,S03:116,105,188,129,229,124,294
S03,S03:116,39,109,50,145,42,142
S03,S03:117,8,131,15,160,8,146
S03,S03:117,14,103,23,129,14,118
S03,S03:117,7,119,13,146,7,132
S03,S03:118,0,57,0,83,0,59
S03,S03:118,0,18,0,31,0,18
S03,S03:118,0,7,0,12,0,7
S03,S03:119,3,54,5,66,3,66
S03,S03:119,80,194,110,237,84,258
S03,S03:119,73,184,91,216,82,243
S03,S03:121,93,157,98,176,126,265
S03,S03:123,130,199,152,220,156,292
S03,S03:123,89,177,117,228,106,268
S03,S03:123,0,20,0,27,0,22
S03,S03:124,0,44,0,52,0,49
S03,S03:124,0,17,0,14,0,17
S03,S03:124,0,0,0,0,0,0
S03,S03:125,17,148,26,205,19,192
S03,S03:125,4,98,8,120,4,115
S03,S03:125,7,98,11,135,7,119
S03,S03:126,0,0,0,0,0,0
S03,S03:126,0,0,0,0,0,0
S03,S03:126,0,0,0,0,0,0
S03,S03:127,0,0,0,0,0,0
S03,S03:127,0,0,0,0,0,0
S03,S03:127,0,0,0,0,0,0
S03,S03:128,20,90,19,89,20,117
S03,S03:128,76,172,101,203,87,253
S03,S03:128,28,156,40,181,30,186
S03,S03:129,118,188,136,211,158,299
S03,S03:129,75,163,77,175,88,254
S03,S03:129,3,92,4,106,3,98
S03,S03:130,0,23,0,21,0,24
S03,S03:130,44,144,40,148,47,212
S03,S03:130,52,143,60,158,61,227
S03,S03:131,18,110,28,132,18,131
S03,S03:131,65,148,72,178,70,224
S03,S03:131,37,151,46,171,38,191
S03,S03:132,0,112,0,104,0,155
S03,S03:132,43,146,58,164,51,199
S03,S03:132,27,141,41,169,28,180
S03,S03:133,153,206,177,222,193,303
S03,S03:133,43,163,56,194,47,210
S03,S03:133,21,125,31,146,22,161
S03,S03:134,13,93,10,93,13,148
S03,S03:134,104,174,122,198,125,275
S03,S03:134,149,195,169,215,194,297
S03,S03:135,0,36,0,32,0,36
S03,S03:135,0,26,0,44,0,26
S03,S03:135,0,19,0,26,0,20
S03,S03:136,115,183,145,215,131,277
S03,S03:136,35,168,43,203,36,185
S03,S03:136,8,126,14,150,8,158
S03,S03:137,173,235,200,252,191,313
S03,S03:137,84,203,105,233,92,251
S03,S03:137,44,175,67,206,46,215
S03,S03:138,13,115,16,120,14,163
S03,S03:138,27,115,23,112,33,190
S03,S03:138,0,6,0,10,0,6
S03,S03:139,59,149,78,166,65,187
S03,S03:139,186,244,225,259,213,326
S03,S03:139,114,179,126,200,150,268
S03,S03:140,18,143,25,178,18,164
S03,S03:140,28,146,36,158,28,177
S03,S03:140,14,113,22,129,14,142
S03,S03:141,111,181,130,211,146,260
S03,S03:141,39,116,47,135,42,159
S03,S03:141,4,90,5,110,4,114
S03,S03:142,0,0,0,0,0,0
S03,S03:142,0,0,0,0,0,0
S03,S03:142,0,0,0,0,0,0
S03,S03:143,57,197,75,230,61,247
S03,S03:143,67,178,87,216,69,230
S03,S03:143,0,15,0,21,0,15
S03,S03:144,22,148,19,155,22,209
S03,S03:144,20,142,26,163,21,183
S03,S03:144,3,101,6,118,3,132
S03,S03:145,43,120,44,125,46,155
S03,S03:145,167,218,215,257,213,323
S03,S03:145,139,212,170,235,160,293
S03,S03:146,0,18,0,24,0,20
S03,S03:146,0,14,0,23,0,14
S03,S03:146,0,4,0,2,0,4
S03,S03:147,0,28,0,40,0,30
S03,S03:147,0,1,0,2,0,1
S03,S03:147,0,0,0,0,0,0
S03,S03:148,13,149,17,174,13,164
S03,S03:148,0,93,0,112,0,97
S03,S03:148,38,143,57,171,38,169
S03,S03:149,0,6,0,9,0,8
S03,S03:149,2,80,4,101,2,95
S03,S03:149,8,96,16,119,8,116
S03,S03:150,104,190,128,232,122,275
S03,S03:150,87,178,112,217,97,262
S03,S03:150,40,150,51,178,54,204
S03,S03:151,93,194,114,220,101,264
S03,S03:151,79,181,106,215,86,238
S03,S03:151,15,48,15,52,17,68
S03,S03:152,28,105,24,93,33,171
S03,S03:152,42,111,30,105,44,181
S03,S03:152,1,42,2,47,1,43
S03,S03:153,1,52,2,55,1,65
S03,S03:153,119,178,139,193,155,310
S03,S03:153,146,187,173,215,194,310
S03,S03:154,27,122,38,146,27,140
S03,S03:154,36,147,50,172,41,170
S03,S03:154,12,98,14,113,12,113
S03,S03:155,28,97,33,118,28,116
S03,S03:155,31,138,36,155,33,190
S03,S03:155,13,99,12,112,13,122
S03,S03:156,41,142,55,162,44,189
S03,S03:156,95,188,127,203,101,254
S03,S03:156,51,165,66,184,54,199
S03,S03:157,131,192,145,210,168,297
S03,S03:157,135,196,167,237,158,299
S03,S03:157,0,15,0,22,0,15
S03,S03:158,0,27,0,31,0,30
S03,S03:158,3,67,5,85,3,79
S03,S03:158,31,152,46,193,31,196
S03,S03:159,139,208,168,223,183,317
S03,S03:159,90,177,112,204,102,250
S03,S03:159,47,157,74,176,53,214
S03,S03:160,146,207,171,230,182,310
S03,S03:160,68,160,80,189,84,241
S03,S03:160,0,1,0,1,0,1
S03,S03:161,11,114,17,139,14,142
S03,S03:161,31,140,37,164,38,188
S03,S03:161,8,113,12,136,8,133
S03,S03:162,0,42,0,49,0,46
S03,S03:162,0,79,0,89,0,95
S03,S03:162,0,43,0,65,0,46
S03,S03:163,0,0,0,0,0,0
S03,S03:163,0,0,0,0,0,0
S03,S03:163,0,0,0,0,0,0
S03,S03:164,9,86,13,102,9,96
S03,S03:164,52,182,59,210,52,223
S03,S03:164,31,145,48,177,32,180
S03,S03:165,2,16,4,27,2,17
S03,S03:165,0,7,0,10,0,7
S03,S03:165,0,3,0,5,0,3
S03,S03:166,0,0,0,0,0,0
S03,S03:166,0,0,0,0,0,0
S03,S03:166,0,0,0,0,0,0
S03,S03:167,9,41,14,48,9,47
S03,S03:167,0,6,0,10,0,6
S03,S03:167,0,6,0,7,0,6
S03,S03:168,111,171,125,198,151,301
S03,S03:168,165,222,193,247,184,309
S03,S03:168,39,150,54,181,41,191
S03,S03:169,154,219,180,243,177,301
S03,S03:169,101,225,120,238,109,279
S03,S03:169,1,45,2,54,1,52
S03,S03:170,0,19,0,26,0,20
S03,S03:170,0,13,0,22,0,13
S03,S03:170,0,6,0,6,0,6
S04,S04:27,31,119,41,152,34,162
S04,S04:27,26,152,41,181,26,174
S04,S04:27,62,167,77,179,75,215
S04,S04:28,152,200,166,221,187,291
S04,S04:28,89,183,107,214,99,252
S04,S04:28,25,143,31,162,26,178
S04,S04:29,0,49,0,52,0,64
S04,S04:29,1,82,1,72,1,103
S04,S04:30,0,11,0,9,0,13
S04,S04:30,8,65,9,70,8,77
S04,S04:30,156,223,183,237,193,319
S04,S04:31,0,21,0,18,0,24
S04,S04:31,44,171,55,200,50,216
S04,S04:31,4,103,6,128,4,107
S04,S04:32,15,130,24,150,16,155
S04,S04:32,25,154,38,185,25,177
S04,S04:32,28,150,37,170,28,178
S04,S04:33,13,96,13,94,14,146
S04,S04:33,12,92,10,97,19,142
S04,S04:33,20,107,18,113,30,178
S04,S04:34,87,185,120,225,101,267
S04,S04:34,72,133,80,161,98,238
S04,S04:34,0,3,0,4,0,3
S04,S04:35,0,2,0,2,0,2
S04,S04:35,0,0,0,0,0,0
S04,S04:35,0,0,0,0,0,0
S04,S04:36,13,112,20,133,13,138
S04,S04:36,16,101,20,109,16,122
S04,S04:36,0,0,0,0,0,0
S04,S04:37,46,188,59,222,50,236
S04,S04:37,88,222,116,245,93,281
S04,S04:37,49,173,64,201,49,195
S04,S04:38,14,122,21,145,14,136
S04,S04:38,5,80,7,94,5,87
S04,S04:38,4,73,5,91,4,76
S04,S04:39,2,97,4,124,2,109
S04,S04:39,11,113,20,142,11,127
S04,S04:39,9,103,17,131,9,126
S04,S04:40,28,135,39,160,30,174
S04,S04:40,57,209,75,225,57,251
S04,S04:40,75,211,108,239,77,262
S04,S04:41,25,141,38,170,25,164
S04,S04:41,38,160,56,191,40,205
S04,S04:41,20,121,27,137,21,139
S04,S04:42,162,206,189,233,206,326
S04,S04:42,138,207,171,234,167,313
S04,S04:42,4,52,7,54,4,58
S04,S04:43,147,201,187,233,183,311
S04,S04:43,152,219,185,238,175,303
S04,S04:43,90,189,115,222,100,277
S04,S04:44,48,166,62,194,50,219
S04,S04:44,41,153,58,180,41,194
S04,S04:44,2,48,4,60,2,52
S04,S04:45,3,27,4,39,3,27
S04,S04:45,0,2,0,4,0,2
S04,S04:45,0,0,0,0,0,0
S04,S04:46,0,0,0,0,0,0
S04,S04:46,0,0,0,0,0,0
S04,S04:46,0,0,0,0,0,0
S04,S04:47,126,192,154,222,143,285
S04,S04:47,101,195,119,219,121,279
S04,S04:47,11,77,13,106,12,93
S04,S04:48,0,1,0,1,0,1
S04,S04:48,116,202,146,220,127,276
S04,S04:48,55,190,73,212,60,245
S04,S04:49,0,1,0,2,0,1
S04,S04:49,40,143,55,170,47,184
S04,S04:49,52,155,83,176,55,216
S04,S04:50,42,155,65,208,48,217
S04,S04:50,96,205,123,228,108,273
S04,S04:50,51,167,75,201,56,217
S04,S04:51,0,0,0,0,0,0
S04,S04:51,0,2,0,3,0,2
S04,S04:51,0,3,0,5,0,3
S04,S04:52,35,156,43,186,36,206
S04,S04:52,45,177,63,198,46,221
S04,S04:52,3,103,6,135,3,124
S04,S04:53,14,115,20,132,14,138
S04,S04:53,11,126,16,145,11,149
S04,S04:53,28,142,42,158,30,175
S04,S04:54,145,189,164,223,182,294
S04,S04:54,108,189,128,210,119,278
S04,S04:54,100,202,117,227,110,269
S04,S04:55,10,67,16,80,11,81
S04,S04:55,142,205,173,237,185,312
S04,S04:55,154,193,169,209,190,315
S04,S04:56,101,178,122,202,127,261
S04,S04:56,98,200,113,211,109,249
S04,S04:56,21,98,29,115,21,113
S04,S04:57,116,179,146,209,162,296
S04,S04:57,132,230,166,252,145,302
S04,S04:57,70,148,76,170,86,230
S04,S04:58,91,141,102,164,113,225
S04,S04:58,97,195,130,231,108,267
S04,S04:58,62,171,81,190,65,200
S04,S04:59,27,137,42,161,32,167
S04,S04:59,0,85,0,105,0,90
S04,S04:59,4,93,5,120,4,104
S04,S04:60,3,87,5,97,3,106
S04,S04:60,1,39,2,59,1,42
S04,S04:60,0,7,0,8,0,7
S04,S04:61,104,211,129,236,125,286
S04,S04:61,170,233,200,248,198,322
S04,S04:61,96,172,122,199,124,277
S04,S04:62,97,171,110,196,111,236
S04,S04:62,82,207,110,240,95,268
S04,S04:62,40,163,61,196,44,209
S04,S04:63,14,60,22,71,14,81
S04,S04:63,0,50,0,68,0,51
S04,S04:63,0,9,0,14,0,9
S04,S04:64,0,2,0,3,0,2
S04,S04:64,0,0,0,0,0,0
S04,S04:64,0,3,0,5,0,3
S04,S04:65,30,139,41,178,32,178
S04,S04:65,2,93,4,119,2,111
S04,S04:65,17,164,24,187,17,189
S04,S04:66,0,0,0,0,0,0
S04,S04:66,0,1,0,1,0,1
S04,S04:66,0,0,0,0,0,0
S04,S04:67,0,0,0,0,0,0
S04,S04:67,0,0,0,0,0,0
S04,S04:67,0,0,0,0,0,0
S04,S04:68,106,214,140,239,112,276
S04,S04:68,109,179,137,224,140,283
S04,S04:68,13,92,23,111,16,125
S04,S04:69,1,35,2,55,1,40
S04,S04:69,0,17,0,26,0,17
S04,S04:69,0,3,0,6,0,3
S04,S04:70,18,99,22,118,18,108
S04,S04:70,1,66,2,87,1,69
S04,S04:70,25,127,35,157,29,158
S04,S04:71,0,62,0,80,0,68
S04,S04:71,8,77,12,93,8,89
S04,S04:71,9,107,14,135,10,138
S04,S04:72,0,0,0,0,0,0
S04,S04:72,0,1,0,2,0,1
S04,S04:72,0,0,0,0,0,0
S04,S04:73,0,0,0,0,0,0
S04,S04:73,0,0,0,0,0,0
S04,S04:73,0,0,0,0,0,0
S04,S04:74,2,34,4,49,2,36
S04,S04:74,2,69,4,96,2,85
S04,S04:74,3,68,5,94,3,80
S04,S04:75,0,33,0,47,0,36
S04,S04:75,0,29,0,45,0,29
S04,S04:75,0,26,0,41,0,27
S04,S04:76,0,28,0,46,0,28
S04,S04:76,0,9,0,14,0,9
S04,S04:76,0,24,0,37,0,24
S04,S04:77,153,204,169,225,182,302
S04,S04:77,39,175,48,217,42,228
S04,S04:77,30,141,47,174,30,167
S04,S04:78,142,207,173,230,196,328
S04,S04:78,89,206,107,222,97,260
S04,S04:78,66,188,88,224,73,251
S04,S04:79,14,143,21,164,14,163
S04,S04:79,18,139,21,151,18,152
S04,S04:79,16,94,25,126,16,103
S04,S04:80,0,45,0,57,0,50
S04,S04:80,18,124,25,164,18,142
S04,S04:80,33,155,49,188,34,194
S04,S04:81,9,139,17,178,9,153
S04,S04:81,0,94,0,138,0,95
S04,S04:81,3,91,6,128,3,98
S04,S04:82,26,84,38,101,30,120
S04,S04:82,137,189,164,216,174,323
S04,S04:82,139,195,165,222,162,288
S04,S04:83,7,69,11,84,7,72
S04,S04:83,171,231,205,259,206,324
S04,S04:83,128,191,154,216,169,321
S04,S04:84,0,32,0,49,0,32
S04,S04:84,164,213,196,233,214,330
S04,S04:84,66,179,96,215,70,247
S04,S04:85,16,88,26,113,17,102
S04,S04:85,95,178,103,191,113,254
S04,S04:85,142,218,175,243,149,291
S04,S04:86,157,211,190,241,202,318
S04,S04:86,102,192,135,227,128,285
S04,S04:86,15,122,24,147,15,143
S04,S04:87,6,116,11,144,6,132
S04,S04:87,12,116,17,136,13,140
S04,S04:87,19,118,27,146,19,143
S04,S04:88,1,26,2,36,1,26
S04,S04:88,8,66,11,93,8,70
S04,S04:88,26,123,31,156,30,171
S04,S04:89,0,27,0,39,0,27
S04,S04:89,35,91,42,104,40,129
S04,S04:89,176,208,219,242,253,350
S04,S04:90,0,50,0,65,0,54
S04,S04:90,97,213,121,226,104,260
S04,S04:90,111,192,146,228,124,261
S04,S04:91,1,26,2,39,1,27
S04,S04:91,94,183,104,210,119,262
S04,S04:91,142,208,169,240,172,308
S04,S04:92,0,16,0,21,0,16
S04,S04:92,0,15,0,24,0,15
S04,S04:92,0,1,0,1,0,1
S04,S04:93,25,116,31,135,27,155
S04,S04:93,100,190,120,217,106,257
S04,S04:93,99,202,131,226,104,266
S04,S04:94,29,113,42,132,30,138
S04,S04:94,31,163,48,191,32,197
S04,S04:94,30,171,40,210,30,196
S04,S04:95,0,5,0,9,0,5
S04,S04:95,0,6,0,7,0,6
S04,S04:95,0,4,0,7,0,4
S04,S04:96,20,131,28,158,21,156
S04,S04:96,123,214,146,229,139,290
S04,S04:96,63,179,84,209,64,225
S04,S04:97,71,157,85,174,75,209
S04,S04:97,68,172,90,205,69,221
S04,S04:97,35,154,48,180,37,191
S04,S04:98,175,207,190,219,233,336
S04,S04:98,87,188,111,221,100,269
S04,S04:98,1,46,2,64,1,47
S04,S04:99,139,229,164,241,151,288
S04,S04:99,32,151,44,177,34,188
S04,S04:99,13,124,19,158,14,139
S04,S04:100,14,124,19,154,14,147
S04,S04:100,16,113,23,142,19,134
S04,S04:100,41,136,53,157,46,180
S04,S04:101,0,11,0,20,0,11
S04,S04:101,140,206,163,229,157,295
S04,S04:101,131,194,142,210,160,308
S04,S04:102,57,155,73,185,68,221
S04,S04:102,60,191,80,213,69,244
S04,S04:102,17,142,28,176,17,174
S04,S04:103,0,0,0,0,0,0
S04,S04:103,0,4,0,7,0,4
S04,S04:103,0,2,0,3,0,2
S04,S04:104,186,228,210,245,253,344
S04,S04:104,131,192,157,217,156,292
S04,S04:104,67,188,84,218,70,241
S04,S04:105,57,103,69,115,67,151
S04,S04:105,128,197,151,215,151,282
S04,S04:105,59,176,79,204,62,232
S04,S04:106,14,95,17,107,15,135
S04,S04:106,78,197,104,223,92,280
S04,S04:106,92,188,117,208,106,283
S04,S04:107,99,209,130,228,104,284
S04,S04:107,56,153,61,165,59,214
S04,S04:107,0,2,0,2,0,2
S04,S04:108,133,209,160,223,138,277
S04,S04:108,100,211,127,227,116,286
S04,S04:108,25,121,30,145,25,154
S04,S04:109,1,64,2,81,1,74
S04,S04:109,55,169,71,188,59,243
S04,S04:109,64,169,90,197,67,225
S04,S04:110,0,49,0,55,0,56
S04,S04:110,35,132,50,156,38,177
S04,S04:110,20,121,29,141,20,147
S04,S04:111,0,0,0,0,0,0
S04,S04:111,0,0,0,0,0,0
S04,S04:111,1,10,2,10,1,13
S04,S04:112,82,186,99,212,88,253
S04,S04:112,143,210,179,252,175,298
S04,S04:112,1,32,2,48,1,35
S04,S04:113,1,85,0,86,1,127
S04,S04:113,0,38,0,38,0,39
S04,S04:113,0,0,0,0,0,0
S04,S04:114,0,0,0,0,0,0
S04,S04:114,0,0,0,0,0,0
S04,S04:114,0,0,0,0,0,0
S04,S04:115,0,65,0,71,0,87
S04,S04:115,22,142,33,162,22,180
S04,S04:115,7,137,14,153,7,150
S04,S04:116,7,43,7,55,7,45
S04,S04:116,46,161,53,172,48,223
S04,S04:116,9,136,16,164,10,152
S04,S04:117,26,122,39,144,29,147
S04,S04:117,102,182,130,213,135,267
S04,S04:117,144,178,171,205,202,315
S04,S04:118,50,140,67,182,58,211
S04,S04:118,11,120,19,137,11,151
S04,S04:118,7,126,11,158,7,150
S04,S04:119,12,113,20,140,12,130
S04,S04:119,5,127,10,144,5,135
S04,S04:119,7,122,13,141,7,137
S04,S04:120,168,221,193,235,215,333
S04,S04:120,96,182,107,197,119,258
S04,S04:120,18,113,27,140,18,140
S04,S04:121,125,208,154,234,138,276
S04,S04:121,105,206,133,239,113,259
S04,S04:121,25,132,32,157,25,182
S04,S04:122,16,126,22,151,17,147
S04,S04:122,7,125,11,152,7,135
S04,S04:122,18,119,26,142,18,139
S04,S04:123,15,107,23,131,15,131
S04,S04:123,22,141,33,171,22,167
S04,S04:123,13,135,20,163,13,155
S04,S04:124,40,136,49,160,43,175
S04,S04:124,154,214,182,235,186,314
S04,S04:124,116,219,138,230,128,289
S04,S04:125,25,115,40,152,29,133
S04,S04:125,177,220,210,243,218,330
S04,S04:125,124,177,160,217,167,298
S04,S04:126,16,139,21,172,16,159
S04,S04:126,2,102,4,128,2,105
S04,S04:126,5,47,8,69,5,48
S04,S04:127,22,103,27,130,22,117
S04,S04:127,151,207,170,229,196,330
S04,S04:127,140,191,179,233,183,318
S04,S04:128,84,192,115,216,90,240
S04,S04:128,47,165,65,197,47,202
S04,S04:128,16,135,24,156,16,157
S04,S04:129,142,204,163,232,179,325
S04,S04:129,171,213,190,224,213,332
S04,S04:129,155,192,208,245,209,323
S04,S04:130,136,211,160,230,159,300
S04,S04:130,141,187,169,231,180,315
S04,S04:130,32,94,37,114,48,145
S04,S04:131,111,182,149,229,137,282
S04,S04:131,94,204,119,227,99,277
S04,S04:131,3,34,5,46,3,37
S04,S04:132,124,208,145,230,132,275
S04,S04:132,70,169,90,191,82,243
S04,S04:132,0,17,0,26,0,18
S04,S04:133,100,209,118,217,103,261
S04,S04:133,72,177,83,207,81,259
S04,S04:133,15,66,19,80,16,83
S04,S04:134,136,201,158,222,152,290
S04,S04:134,40,185,54,202,41,230
S04,S04:134,44,164,60,202,44,218
S04,S04:135,0,0,0,0,0,0
S04,S04:135,0,0,0,0,0,0
S04,S04:135,0,0,0,0,0,0
S04,S04:136,0,9,0,14,0,10
S04,S04:136,141,192,180,217,199,319
S04,S04:136,101,199,126,218,116,274
S04,S04:137,33,127,38,141,33,153
S04,S04:137,143,193,163,212,180,298
S04,S04:137,131,198,148,211,149,297
S04,S04:138,16,122,25,148,16,143
S04,S04:138,20,148,28,181,20,164
S04,S04:138,2,79,4,95,2,91
S04,S04:139,95,198,122,231,106,266
S04,S04:139,45,173,62,200,47,217
S04,S04:139,0,4,0,7,0,4
S04,S04:140,69,181,80,204,77,252
S04,S04:140,35,145,52,172,42,191
S04,S04:140,0,4,0,7,0,4
S04,S04:141,26,144,40,170,26,165
S04,S04:141,1,88,2,108,1,97
S04,S04:141,0,11,0,15,0,11
S04,S04:142,96,209,118,228,100,275
S04,S04:142,79,181,105,203,87,245
S04,S04:142,35,166,44,191,36,197
S04,S04:143,114,198,130,213,135,290
S04,S04:143,142,204,169,227,167,302
S04,S04:143,118,211,144,246,122,271
S04,S04:144,7,125,12,157,7,134
S04,S04:144,2,76,4,94,2,84
S04,S04:144,4,57,4,71,4,61
S04,S04:145,0,0,0,0,0,0
S04,S04:145,139,210,166,224,172,307
S04,S04:145,53,172,74,205,58,226
S04,S04:146,48,136,53,140,56,214
S04,S04:146,182,241,201,245,209,330
S04,S04:146,74,181,100,205,81,239
S04,S04:147,149,212,177,227,187,321
S04,S04:147,102,153,136,197,133,274
S04,S04:147,7,101,11,118,8,124
S04,S04:148,104,188,119,213,124,259
S04,S04:148,84,194,111,234,94,253
S04,S04:148,80,166,94,177,85,202
S04,S04:149,126,214,162,240,148,283
S04,S04:149,104,175,114,192,133,274
S04,S04:149,0,51,0,76,0,59
S04,S04:150,78,201,90,239,85,243
S04,S04:150,76,162,89,190,95,237
S04,S04:150,0,44,0,63,0,44
S04,S04:151,117,214,142,238,135,300
S04,S04:151,129,194,147,210,157,303
S04,S04:151,14,86,15,113,17,108
S04,S04:152,96,201,127,233,109,268
S04,S04:152,47,157,65,187,51,198
S04,S04:152,5,99,9,119,6,106
S04,S04:153,0,2,0,3,0,2
S04,S04:153,0,2,0,4,0,2
S04,S04:153,0,0,0,0,0,0
S04,S04:154,119,218,150,240,126,280
S04,S04:154,59,156,83,180,72,212
S04,S04:154,42,169,55,193,44,215
S04,S04:155,43,143,58,173,45,185
S04,S04:155,13,108,24,134,13,119
S04,S04:155,0,42,0,68,0,42
S04,S04:156,59,174,74,205,59,212
S04,S04:156,21,103,29,114,22,135
S04,S04:156,9,92,13,119,9,105
S04,S04:157,52,152,64,170,56,209
S04,S04:157,6,104,10,128,6,123
S04,S04:157,1,86,2,110,1,96
S04,S04:158,0,0,0,0,0,0
S04,S04:158,0,7,0,9,0,8
S04,S04:158,53,163,81,208,62,224
S04,S04:159,0,2,0,1,0,2
S04,S04:159,11,147,14,159,15,179
S04,S04:159,3,129,6,157,3,143
S04,S04:160,4,59,5,71,4,66
S04,S04:160,0,14,0,19,0,14
S04,S04:160,0,2,0,2,0,2
S04,S04:161,87,201,109,222,106,280
S04,S04:161,81,201,110,223,100,261
S04,S04:161,18,99,28,127,18,111
S04,S04:162,30,129,39,156,32,173
S04,S04:162,17,88,28,119,17,108
S04,S04:162,19,88,32,123,21,100
S04,S04:163,181,218,200,226,234,334
S04,S04:163,35,159,47,187,49,211
S04,S04:163,12,141,22,171,12,159
S04,S04:164,160,230,193,247,186,315
S04,S04:164,52,155,69,175,53,208
S04,S04:164,21,161,32,197,21,178
S04,S04:165,0,6,0,7,0,6
S04,S04:165,0,2,0,4,0,2
S04,S04:165,0,1,0,2,0,1
S04,S04:166,0,94,0,111,0,100
S04,S04:166,6,91,10,112,6,101
S04,S04:166,0,49,0,63,0,53
S04,S04:167,12,51,12,57,14,57
S04,S04:167,5,52,5,81,5,61
S04,S04:167,0,6,0,9,0,6
S04,S04:168,68,186,83,209,80,256
S04,S04:168,82,171,108,189,89,240
S04,S04:168,50,149,63,171,53,194
S04,S04:169,0,3,0,5,0,3
S04,S04:169,1,28,2,38,1,29
S04,S04:169,0,4,0,6,0,4
S04,S04:170,21,97,27,118,24,111
S04,S04:170,149,197,169,216,195,329
S04,S04:170,134,210,164,234,157,283
