run_id,source_artifact,source_sha256,dataset,subject,current_shots_per_class,arm,total_calibration_trials,detector_target_calibration_trials,reference_unit,conditional_loss_comparable_across_detectors,references,detections,matched,missed,unmatched_detections,correct,detection_recall,detection_precision,end_to_end_success,active_event_macro_f1,conditional_accuracy,conditional_log_loss,conditional_brier,onset_cue_mae_s,offset_cue_mae_s,eof_censored_recordings,active_close_recall,active_open_recall
roam_class_transition_v1,benchmarks/new_bank_v3/ROAM_CLASS_TRANSITION_V1_TARGET_RESULTS.json,7ebf3df81cf59dbd19a1a74a1c241aef129bbab2fb896b44ebf5a106c2391c71,ROAM_EMG_native8_200Hz,19,0,source_window,0,0,active_gt_cue_interval_not_physiological_bout,False,10,13,9,1,4,9,0.9,0.6923076923076923,0.9,0.7846153846153847,1.0,0.45216981847644244,0.070060845048444,0.45444444444444443,0.49,0,1.0,0.8333333333333334
roam_class_transition_v1,benchmarks/new_bank_v3/ROAM_CLASS_TRANSITION_V1_TARGET_RESULTS.json,7ebf3df81cf59dbd19a1a74a1c241aef129bbab2fb896b44ebf5a106c2391c71,ROAM_EMG_native8_200Hz,19,0,window_full,6,0,active_gt_cue_interval_not_physiological_bout,False,10,13,9,1,4,9,0.9,0.6923076923076923,0.9,0.7846153846153847,1.0,0.5883023761015034,0.0998094023539209,0.45444444444444443,0.49,0,1.0,0.8333333333333334
roam_class_transition_v1,benchmarks/new_bank_v3/ROAM_CLASS_TRANSITION_V1_TARGET_RESULTS.json,7ebf3df81cf59dbd19a1a74a1c241aef129bbab2fb896b44ebf5a106c2391c71,ROAM_EMG_native8_200Hz,19,0,joint_full,6,0,active_gt_cue_interval_not_physiological_bout,False,10,13,9,1,4,9,0.9,0.6923076923076923,0.9,0.7846153846153847,1.0,0.6638042236569901,0.1180212620484924,0.45444444444444443,0.49,0,1.0,0.8333333333333334
roam_class_transition_v1,benchmarks/new_bank_v3/ROAM_CLASS_TRANSITION_V1_TARGET_RESULTS.json,7ebf3df81cf59dbd19a1a74a1c241aef129bbab2fb896b44ebf5a106c2391c71,ROAM_EMG_native8_200Hz,19,1,source_window,0,0,active_gt_cue_interval_not_physiological_bout,False,10,13,9,1,4,9,0.9,0.6923076923076923,0.9,0.7846153846153847,1.0,0.45216981847644244,0.070060845048444,0.45444444444444443,0.49,0,1.0,0.8333333333333334
roam_class_transition_v1,benchmarks/new_bank_v3/ROAM_CLASS_TRANSITION_V1_TARGET_RESULTS.json,7ebf3df81cf59dbd19a1a74a1c241aef129bbab2fb896b44ebf5a106c2391c71,ROAM_EMG_native8_200Hz,19,1,window_full,9,0,active_gt_cue_interval_not_physiological_bout,False,10,13,9,1,4,9,0.9,0.6923076923076923,0.9,0.7846153846153847,1.0,0.5589275146447155,0.09298980411195042,0.45444444444444443,0.49,0,1.0,0.8333333333333334
roam_class_transition_v1,benchmarks/new_bank_v3/ROAM_CLASS_TRANSITION_V1_TARGET_RESULTS.json,7ebf3df81cf59dbd19a1a74a1c241aef129bbab2fb896b44ebf5a106c2391c71,ROAM_EMG_native8_200Hz,19,1,joint_full,9,0,active_gt_cue_interval_not_physiological_bout,False,10,13,9,1,4,9,0.9,0.6923076923076923,0.9,0.7846153846153847,1.0,0.6332521721116285,0.1105450780602873,0.45444444444444443,0.49,0,1.0,0.8333333333333334
roam_class_transition_v1,benchmarks/new_bank_v3/ROAM_CLASS_TRANSITION_V1_TARGET_RESULTS.json,7ebf3df81cf59dbd19a1a74a1c241aef129bbab2fb896b44ebf5a106c2391c71,ROAM_EMG_native8_200Hz,19,2,source_window,0,0,active_gt_cue_interval_not_physiological_bout,False,10,13,9,1,4,9,0.9,0.6923076923076923,0.9,0.7846153846153847,1.0,0.45216981847644244,0.070060845048444,0.45444444444444443,0.49,0,1.0,0.8333333333333334
roam_class_transition_v1,benchmarks/new_bank_v3/ROAM_CLASS_TRANSITION_V1_TARGET_RESULTS.json,7ebf3df81cf59dbd19a1a74a1c241aef129bbab2fb896b44ebf5a106c2391c71,ROAM_EMG_native8_200Hz,19,2,window_full,12,0,active_gt_cue_interval_not_physiological_bout,False,10,13,9,1,4,9,0.9,0.6923076923076923,0.9,0.7846153846153847,1.0,0.5525349906544869,0.09127846340126515,0.45444444444444443,0.49,0,1.0,0.8333333333333334
roam_class_transition_v1,benchmarks/new_bank_v3/ROAM_CLASS_TRANSITION_V1_TARGET_RESULTS.json,7ebf3df81cf59dbd19a1a74a1c241aef129bbab2fb896b44ebf5a106c2391c71,ROAM_EMG_native8_200Hz,19,2,joint_full,12,0,active_gt_cue_interval_not_physiological_bout,False,10,13,9,1,4,9,0.9,0.6923076923076923,0.9,0.7846153846153847,1.0,0.6359000185660562,0.1111869610709161,0.45444444444444443,0.49,0,1.0,0.8333333333333334
roam_class_transition_v1,benchmarks/new_bank_v3/ROAM_CLASS_TRANSITION_V1_TARGET_RESULTS.json,7ebf3df81cf59dbd19a1a74a1c241aef129bbab2fb896b44ebf5a106c2391c71,ROAM_EMG_native8_200Hz,20,0,source_window,0,0,active_gt_cue_interval_not_physiological_bout,False,10,19,3,7,16,3,0.3,0.15789473684210525,0.3,0.22916666666666666,1.0,0.19723965455289502,0.01852702053012819,0.4033333333333333,0.36000000000000004,0,0.5,0.16666666666666666
roam_class_transition_v1,benchmarks/new_bank_v3/ROAM_CLASS_TRANSITION_V1_TARGET_RESULTS.json,7ebf3df81cf59dbd19a1a74a1c241aef129bbab2fb896b44ebf5a106c2391c71,ROAM_EMG_native8_200Hz,20,0,window_full,6,0,active_gt_cue_interval_not_physiological_bout,False,10,19,3,7,16,3,0.3,0.15789473684210525,0.3,0.23737373737373738,1.0,0.46662994655054035,0.07037304568050896,0.4033333333333333,0.36000000000000004,0,0.5,0.16666666666666666
roam_class_transition_v1,benchmarks/new_bank_v3/ROAM_CLASS_TRANSITION_V1_TARGET_RESULTS.json,7ebf3df81cf59dbd19a1a74a1c241aef129bbab2fb896b44ebf5a106c2391c71,ROAM_EMG_native8_200Hz,20,0,joint_full,6,0,active_gt_cue_interval_not_physiological_bout,False,10,19,3,7,16,3,0.3,0.15789473684210525,0.3,0.23737373737373738,1.0,0.5810447238589376,0.09738491291463064,0.4033333333333333,0.36000000000000004,0,0.5,0.16666666666666666
roam_class_transition_v1,benchmarks/new_bank_v3/ROAM_CLASS_TRANSITION_V1_TARGET_RESULTS.json,7ebf3df81cf59dbd19a1a74a1c241aef129bbab2fb896b44ebf5a106c2391c71,ROAM_EMG_native8_200Hz,20,1,source_window,0,0,active_gt_cue_interval_not_physiological_bout,False,10,19,3,7,16,3,0.3,0.15789473684210525,0.3,0.22916666666666666,1.0,0.19723965455289502,0.01852702053012819,0.4033333333333333,0.36000000000000004,0,0.5,0.16666666666666666
roam_class_transition_v1,benchmarks/new_bank_v3/ROAM_CLASS_TRANSITION_V1_TARGET_RESULTS.json,7ebf3df81cf59dbd19a1a74a1c241aef129bbab2fb896b44ebf5a106c2391c71,ROAM_EMG_native8_200Hz,20,1,window_full,9,0,active_gt_cue_interval_not_physiological_bout,False,10,19,3,7,16,3,0.3,0.15789473684210525,0.3,0.22549019607843135,1.0,0.4313115955691365,0.06238974869804818,0.4033333333333333,0.36000000000000004,0,0.5,0.16666666666666666
roam_class_transition_v1,benchmarks/new_bank_v3/ROAM_CLASS_TRANSITION_V1_TARGET_RESULTS.json,7ebf3df81cf59dbd19a1a74a1c241aef129bbab2fb896b44ebf5a106c2391c71,ROAM_EMG_native8_200Hz,20,1,joint_full,9,0,active_gt_cue_interval_not_physiological_bout,False,10,19,3,7,16,3,0.3,0.15789473684210525,0.3,0.23737373737373738,1.0,0.5551078313665506,0.0910386223816317,0.4033333333333333,0.36000000000000004,0,0.5,0.16666666666666666
roam_class_transition_v1,benchmarks/new_bank_v3/ROAM_CLASS_TRANSITION_V1_TARGET_RESULTS.json,7ebf3df81cf59dbd19a1a74a1c241aef129bbab2fb896b44ebf5a106c2391c71,ROAM_EMG_native8_200Hz,20,2,source_window,0,0,active_gt_cue_interval_not_physiological_bout,False,10,19,3,7,16,3,0.3,0.15789473684210525,0.3,0.22916666666666666,1.0,0.19723965455289502,0.01852702053012819,0.4033333333333333,0.36000000000000004,0,0.5,0.16666666666666666
roam_class_transition_v1,benchmarks/new_bank_v3/ROAM_CLASS_TRANSITION_V1_TARGET_RESULTS.json,7ebf3df81cf59dbd19a1a74a1c241aef129bbab2fb896b44ebf5a106c2391c71,ROAM_EMG_native8_200Hz,20,2,window_full,12,0,active_gt_cue_interval_not_physiological_bout,False,10,19,3,7,16,3,0.3,0.15789473684210525,0.3,0.24064171122994654,1.0,0.4476943795098632,0.06651877311952642,0.4033333333333333,0.36000000000000004,0,0.5,0.16666666666666666
roam_class_transition_v1,benchmarks/new_bank_v3/ROAM_CLASS_TRANSITION_V1_TARGET_RESULTS.json,7ebf3df81cf59dbd19a1a74a1c241aef129bbab2fb896b44ebf5a106c2391c71,ROAM_EMG_native8_200Hz,20,2,joint_full,12,0,active_gt_cue_interval_not_physiological_bout,False,10,19,3,7,16,3,0.3,0.15789473684210525,0.3,0.24064171122994654,1.0,0.5686476114638405,0.09455017726023471,0.4033333333333333,0.36000000000000004,0,0.5,0.16666666666666666
roam_class_transition_v1,benchmarks/new_bank_v3/ROAM_CLASS_TRANSITION_V1_TARGET_RESULTS.json,7ebf3df81cf59dbd19a1a74a1c241aef129bbab2fb896b44ebf5a106c2391c71,ROAM_EMG_native8_200Hz,21,0,source_window,0,0,active_gt_cue_interval_not_physiological_bout,False,10,11,9,1,2,9,0.9,0.8181818181818182,0.9,0.8846153846153846,1.0,0.1567008460451628,0.014216633131716295,0.6644444444444445,0.5655555555555556,1,1.0,0.8333333333333334
roam_class_transition_v1,benchmarks/new_bank_v3/ROAM_CLASS_TRANSITION_V1_TARGET_RESULTS.json,7ebf3df81cf59dbd19a1a74a1c241aef129bbab2fb896b44ebf5a106c2391c71,ROAM_EMG_native8_200Hz,21,0,window_full,6,0,active_gt_cue_interval_not_physiological_bout,False,10,11,9,1,2,9,0.9,0.8181818181818182,0.9,0.8846153846153846,1.0,0.41642279601223525,0.05857199824364739,0.6644444444444445,0.5655555555555556,1,1.0,0.8333333333333334
roam_class_transition_v1,benchmarks/new_bank_v3/ROAM_CLASS_TRANSITION_V1_TARGET_RESULTS.json,7ebf3df81cf59dbd19a1a74a1c241aef129bbab2fb896b44ebf5a106c2391c71,ROAM_EMG_native8_200Hz,21,0,joint_full,6,0,active_gt_cue_interval_not_physiological_bout,False,10,11,9,1,2,9,0.9,0.8181818181818182,0.9,0.8846153846153846,1.0,0.5313971439251093,0.08539174372694779,0.6644444444444445,0.5655555555555556,1,1.0,0.8333333333333334
roam_class_transition_v1,benchmarks/new_bank_v3/ROAM_CLASS_TRANSITION_V1_TARGET_RESULTS.json,7ebf3df81cf59dbd19a1a74a1c241aef129bbab2fb896b44ebf5a106c2391c71,ROAM_EMG_native8_200Hz,21,1,source_window,0,0,active_gt_cue_interval_not_physiological_bout,False,10,11,9,1,2,9,0.9,0.8181818181818182,0.9,0.8846153846153846,1.0,0.1567008460451628,0.014216633131716295,0.6644444444444445,0.5655555555555556,1,1.0,0.8333333333333334
roam_class_transition_v1,benchmarks/new_bank_v3/ROAM_CLASS_TRANSITION_V1_TARGET_RESULTS.json,7ebf3df81cf59dbd19a1a74a1c241aef129bbab2fb896b44ebf5a106c2391c71,ROAM_EMG_native8_200Hz,21,1,window_full,9,0,active_gt_cue_interval_not_physiological_bout,False,10,11,9,1,2,9,0.9,0.8181818181818182,0.9,0.8846153846153846,1.0,0.3872502129144185,0.05202079399904275,0.6644444444444445,0.5655555555555556,1,1.0,0.8333333333333334
roam_class_transition_v1,benchmarks/new_bank_v3/ROAM_CLASS_TRANSITION_V1_TARGET_RESULTS.json,7ebf3df81cf59dbd19a1a74a1c241aef129bbab2fb896b44ebf5a106c2391c71,ROAM_EMG_native8_200Hz,21,1,joint_full,9,0,active_gt_cue_interval_not_physiological_bout,False,10,11,9,1,2,9,0.9,0.8181818181818182,0.9,0.8846153846153846,1.0,0.5078522663722392,0.07953790276778216,0.6644444444444445,0.5655555555555556,1,1.0,0.8333333333333334
roam_class_transition_v1,benchmarks/new_bank_v3/ROAM_CLASS_TRANSITION_V1_TARGET_RESULTS.json,7ebf3df81cf59dbd19a1a74a1c241aef129bbab2fb896b44ebf5a106c2391c71,ROAM_EMG_native8_200Hz,21,2,source_window,0,0,active_gt_cue_interval_not_physiological_bout,False,10,11,9,1,2,9,0.9,0.8181818181818182,0.9,0.8846153846153846,1.0,0.1567008460451628,0.014216633131716295,0.6644444444444445,0.5655555555555556,1,1.0,0.8333333333333334
roam_class_transition_v1,benchmarks/new_bank_v3/ROAM_CLASS_TRANSITION_V1_TARGET_RESULTS.json,7ebf3df81cf59dbd19a1a74a1c241aef129bbab2fb896b44ebf5a106c2391c71,ROAM_EMG_native8_200Hz,21,2,window_full,12,0,active_gt_cue_interval_not_physiological_bout,False,10,11,9,1,2,9,0.9,0.8181818181818182,0.9,0.8846153846153846,1.0,0.3947047519861952,0.05380362176298952,0.6644444444444445,0.5655555555555556,1,1.0,0.8333333333333334
roam_class_transition_v1,benchmarks/new_bank_v3/ROAM_CLASS_TRANSITION_V1_TARGET_RESULTS.json,7ebf3df81cf59dbd19a1a74a1c241aef129bbab2fb896b44ebf5a106c2391c71,ROAM_EMG_native8_200Hz,21,2,joint_full,12,0,active_gt_cue_interval_not_physiological_bout,False,10,11,9,1,2,9,0.9,0.8181818181818182,0.9,0.8846153846153846,1.0,0.5130436838030598,0.08075884645077575,0.6644444444444445,0.5655555555555556,1,1.0,0.8333333333333334
roam_class_transition_v1,benchmarks/new_bank_v3/ROAM_CLASS_TRANSITION_V1_TARGET_RESULTS.json,7ebf3df81cf59dbd19a1a74a1c241aef129bbab2fb896b44ebf5a106c2391c71,ROAM_EMG_native8_200Hz,22,0,source_window,0,0,active_gt_cue_interval_not_physiological_bout,False,10,10,10,0,0,10,1.0,1.0,1.0,1.0,1.0,0.1184782255436723,0.007083905084890687,0.348,0.308,0,1.0,1.0
roam_class_transition_v1,benchmarks/new_bank_v3/ROAM_CLASS_TRANSITION_V1_TARGET_RESULTS.json,7ebf3df81cf59dbd19a1a74a1c241aef129bbab2fb896b44ebf5a106c2391c71,ROAM_EMG_native8_200Hz,22,0,window_full,6,0,active_gt_cue_interval_not_physiological_bout,False,10,10,10,0,0,10,1.0,1.0,1.0,1.0,1.0,0.37220354847158327,0.04889107884564315,0.348,0.308,0,1.0,1.0
roam_class_transition_v1,benchmarks/new_bank_v3/ROAM_CLASS_TRANSITION_V1_TARGET_RESULTS.json,7ebf3df81cf59dbd19a1a74a1c241aef129bbab2fb896b44ebf5a106c2391c71,ROAM_EMG_native8_200Hz,22,0,joint_full,6,0,active_gt_cue_interval_not_physiological_bout,False,10,10,10,0,0,10,1.0,1.0,1.0,1.0,1.0,0.4779141609374592,0.07253240836611165,0.348,0.308,0,1.0,1.0
roam_class_transition_v1,benchmarks/new_bank_v3/ROAM_CLASS_TRANSITION_V1_TARGET_RESULTS.json,7ebf3df81cf59dbd19a1a74a1c241aef129bbab2fb896b44ebf5a106c2391c71,ROAM_EMG_native8_200Hz,22,1,source_window,0,0,active_gt_cue_interval_not_physiological_bout,False,10,10,10,0,0,10,1.0,1.0,1.0,1.0,1.0,0.1184782255436723,0.007083905084890687,0.348,0.308,0,1.0,1.0
roam_class_transition_v1,benchmarks/new_bank_v3/ROAM_CLASS_TRANSITION_V1_TARGET_RESULTS.json,7ebf3df81cf59dbd19a1a74a1c241aef129bbab2fb896b44ebf5a106c2391c71,ROAM_EMG_native8_200Hz,22,1,window_full,9,0,active_gt_cue_interval_not_physiological_bout,False,10,10,10,0,0,10,1.0,1.0,1.0,1.0,1.0,0.345674247365818,0.04316464123803792,0.348,0.308,0,1.0,1.0
roam_class_transition_v1,benchmarks/new_bank_v3/ROAM_CLASS_TRANSITION_V1_TARGET_RESULTS.json,7ebf3df81cf59dbd19a1a74a1c241aef129bbab2fb896b44ebf5a106c2391c71,ROAM_EMG_native8_200Hz,22,1,joint_full,9,0,active_gt_cue_interval_not_physiological_bout,False,10,10,10,0,0,10,1.0,1.0,1.0,1.0,1.0,0.46442792977571673,0.0692415663864318,0.348,0.308,0,1.0,1.0
roam_class_transition_v1,benchmarks/new_bank_v3/ROAM_CLASS_TRANSITION_V1_TARGET_RESULTS.json,7ebf3df81cf59dbd19a1a74a1c241aef129bbab2fb896b44ebf5a106c2391c71,ROAM_EMG_native8_200Hz,22,2,source_window,0,0,active_gt_cue_interval_not_physiological_bout,False,10,10,10,0,0,10,1.0,1.0,1.0,1.0,1.0,0.1184782255436723,0.007083905084890687,0.348,0.308,0,1.0,1.0
roam_class_transition_v1,benchmarks/new_bank_v3/ROAM_CLASS_TRANSITION_V1_TARGET_RESULTS.json,7ebf3df81cf59dbd19a1a74a1c241aef129bbab2fb896b44ebf5a106c2391c71,ROAM_EMG_native8_200Hz,22,2,window_full,12,0,active_gt_cue_interval_not_physiological_bout,False,10,10,10,0,0,10,1.0,1.0,1.0,1.0,1.0,0.3731645930940825,0.04925908879612526,0.348,0.308,0,1.0,1.0
roam_class_transition_v1,benchmarks/new_bank_v3/ROAM_CLASS_TRANSITION_V1_TARGET_RESULTS.json,7ebf3df81cf59dbd19a1a74a1c241aef129bbab2fb896b44ebf5a106c2391c71,ROAM_EMG_native8_200Hz,22,2,joint_full,12,0,active_gt_cue_interval_not_physiological_bout,False,10,10,10,0,0,10,1.0,1.0,1.0,1.0,1.0,0.4841904395832291,0.0740211890401232,0.348,0.308,0,1.0,1.0
roam_class_transition_v1,benchmarks/new_bank_v3/ROAM_CLASS_TRANSITION_V1_TARGET_RESULTS.json,7ebf3df81cf59dbd19a1a74a1c241aef129bbab2fb896b44ebf5a106c2391c71,ROAM_EMG_native8_200Hz,23,0,source_window,0,0,active_gt_cue_interval_not_physiological_bout,False,10,16,7,3,9,7,0.7,0.4375,0.7,0.6209150326797386,1.0,0.28158252835247605,0.03511181249345612,0.7814285714285714,0.42857142857142855,0,1.0,0.5
roam_class_transition_v1,benchmarks/new_bank_v3/ROAM_CLASS_TRANSITION_V1_TARGET_RESULTS.json,7ebf3df81cf59dbd19a1a74a1c241aef129bbab2fb896b44ebf5a106c2391c71,ROAM_EMG_native8_200Hz,23,0,window_full,6,0,active_gt_cue_interval_not_physiological_bout,False,10,16,7,3,9,7,0.7,0.4375,0.7,0.6209150326797386,1.0,0.5301686973114698,0.08573345756146819,0.7814285714285714,0.42857142857142855,0,1.0,0.5
roam_class_transition_v1,benchmarks/new_bank_v3/ROAM_CLASS_TRANSITION_V1_TARGET_RESULTS.json,7ebf3df81cf59dbd19a1a74a1c241aef129bbab2fb896b44ebf5a106c2391c71,ROAM_EMG_native8_200Hz,23,0,joint_full,6,0,active_gt_cue_interval_not_physiological_bout,False,10,16,7,3,9,7,0.7,0.4375,0.7,0.6209150326797386,1.0,0.6150326794419103,0.10616852063362674,0.7814285714285714,0.42857142857142855,0,1.0,0.5
roam_class_transition_v1,benchmarks/new_bank_v3/ROAM_CLASS_TRANSITION_V1_TARGET_RESULTS.json,7ebf3df81cf59dbd19a1a74a1c241aef129bbab2fb896b44ebf5a106c2391c71,ROAM_EMG_native8_200Hz,23,1,source_window,0,0,active_gt_cue_interval_not_physiological_bout,False,10,16,7,3,9,7,0.7,0.4375,0.7,0.6209150326797386,1.0,0.28158252835247605,0.03511181249345612,0.7814285714285714,0.42857142857142855,0,1.0,0.5
roam_class_transition_v1,benchmarks/new_bank_v3/ROAM_CLASS_TRANSITION_V1_TARGET_RESULTS.json,7ebf3df81cf59dbd19a1a74a1c241aef129bbab2fb896b44ebf5a106c2391c71,ROAM_EMG_native8_200Hz,23,1,window_full,9,0,active_gt_cue_interval_not_physiological_bout,False,10,16,7,3,9,7,0.7,0.4375,0.7,0.6209150326797386,1.0,0.4900630797193627,0.07591712782349219,0.7814285714285714,0.42857142857142855,0,1.0,0.5
roam_class_transition_v1,benchmarks/new_bank_v3/ROAM_CLASS_TRANSITION_V1_TARGET_RESULTS.json,7ebf3df81cf59dbd19a1a74a1c241aef129bbab2fb896b44ebf5a106c2391c71,ROAM_EMG_native8_200Hz,23,1,joint_full,9,0,active_gt_cue_interval_not_physiological_bout,False,10,16,7,3,9,7,0.7,0.4375,0.7,0.6209150326797386,1.0,0.5766248597814425,0.09635253272047807,0.7814285714285714,0.42857142857142855,0,1.0,0.5
roam_class_transition_v1,benchmarks/new_bank_v3/ROAM_CLASS_TRANSITION_V1_TARGET_RESULTS.json,7ebf3df81cf59dbd19a1a74a1c241aef129bbab2fb896b44ebf5a106c2391c71,ROAM_EMG_native8_200Hz,23,2,source_window,0,0,active_gt_cue_interval_not_physiological_bout,False,10,16,7,3,9,7,0.7,0.4375,0.7,0.6209150326797386,1.0,0.28158252835247605,0.03511181249345612,0.7814285714285714,0.42857142857142855,0,1.0,0.5
roam_class_transition_v1,benchmarks/new_bank_v3/ROAM_CLASS_TRANSITION_V1_TARGET_RESULTS.json,7ebf3df81cf59dbd19a1a74a1c241aef129bbab2fb896b44ebf5a106c2391c71,ROAM_EMG_native8_200Hz,23,2,window_full,12,0,active_gt_cue_interval_not_physiological_bout,False,10,16,7,3,9,7,0.7,0.4375,0.7,0.6209150326797386,1.0,0.5236211978510912,0.08492127384106316,0.7814285714285714,0.42857142857142855,0,1.0,0.5
roam_class_transition_v1,benchmarks/new_bank_v3/ROAM_CLASS_TRANSITION_V1_TARGET_RESULTS.json,7ebf3df81cf59dbd19a1a74a1c241aef129bbab2fb896b44ebf5a106c2391c71,ROAM_EMG_native8_200Hz,23,2,joint_full,12,0,active_gt_cue_interval_not_physiological_bout,False,10,16,7,3,9,7,0.7,0.4375,0.7,0.6209150326797386,1.0,0.603810464388982,0.10368066288288606,0.7814285714285714,0.42857142857142855,0,1.0,0.5
roam_class_transition_v1,benchmarks/new_bank_v3/ROAM_CLASS_TRANSITION_V1_TARGET_RESULTS.json,7ebf3df81cf59dbd19a1a74a1c241aef129bbab2fb896b44ebf5a106c2391c71,ROAM_EMG_native8_200Hz,24,0,source_window,0,0,active_gt_cue_interval_not_physiological_bout,False,10,12,8,2,4,8,0.8,0.6666666666666666,0.8,0.7857142857142857,1.0,0.25163894610298476,0.027966563788678917,0.18,0.25,0,1.0,0.6666666666666666
roam_class_transition_v1,benchmarks/new_bank_v3/ROAM_CLASS_TRANSITION_V1_TARGET_RESULTS.json,7ebf3df81cf59dbd19a1a74a1c241aef129bbab2fb896b44ebf5a106c2391c71,ROAM_EMG_native8_200Hz,24,0,window_full,6,0,active_gt_cue_interval_not_physiological_bout,False,10,12,8,2,4,8,0.8,0.6666666666666666,0.8,0.7857142857142857,1.0,0.5328401357412798,0.08602744788874367,0.18,0.25,0,1.0,0.6666666666666666
roam_class_transition_v1,benchmarks/new_bank_v3/ROAM_CLASS_TRANSITION_V1_TARGET_RESULTS.json,7ebf3df81cf59dbd19a1a74a1c241aef129bbab2fb896b44ebf5a106c2391c71,ROAM_EMG_native8_200Hz,24,0,joint_full,6,0,active_gt_cue_interval_not_physiological_bout,False,10,12,8,2,4,8,0.8,0.6666666666666666,0.8,0.7857142857142857,1.0,0.6136473799907407,0.1054963872740771,0.18,0.25,0,1.0,0.6666666666666666
roam_class_transition_v1,benchmarks/new_bank_v3/ROAM_CLASS_TRANSITION_V1_TARGET_RESULTS.json,7ebf3df81cf59dbd19a1a74a1c241aef129bbab2fb896b44ebf5a106c2391c71,ROAM_EMG_native8_200Hz,24,1,source_window,0,0,active_gt_cue_interval_not_physiological_bout,False,10,12,8,2,4,8,0.8,0.6666666666666666,0.8,0.7857142857142857,1.0,0.25163894610298476,0.027966563788678917,0.18,0.25,0,1.0,0.6666666666666666
roam_class_transition_v1,benchmarks/new_bank_v3/ROAM_CLASS_TRANSITION_V1_TARGET_RESULTS.json,7ebf3df81cf59dbd19a1a74a1c241aef129bbab2fb896b44ebf5a106c2391c71,ROAM_EMG_native8_200Hz,24,1,window_full,9,0,active_gt_cue_interval_not_physiological_bout,False,10,12,8,2,4,8,0.8,0.6666666666666666,0.8,0.7857142857142857,1.0,0.5151350277136518,0.08187222186838287,0.18,0.25,0,1.0,0.6666666666666666
roam_class_transition_v1,benchmarks/new_bank_v3/ROAM_CLASS_TRANSITION_V1_TARGET_RESULTS.json,7ebf3df81cf59dbd19a1a74a1c241aef129bbab2fb896b44ebf5a106c2391c71,ROAM_EMG_native8_200Hz,24,1,joint_full,9,0,active_gt_cue_interval_not_physiological_bout,False,10,12,8,2,4,8,0.8,0.6666666666666666,0.8,0.7857142857142857,1.0,0.6117944831397539,0.10517782675839889,0.18,0.25,0,1.0,0.6666666666666666
roam_class_transition_v1,benchmarks/new_bank_v3/ROAM_CLASS_TRANSITION_V1_TARGET_RESULTS.json,7ebf3df81cf59dbd19a1a74a1c241aef129bbab2fb896b44ebf5a106c2391c71,ROAM_EMG_native8_200Hz,24,2,source_window,0,0,active_gt_cue_interval_not_physiological_bout,False,10,12,8,2,4,8,0.8,0.6666666666666666,0.8,0.7857142857142857,1.0,0.25163894610298476,0.027966563788678917,0.18,0.25,0,1.0,0.6666666666666666
roam_class_transition_v1,benchmarks/new_bank_v3/ROAM_CLASS_TRANSITION_V1_TARGET_RESULTS.json,7ebf3df81cf59dbd19a1a74a1c241aef129bbab2fb896b44ebf5a106c2391c71,ROAM_EMG_native8_200Hz,24,2,window_full,12,0,active_gt_cue_interval_not_physiological_bout,False,10,12,8,2,4,8,0.8,0.6666666666666666,0.8,0.7857142857142857,1.0,0.5049655377030211,0.0795546264344764,0.18,0.25,0,1.0,0.6666666666666666
roam_class_transition_v1,benchmarks/new_bank_v3/ROAM_CLASS_TRANSITION_V1_TARGET_RESULTS.json,7ebf3df81cf59dbd19a1a74a1c241aef129bbab2fb896b44ebf5a106c2391c71,ROAM_EMG_native8_200Hz,24,2,joint_full,12,0,active_gt_cue_interval_not_physiological_bout,False,10,12,8,2,4,8,0.8,0.6666666666666666,0.8,0.7857142857142857,1.0,0.6000117105753556,0.10227036063945115,0.18,0.25,0,1.0,0.6666666666666666
roam_class_transition_v1,benchmarks/new_bank_v3/ROAM_CLASS_TRANSITION_V1_TARGET_RESULTS.json,7ebf3df81cf59dbd19a1a74a1c241aef129bbab2fb896b44ebf5a106c2391c71,ROAM_EMG_native8_200Hz,25,0,source_window,0,0,active_gt_cue_interval_not_physiological_bout,False,10,11,8,2,3,8,0.8,0.7272727272727273,0.8,0.8076923076923077,1.0,0.2992340500700195,0.03704599505191362,0.185,0.51125,0,1.0,0.6666666666666666
roam_class_transition_v1,benchmarks/new_bank_v3/ROAM_CLASS_TRANSITION_V1_TARGET_RESULTS.json,7ebf3df81cf59dbd19a1a74a1c241aef129bbab2fb896b44ebf5a106c2391c71,ROAM_EMG_native8_200Hz,25,0,window_full,6,0,active_gt_cue_interval_not_physiological_bout,False,10,11,8,2,3,8,0.8,0.7272727272727273,0.8,0.8076923076923077,1.0,0.49804552131074203,0.0782340468466091,0.185,0.51125,0,1.0,0.6666666666666666
roam_class_transition_v1,benchmarks/new_bank_v3/ROAM_CLASS_TRANSITION_V1_TARGET_RESULTS.json,7ebf3df81cf59dbd19a1a74a1c241aef129bbab2fb896b44ebf5a106c2391c71,ROAM_EMG_native8_200Hz,25,0,joint_full,6,0,active_gt_cue_interval_not_physiological_bout,False,10,11,8,2,3,8,0.8,0.7272727272727273,0.8,0.8076923076923077,1.0,0.586796049836656,0.09902702883703422,0.185,0.51125,0,1.0,0.6666666666666666
roam_class_transition_v1,benchmarks/new_bank_v3/ROAM_CLASS_TRANSITION_V1_TARGET_RESULTS.json,7ebf3df81cf59dbd19a1a74a1c241aef129bbab2fb896b44ebf5a106c2391c71,ROAM_EMG_native8_200Hz,25,1,source_window,0,0,active_gt_cue_interval_not_physiological_bout,False,10,11,8,2,3,8,0.8,0.7272727272727273,0.8,0.8076923076923077,1.0,0.2992340500700195,0.03704599505191362,0.185,0.51125,0,1.0,0.6666666666666666
roam_class_transition_v1,benchmarks/new_bank_v3/ROAM_CLASS_TRANSITION_V1_TARGET_RESULTS.json,7ebf3df81cf59dbd19a1a74a1c241aef129bbab2fb896b44ebf5a106c2391c71,ROAM_EMG_native8_200Hz,25,1,window_full,9,0,active_gt_cue_interval_not_physiological_bout,False,10,11,8,2,3,8,0.8,0.7272727272727273,0.8,0.8076923076923077,1.0,0.47825514426712223,0.0733586475456381,0.185,0.51125,0,1.0,0.6666666666666666
roam_class_transition_v1,benchmarks/new_bank_v3/ROAM_CLASS_TRANSITION_V1_TARGET_RESULTS.json,7ebf3df81cf59dbd19a1a74a1c241aef129bbab2fb896b44ebf5a106c2391c71,ROAM_EMG_native8_200Hz,25,1,joint_full,9,0,active_gt_cue_interval_not_physiological_bout,False,10,11,8,2,3,8,0.8,0.7272727272727273,0.8,0.8076923076923077,1.0,0.576925183292001,0.0964781322563824,0.185,0.51125,0,1.0,0.6666666666666666
roam_class_transition_v1,benchmarks/new_bank_v3/ROAM_CLASS_TRANSITION_V1_TARGET_RESULTS.json,7ebf3df81cf59dbd19a1a74a1c241aef129bbab2fb896b44ebf5a106c2391c71,ROAM_EMG_native8_200Hz,25,2,source_window,0,0,active_gt_cue_interval_not_physiological_bout,False,10,11,8,2,3,8,0.8,0.7272727272727273,0.8,0.8076923076923077,1.0,0.2992340500700195,0.03704599505191362,0.185,0.51125,0,1.0,0.6666666666666666
roam_class_transition_v1,benchmarks/new_bank_v3/ROAM_CLASS_TRANSITION_V1_TARGET_RESULTS.json,7ebf3df81cf59dbd19a1a74a1c241aef129bbab2fb896b44ebf5a106c2391c71,ROAM_EMG_native8_200Hz,25,2,window_full,12,0,active_gt_cue_interval_not_physiological_bout,False,10,11,8,2,3,8,0.8,0.7272727272727273,0.8,0.8076923076923077,1.0,0.4938241478967928,0.07719725268056925,0.185,0.51125,0,1.0,0.6666666666666666
roam_class_transition_v1,benchmarks/new_bank_v3/ROAM_CLASS_TRANSITION_V1_TARGET_RESULTS.json,7ebf3df81cf59dbd19a1a74a1c241aef129bbab2fb896b44ebf5a106c2391c71,ROAM_EMG_native8_200Hz,25,2,joint_full,12,0,active_gt_cue_interval_not_physiological_bout,False,10,11,8,2,3,8,0.8,0.7272727272727273,0.8,0.8076923076923077,1.0,0.5836849253743015,0.09827206885491462,0.185,0.51125,0,1.0,0.6666666666666666
roam_class_transition_v1,benchmarks/new_bank_v3/ROAM_CLASS_TRANSITION_V1_TARGET_RESULTS.json,7ebf3df81cf59dbd19a1a74a1c241aef129bbab2fb896b44ebf5a106c2391c71,ROAM_EMG_native8_200Hz,26,0,source_window,0,0,active_gt_cue_interval_not_physiological_bout,False,10,11,9,1,2,9,0.9,0.8181818181818182,0.9,0.8571428571428571,1.0,0.16519078565127288,0.013164843012365013,0.16000000000000003,0.18777777777777777,2,0.75,1.0
roam_class_transition_v1,benchmarks/new_bank_v3/ROAM_CLASS_TRANSITION_V1_TARGET_RESULTS.json,7ebf3df81cf59dbd19a1a74a1c241aef129bbab2fb896b44ebf5a106c2391c71,ROAM_EMG_native8_200Hz,26,0,window_full,6,0,active_gt_cue_interval_not_physiological_bout,False,10,11,9,1,2,9,0.9,0.8181818181818182,0.9,0.8571428571428571,1.0,0.4069944909638388,0.05627530051991371,0.16000000000000003,0.18777777777777777,2,0.75,1.0
roam_class_transition_v1,benchmarks/new_bank_v3/ROAM_CLASS_TRANSITION_V1_TARGET_RESULTS.json,7ebf3df81cf59dbd19a1a74a1c241aef129bbab2fb896b44ebf5a106c2391c71,ROAM_EMG_native8_200Hz,26,0,joint_full,6,0,active_gt_cue_interval_not_physiological_bout,False,10,11,9,1,2,9,0.9,0.8181818181818182,0.9,0.8571428571428571,1.0,0.5019740031228767,0.07816735801485289,0.16000000000000003,0.18777777777777777,2,0.75,1.0
roam_class_transition_v1,benchmarks/new_bank_v3/ROAM_CLASS_TRANSITION_V1_TARGET_RESULTS.json,7ebf3df81cf59dbd19a1a74a1c241aef129bbab2fb896b44ebf5a106c2391c71,ROAM_EMG_native8_200Hz,26,1,source_window,0,0,active_gt_cue_interval_not_physiological_bout,False,10,11,9,1,2,9,0.9,0.8181818181818182,0.9,0.8571428571428571,1.0,0.16519078565127288,0.013164843012365013,0.16000000000000003,0.18777777777777777,2,0.75,1.0
roam_class_transition_v1,benchmarks/new_bank_v3/ROAM_CLASS_TRANSITION_V1_TARGET_RESULTS.json,7ebf3df81cf59dbd19a1a74a1c241aef129bbab2fb896b44ebf5a106c2391c71,ROAM_EMG_native8_200Hz,26,1,window_full,9,0,active_gt_cue_interval_not_physiological_bout,False,10,11,9,1,2,9,0.9,0.8181818181818182,0.9,0.8571428571428571,1.0,0.37595740754378354,0.04940645608060738,0.16000000000000003,0.18777777777777777,2,0.75,1.0
roam_class_transition_v1,benchmarks/new_bank_v3/ROAM_CLASS_TRANSITION_V1_TARGET_RESULTS.json,7ebf3df81cf59dbd19a1a74a1c241aef129bbab2fb896b44ebf5a106c2391c71,ROAM_EMG_native8_200Hz,26,1,joint_full,9,0,active_gt_cue_interval_not_physiological_bout,False,10,11,9,1,2,9,0.9,0.8181818181818182,0.9,0.8571428571428571,1.0,0.4825063224299391,0.07348368079487509,0.16000000000000003,0.18777777777777777,2,0.75,1.0
roam_class_transition_v1,benchmarks/new_bank_v3/ROAM_CLASS_TRANSITION_V1_TARGET_RESULTS.json,7ebf3df81cf59dbd19a1a74a1c241aef129bbab2fb896b44ebf5a106c2391c71,ROAM_EMG_native8_200Hz,26,2,source_window,0,0,active_gt_cue_interval_not_physiological_bout,False,10,11,9,1,2,9,0.9,0.8181818181818182,0.9,0.8571428571428571,1.0,0.16519078565127288,0.013164843012365013,0.16000000000000003,0.18777777777777777,2,0.75,1.0
roam_class_transition_v1,benchmarks/new_bank_v3/ROAM_CLASS_TRANSITION_V1_TARGET_RESULTS.json,7ebf3df81cf59dbd19a1a74a1c241aef129bbab2fb896b44ebf5a106c2391c71,ROAM_EMG_native8_200Hz,26,2,window_full,12,0,active_gt_cue_interval_not_physiological_bout,False,10,11,9,1,2,9,0.9,0.8181818181818182,0.9,0.8571428571428571,1.0,0.3810818278806889,0.05048769191308776,0.16000000000000003,0.18777777777777777,2,0.75,1.0
roam_class_transition_v1,benchmarks/new_bank_v3/ROAM_CLASS_TRANSITION_V1_TARGET_RESULTS.json,7ebf3df81cf59dbd19a1a74a1c241aef129bbab2fb896b44ebf5a106c2391c71,ROAM_EMG_native8_200Hz,26,2,joint_full,12,0,active_gt_cue_interval_not_physiological_bout,False,10,11,9,1,2,9,0.9,0.8181818181818182,0.9,0.8571428571428571,1.0,0.48325380350312996,0.0735961177209907,0.16000000000000003,0.18777777777777777,2,0.75,1.0
roam_class_transition_v1,benchmarks/new_bank_v3/ROAM_CLASS_TRANSITION_V1_TARGET_RESULTS.json,7ebf3df81cf59dbd19a1a74a1c241aef129bbab2fb896b44ebf5a106c2391c71,ROAM_EMG_native8_200Hz,27,0,source_window,0,0,active_gt_cue_interval_not_physiological_bout,False,10,9,7,3,2,6,0.7,0.7777777777777778,0.6,0.6333333333333333,0.8571428571428571,0.4009968643859593,0.0721627516708752,0.32,0.48499999999999993,1,0.75,0.5
roam_class_transition_v1,benchmarks/new_bank_v3/ROAM_CLASS_TRANSITION_V1_TARGET_RESULTS.json,7ebf3df81cf59dbd19a1a74a1c241aef129bbab2fb896b44ebf5a106c2391c71,ROAM_EMG_native8_200Hz,27,0,window_full,6,0,active_gt_cue_interval_not_physiological_bout,False,10,9,7,3,2,6,0.7,0.7777777777777778,0.6,0.6333333333333333,0.8571428571428571,0.6016232144631789,0.10552678217018448,0.32,0.48499999999999993,1,0.75,0.5
roam_class_transition_v1,benchmarks/new_bank_v3/ROAM_CLASS_TRANSITION_V1_TARGET_RESULTS.json,7ebf3df81cf59dbd19a1a74a1c241aef129bbab2fb896b44ebf5a106c2391c71,ROAM_EMG_native8_200Hz,27,0,joint_full,6,0,active_gt_cue_interval_not_physiological_bout,False,10,9,7,3,2,6,0.7,0.7777777777777778,0.6,0.6333333333333333,0.8571428571428571,0.6800867060603571,0.1224788523207057,0.32,0.48499999999999993,1,0.75,0.5
roam_class_transition_v1,benchmarks/new_bank_v3/ROAM_CLASS_TRANSITION_V1_TARGET_RESULTS.json,7ebf3df81cf59dbd19a1a74a1c241aef129bbab2fb896b44ebf5a106c2391c71,ROAM_EMG_native8_200Hz,27,1,source_window,0,0,active_gt_cue_interval_not_physiological_bout,False,10,9,7,3,2,6,0.7,0.7777777777777778,0.6,0.6333333333333333,0.8571428571428571,0.4009968643859593,0.0721627516708752,0.32,0.48499999999999993,1,0.75,0.5
roam_class_transition_v1,benchmarks/new_bank_v3/ROAM_CLASS_TRANSITION_V1_TARGET_RESULTS.json,7ebf3df81cf59dbd19a1a74a1c241aef129bbab2fb896b44ebf5a106c2391c71,ROAM_EMG_native8_200Hz,27,1,window_full,9,0,active_gt_cue_interval_not_physiological_bout,False,10,9,7,3,2,6,0.7,0.7777777777777778,0.6,0.6333333333333333,0.8571428571428571,0.5613099752886045,0.09564090643237436,0.32,0.48499999999999993,1,0.75,0.5
roam_class_transition_v1,benchmarks/new_bank_v3/ROAM_CLASS_TRANSITION_V1_TARGET_RESULTS.json,7ebf3df81cf59dbd19a1a74a1c241aef129bbab2fb896b44ebf5a106c2391c71,ROAM_EMG_native8_200Hz,27,1,joint_full,9,0,active_gt_cue_interval_not_physiological_bout,False,10,9,7,3,2,6,0.7,0.7777777777777778,0.6,0.6333333333333333,0.8571428571428571,0.6431052898607613,0.11358591604661143,0.32,0.48499999999999993,1,0.75,0.5
roam_class_transition_v1,benchmarks/new_bank_v3/ROAM_CLASS_TRANSITION_V1_TARGET_RESULTS.json,7ebf3df81cf59dbd19a1a74a1c241aef129bbab2fb896b44ebf5a106c2391c71,ROAM_EMG_native8_200Hz,27,2,source_window,0,0,active_gt_cue_interval_not_physiological_bout,False,10,9,7,3,2,6,0.7,0.7777777777777778,0.6,0.6333333333333333,0.8571428571428571,0.4009968643859593,0.0721627516708752,0.32,0.48499999999999993,1,0.75,0.5
roam_class_transition_v1,benchmarks/new_bank_v3/ROAM_CLASS_TRANSITION_V1_TARGET_RESULTS.json,7ebf3df81cf59dbd19a1a74a1c241aef129bbab2fb896b44ebf5a106c2391c71,ROAM_EMG_native8_200Hz,27,2,window_full,12,0,active_gt_cue_interval_not_physiological_bout,False,10,9,7,3,2,6,0.7,0.7777777777777778,0.6,0.6333333333333333,0.8571428571428571,0.5344578639571395,0.09016565336402287,0.32,0.48499999999999993,1,0.75,0.5
roam_class_transition_v1,benchmarks/new_bank_v3/ROAM_CLASS_TRANSITION_V1_TARGET_RESULTS.json,7ebf3df81cf59dbd19a1a74a1c241aef129bbab2fb896b44ebf5a106c2391c71,ROAM_EMG_native8_200Hz,27,2,joint_full,12,0,active_gt_cue_interval_not_physiological_bout,False,10,9,7,3,2,6,0.7,0.7777777777777778,0.6,0.6333333333333333,0.8571428571428571,0.6185489056400153,0.1083152734713993,0.32,0.48499999999999993,1,0.75,0.5
roam_class_transition_v1,benchmarks/new_bank_v3/ROAM_CLASS_TRANSITION_V1_TARGET_RESULTS.json,7ebf3df81cf59dbd19a1a74a1c241aef129bbab2fb896b44ebf5a106c2391c71,ROAM_EMG_native8_200Hz,28,0,source_window,0,0,active_gt_cue_interval_not_physiological_bout,False,10,15,8,2,7,8,0.8,0.5333333333333333,0.8,0.641025641025641,1.0,0.12142487923569154,0.011287181312622801,0.736875,0.499375,1,1.0,0.6666666666666666
roam_class_transition_v1,benchmarks/new_bank_v3/ROAM_CLASS_TRANSITION_V1_TARGET_RESULTS.json,7ebf3df81cf59dbd19a1a74a1c241aef129bbab2fb896b44ebf5a106c2391c71,ROAM_EMG_native8_200Hz,28,0,window_full,6,0,active_gt_cue_interval_not_physiological_bout,False,10,15,8,2,7,8,0.8,0.5333333333333333,0.8,0.641025641025641,1.0,0.3672394516256811,0.04889653374445793,0.736875,0.499375,1,1.0,0.6666666666666666
roam_class_transition_v1,benchmarks/new_bank_v3/ROAM_CLASS_TRANSITION_V1_TARGET_RESULTS.json,7ebf3df81cf59dbd19a1a74a1c241aef129bbab2fb896b44ebf5a106c2391c71,ROAM_EMG_native8_200Hz,28,0,joint_full,6,0,active_gt_cue_interval_not_physiological_bout,False,10,15,8,2,7,8,0.8,0.5333333333333333,0.8,0.641025641025641,1.0,0.47636311201901366,0.07257908324737898,0.736875,0.499375,1,1.0,0.6666666666666666
roam_class_transition_v1,benchmarks/new_bank_v3/ROAM_CLASS_TRANSITION_V1_TARGET_RESULTS.json,7ebf3df81cf59dbd19a1a74a1c241aef129bbab2fb896b44ebf5a106c2391c71,ROAM_EMG_native8_200Hz,28,1,source_window,0,0,active_gt_cue_interval_not_physiological_bout,False,10,15,8,2,7,8,0.8,0.5333333333333333,0.8,0.641025641025641,1.0,0.12142487923569154,0.011287181312622801,0.736875,0.499375,1,1.0,0.6666666666666666
roam_class_transition_v1,benchmarks/new_bank_v3/ROAM_CLASS_TRANSITION_V1_TARGET_RESULTS.json,7ebf3df81cf59dbd19a1a74a1c241aef129bbab2fb896b44ebf5a106c2391c71,ROAM_EMG_native8_200Hz,28,1,window_full,9,0,active_gt_cue_interval_not_physiological_bout,False,10,15,8,2,7,8,0.8,0.5333333333333333,0.8,0.641025641025641,1.0,0.34761176618495754,0.04474771243556438,0.736875,0.499375,1,1.0,0.6666666666666666
roam_class_transition_v1,benchmarks/new_bank_v3/ROAM_CLASS_TRANSITION_V1_TARGET_RESULTS.json,7ebf3df81cf59dbd19a1a74a1c241aef129bbab2fb896b44ebf5a106c2391c71,ROAM_EMG_native8_200Hz,28,1,joint_full,9,0,active_gt_cue_interval_not_physiological_bout,False,10,15,8,2,7,8,0.8,0.5333333333333333,0.8,0.641025641025641,1.0,0.46410460850249813,0.0696770268368868,0.736875,0.499375,1,1.0,0.6666666666666666
roam_class_transition_v1,benchmarks/new_bank_v3/ROAM_CLASS_TRANSITION_V1_TARGET_RESULTS.json,7ebf3df81cf59dbd19a1a74a1c241aef129bbab2fb896b44ebf5a106c2391c71,ROAM_EMG_native8_200Hz,28,2,source_window,0,0,active_gt_cue_interval_not_physiological_bout,False,10,15,8,2,7,8,0.8,0.5333333333333333,0.8,0.641025641025641,1.0,0.12142487923569154,0.011287181312622801,0.736875,0.499375,1,1.0,0.6666666666666666
roam_class_transition_v1,benchmarks/new_bank_v3/ROAM_CLASS_TRANSITION_V1_TARGET_RESULTS.json,7ebf3df81cf59dbd19a1a74a1c241aef129bbab2fb896b44ebf5a106c2391c71,ROAM_EMG_native8_200Hz,28,2,window_full,12,0,active_gt_cue_interval_not_physiological_bout,False,10,15,8,2,7,8,0.8,0.5333333333333333,0.8,0.641025641025641,1.0,0.34530011741930855,0.04394073654786254,0.736875,0.499375,1,1.0,0.6666666666666666
roam_class_transition_v1,benchmarks/new_bank_v3/ROAM_CLASS_TRANSITION_V1_TARGET_RESULTS.json,7ebf3df81cf59dbd19a1a74a1c241aef129bbab2fb896b44ebf5a106c2391c71,ROAM_EMG_native8_200Hz,28,2,joint_full,12,0,active_gt_cue_interval_not_physiological_bout,False,10,15,8,2,7,8,0.8,0.5333333333333333,0.8,0.641025641025641,1.0,0.4595374268739071,0.06849779669506285,0.736875,0.499375,1,1.0,0.6666666666666666
