raw_trial_index_zero_based,first_window_index_zero_based,last_window_index_zero_based,mav_max_abs_error,mav_values_over_tolerance,uniform_gesture_label,gesture_label_if_uniform
0,0,115,0.0,0,True,0
1,116,231,0.0,0,True,0
2,232,347,0.0,0,True,0
3,348,463,0.0,0,True,0
4,464,579,0.0,0,True,0
5,580,695,0.0,0,True,0
6,696,811,0.0,0,True,0
7,812,927,0.0,0,True,0
8,928,1043,0.0,0,True,0
9,1044,1159,0.0,0,True,0
10,1160,1275,0.0,0,True,0
11,1276,1391,0.0,0,True,0
12,1392,1507,0.0,0,True,0
13,1508,1623,0.0,0,True,0
14,1624,1739,0.0,0,True,0
15,1740,1855,0.0,0,True,0
16,1856,1971,0.0,0,True,0
17,1972,2087,0.0,0,True,0
18,2088,2203,0.0,0,True,0
19,2204,2319,0.0,0,True,0
20,2320,2435,0.0,0,True,0
21,2436,2551,0.0,0,True,0
22,2552,2667,0.0,0,True,0
23,2668,2783,0.0,0,True,0
24,2784,2899,0.0,0,True,0
25,2900,3015,0.0,0,True,0
26,3016,3131,0.0,0,True,0
27,3132,3247,0.0,0,True,0
28,3248,3363,0.0,0,True,0
29,3364,3479,0.0,0,True,0
30,3480,3595,0.0,0,True,1
31,3596,3711,0.0,0,True,1
32,3712,3827,0.0,0,True,1
33,3828,3943,0.0,0,True,1
34,3944,4059,0.0,0,True,1
35,4060,4175,0.0,0,True,1
36,4176,4291,0.0,0,True,1
37,4292,4407,0.0,0,True,1
38,4408,4523,0.0,0,True,1
39,4524,4639,0.0,0,True,1
40,4640,4755,0.0,0,True,1
41,4756,4871,0.0,0,True,1
42,4872,4987,0.0,0,True,1
43,4988,5103,0.0,0,True,1
44,5104,5219,0.0,0,True,1
45,5220,5335,0.0,0,True,1
46,5336,5451,0.0,0,True,1
47,5452,5567,0.0,0,True,1
48,5568,5683,0.0,0,True,1
49,5684,5799,0.0,0,True,1
50,5800,5915,0.0,0,True,1
51,5916,6031,0.0,0,True,1
52,6032,6147,0.0,0,True,1
53,6148,6263,0.0,0,True,1
54,6264,6379,0.0,0,True,1
55,6380,6495,0.0,0,True,1
56,6496,6611,0.0,0,True,1
57,6612,6727,0.0,0,True,1
58,6728,6843,0.0,0,True,1
59,6844,6959,0.0,0,True,1
60,6960,7075,0.0,0,True,2
61,7076,7191,0.0,0,True,2
62,7192,7307,0.0,0,True,2
63,7308,7423,0.0,0,True,2
64,7424,7539,0.0,0,True,2
65,7540,7655,0.0,0,True,2
66,7656,7771,0.0,0,True,2
67,7772,7887,0.0,0,True,2
68,7888,8003,0.0,0,True,2
69,8004,8119,0.0,0,True,2
70,8120,8235,0.0,0,True,2
71,8236,8351,0.0,0,True,2
72,8352,8467,0.0,0,True,2
73,8468,8583,0.0,0,True,2
74,8584,8699,0.0,0,True,2
75,8700,8815,0.0,0,True,2
76,8816,8931,0.0,0,True,2
77,8932,9047,0.0,0,True,2
78,9048,9163,0.0,0,True,2
79,9164,9279,0.0,0,True,2
80,9280,9395,0.0,0,True,2
81,9396,9511,0.0,0,True,2
82,9512,9627,0.0,0,True,2
83,9628,9743,0.0,0,True,2
84,9744,9859,0.0,0,True,2
85,9860,9975,0.0,0,True,2
86,9976,10091,0.0,0,True,2
87,10092,10207,0.0,0,True,2
88,10208,10323,0.0,0,True,2
89,10324,10439,0.0,0,True,2
90,10440,10555,0.0,0,True,3
91,10556,10671,0.0,0,True,3
92,10672,10787,0.0,0,True,3
93,10788,10903,0.0,0,True,3
94,10904,11019,0.0,0,True,3
95,11020,11135,0.0,0,True,3
96,11136,11251,0.0,0,True,3
97,11252,11367,0.0,0,True,3
98,11368,11483,0.0,0,True,3
99,11484,11599,0.0,0,True,3
100,11600,11715,0.0,0,True,3
101,11716,11831,0.0,0,True,3
102,11832,11947,0.0,0,True,3
103,11948,12063,0.0,0,True,3
104,12064,12179,0.0,0,True,3
105,12180,12295,0.0,0,True,3
106,12296,12411,0.0,0,True,3
107,12412,12527,0.0,0,True,3
108,12528,12643,0.0,0,True,3
109,12644,12759,0.0,0,True,3
110,12760,12875,0.0,0,True,3
111,12876,12991,0.0,0,True,3
112,12992,13107,0.0,0,True,3
113,13108,13223,0.0,0,True,3
114,13224,13339,0.0,0,True,3
115,13340,13455,0.0,0,True,3
116,13456,13571,0.0,0,True,3
117,13572,13687,0.0,0,True,3
118,13688,13803,0.0,0,True,3
119,13804,13919,0.0,0,True,3
120,13920,14035,0.0,0,True,0
121,14036,14151,0.0,0,True,0
122,14152,14267,0.0,0,True,0
123,14268,14383,0.0,0,True,0
124,14384,14499,0.0,0,True,0
125,14500,14615,0.0,0,True,0
126,14616,14731,0.0,0,True,0
127,14732,14847,0.0,0,True,0
128,14848,14963,0.0,0,True,0
129,14964,15079,0.0,0,True,0
130,15080,15195,0.0,0,True,0
131,15196,15311,0.0,0,True,0
132,15312,15427,0.0,0,True,0
133,15428,15543,0.0,0,True,0
134,15544,15659,0.0,0,True,0
135,15660,15775,0.0,0,True,0
136,15776,15891,0.0,0,True,0
137,15892,16007,0.0,0,True,0
138,16008,16123,0.0,0,True,0
139,16124,16239,0.0,0,True,0
140,16240,16355,0.0,0,True,0
141,16356,16471,0.0,0,True,0
142,16472,16587,0.0,0,True,0
143,16588,16703,0.0,0,True,0
144,16704,16819,0.0,0,True,0
145,16820,16935,0.0,0,True,0
146,16936,17051,0.0,0,True,0
147,17052,17167,0.0,0,True,0
148,17168,17283,0.0,0,True,0
149,17284,17399,0.0,0,True,0
150,17400,17515,0.0,0,True,1
151,17516,17631,0.0,0,True,1
152,17632,17747,0.0,0,True,1
153,17748,17863,0.0,0,True,1
154,17864,17979,0.0,0,True,1
155,17980,18095,0.0,0,True,1
156,18096,18211,0.0,0,True,1
157,18212,18327,0.0,0,True,1
158,18328,18443,0.0,0,True,1
159,18444,18559,0.0,0,True,1
160,18560,18675,0.0,0,True,1
161,18676,18791,0.0,0,True,1
162,18792,18907,0.0,0,True,1
163,18908,19023,0.0,0,True,1
164,19024,19139,0.0,0,True,1
165,19140,19255,0.0,0,True,1
166,19256,19371,0.0,0,True,1
167,19372,19487,0.0,0,True,1
168,19488,19603,0.0,0,True,1
169,19604,19719,0.0,0,True,1
170,19720,19835,0.0,0,True,1
171,19836,19951,0.0,0,True,1
172,19952,20067,0.0,0,True,1
173,20068,20183,0.0,0,True,1
174,20184,20299,0.0,0,True,1
175,20300,20415,0.0,0,True,1
176,20416,20531,0.0,0,True,1
177,20532,20647,0.0,0,True,1
178,20648,20763,0.0,0,True,1
179,20764,20879,0.0,0,True,1
180,20880,20995,0.0,0,True,2
181,20996,21111,0.0,0,True,2
182,21112,21227,0.0,0,True,2
183,21228,21343,0.0,0,True,2
184,21344,21459,0.0,0,True,2
185,21460,21575,0.0,0,True,2
186,21576,21691,0.0,0,True,2
187,21692,21807,0.0,0,True,2
188,21808,21923,0.0,0,True,2
189,21924,22039,0.0,0,True,2
190,22040,22155,0.0,0,True,2
191,22156,22271,0.0,0,True,2
192,22272,22387,0.0,0,True,2
193,22388,22503,0.0,0,True,2
194,22504,22619,0.0,0,True,2
195,22620,22735,0.0,0,True,2
196,22736,22851,0.0,0,True,2
197,22852,22967,0.0,0,True,2
198,22968,23083,0.0,0,True,2
199,23084,23199,0.0,0,True,2
200,23200,23315,0.0,0,True,2
201,23316,23431,0.0,0,True,2
202,23432,23547,0.0,0,True,2
203,23548,23663,0.0,0,True,2
204,23664,23779,0.0,0,True,2
205,23780,23895,0.0,0,True,2
206,23896,24011,0.0,0,True,2
207,24012,24127,0.0,0,True,2
208,24128,24243,0.0,0,True,2
209,24244,24359,0.0,0,False,N/A
210,24360,24475,0.0,0,True,3
211,24476,24591,0.0,0,True,3
212,24592,24707,0.0,0,True,3
213,24708,24823,0.0,0,True,3
214,24824,24939,0.0,0,True,3
215,24940,25055,0.0,0,True,3
216,25056,25171,0.0,0,True,3
217,25172,25287,0.0,0,True,3
218,25288,25403,0.0,0,True,3
219,25404,25519,0.0,0,True,3
220,25520,25635,0.0,0,True,3
221,25636,25751,0.0,0,True,3
222,25752,25867,0.0,0,True,3
223,25868,25983,0.0,0,True,3
224,25984,26099,0.0,0,True,3
225,26100,26215,0.0,0,True,3
226,26216,26331,0.0,0,True,3
227,26332,26447,0.0,0,True,3
228,26448,26563,0.0,0,True,3
229,26564,26679,0.0,0,True,3
230,26680,26795,0.0,0,True,3
231,26796,26911,0.0,0,True,3
232,26912,27027,0.0,0,True,3
233,27028,27143,0.0,0,True,3
234,27144,27259,0.0,0,True,3
235,27260,27375,0.0,0,True,3
236,27376,27491,0.0,0,True,3
237,27492,27607,0.0,0,True,3
238,27608,27723,0.0,0,True,3
239,27724,27839,0.0,0,True,3
240,27840,27955,0.0,0,True,0
241,27956,28071,0.0,0,True,0
242,28072,28187,0.0,0,True,0
243,28188,28303,0.0,0,True,0
244,28304,28419,0.0,0,True,0
245,28420,28535,0.0,0,True,0
246,28536,28651,0.0,0,True,0
247,28652,28767,0.0,0,True,0
248,28768,28883,0.0,0,True,0
249,28884,28999,0.0,0,True,0
250,29000,29115,0.0,0,True,0
251,29116,29231,0.0,0,True,0
252,29232,29347,0.0,0,True,0
253,29348,29463,0.0,0,True,0
254,29464,29579,0.0,0,True,0
255,29580,29695,0.0,0,True,0
256,29696,29811,0.0,0,True,0
257,29812,29927,0.0,0,True,0
258,29928,30043,0.0,0,True,0
259,30044,30159,0.0,0,True,0
260,30160,30275,0.0,0,True,0
261,30276,30391,0.0,0,True,0
262,30392,30507,0.0,0,True,0
263,30508,30623,0.0,0,True,0
264,30624,30739,0.0,0,True,0
265,30740,30855,0.0,0,True,0
266,30856,30971,0.0,0,True,0
267,30972,31087,0.0,0,True,0
268,31088,31203,0.0,0,True,0
269,31204,31319,0.0,0,True,0
270,31320,31435,0.0,0,True,1
271,31436,31551,0.0,0,True,1
272,31552,31667,0.0,0,True,1
273,31668,31783,0.0,0,True,1
274,31784,31899,0.0,0,True,1
275,31900,32015,0.0,0,True,1
276,32016,32131,0.0,0,True,1
277,32132,32247,0.0,0,True,1
278,32248,32363,0.0,0,True,1
279,32364,32479,0.0,0,True,1
280,32480,32595,0.0,0,True,1
281,32596,32711,0.0,0,True,1
282,32712,32827,0.0,0,True,1
283,32828,32943,0.0,0,True,1
284,32944,33059,0.0,0,True,1
285,33060,33175,0.0,0,True,1
286,33176,33291,0.0,0,True,1
287,33292,33407,0.0,0,True,1
288,33408,33523,0.0,0,True,1
289,33524,33639,0.0,0,True,1
290,33640,33755,0.0,0,True,1
291,33756,33871,0.0,0,True,1
292,33872,33987,0.0,0,True,1
293,33988,34103,0.0,0,True,1
294,34104,34219,0.0,0,True,1
295,34220,34335,0.0,0,True,1
296,34336,34451,0.0,0,True,1
297,34452,34567,0.0,0,True,1
298,34568,34683,0.0,0,True,1
299,34684,34799,0.0,0,True,1
300,34800,34915,0.0,0,True,2
301,34916,35031,0.0,0,True,2
302,35032,35147,0.0,0,True,2
303,35148,35263,0.0,0,True,2
304,35264,35379,0.0,0,True,2
305,35380,35495,0.0,0,True,2
306,35496,35611,0.0,0,True,2
307,35612,35727,0.0,0,True,2
308,35728,35843,0.0,0,True,2
309,35844,35959,0.0,0,True,2
310,35960,36075,0.0,0,True,2
311,36076,36191,0.0,0,True,2
312,36192,36307,0.0,0,True,2
313,36308,36423,0.0,0,True,2
314,36424,36539,0.0,0,True,2
315,36540,36655,0.0,0,True,2
316,36656,36771,0.0,0,True,2
317,36772,36887,0.0,0,True,2
318,36888,37003,0.0,0,True,2
319,37004,37119,0.0,0,True,2
320,37120,37235,0.0,0,True,2
321,37236,37351,0.0,0,True,2
322,37352,37467,0.0,0,True,2
323,37468,37583,0.0,0,True,2
324,37584,37699,0.0,0,True,2
325,37700,37815,0.0,0,True,2
326,37816,37931,0.0,0,True,2
327,37932,38047,0.0,0,True,2
328,38048,38163,0.0,0,True,2
329,38164,38279,0.0,0,True,3
330,38280,38395,0.0,0,True,3
331,38396,38511,0.0,0,True,3
332,38512,38627,0.0,0,True,3
333,38628,38743,0.0,0,True,3
334,38744,38859,0.0,0,True,3
335,38860,38975,0.0,0,True,3
336,38976,39091,0.0,0,True,3
337,39092,39207,0.0,0,True,3
338,39208,39323,0.0,0,True,3
339,39324,39439,0.0,0,True,3
340,39440,39555,0.0,0,True,3
341,39556,39671,0.0,0,True,3
342,39672,39787,0.0,0,True,3
343,39788,39903,0.0,0,True,3
344,39904,40019,0.0,0,True,3
345,40020,40135,0.0,0,True,3
346,40136,40251,0.0,0,True,3
347,40252,40367,0.0,0,True,3
348,40368,40483,0.0,0,True,3
349,40484,40599,0.0,0,True,3
350,40600,40715,0.0,0,True,3
351,40716,40831,0.0,0,True,3
352,40832,40947,0.0,0,True,3
353,40948,41063,0.0,0,True,3
354,41064,41179,0.0,0,True,3
355,41180,41295,0.0,0,True,3
356,41296,41411,0.0,0,True,3
357,41412,41527,0.0,0,True,3
358,41528,41643,0.0,0,True,3
359,41644,41759,0.0,0,True,4
360,41760,41875,0.0,0,True,4
361,41876,41991,0.0,0,True,4
362,41992,42107,0.0,0,True,4
363,42108,42223,0.0,0,True,4
364,42224,42339,0.0,0,True,4
365,42340,42455,0.0,0,True,4
366,42456,42571,0.0,0,True,4
367,42572,42687,0.0,0,True,4
368,42688,42803,0.0,0,True,4
369,42804,42919,0.0,0,True,4
370,42920,43035,0.0,0,True,4
371,43036,43151,0.0,0,True,4
372,43152,43267,0.0,0,True,4
373,43268,43383,0.0,0,True,4
374,43384,43499,0.0,0,True,4
375,43500,43615,0.0,0,True,4
376,43616,43731,0.0,0,True,4
377,43732,43847,0.0,0,True,4
378,43848,43963,0.0,0,True,4
379,43964,44079,0.0,0,True,4
380,44080,44195,0.0,0,True,4
381,44196,44311,0.0,0,True,4
382,44312,44427,0.0,0,True,4
383,44428,44543,0.0,0,True,4
384,44544,44659,0.0,0,True,4
385,44660,44775,0.0,0,True,4
386,44776,44891,0.0,0,True,4
387,44892,45007,0.0,0,True,4
388,45008,45123,0.0,0,True,4
389,45124,45239,0.0,0,True,0
390,45240,45355,0.0,0,True,0
391,45356,45471,0.0,0,True,0
392,45472,45587,0.0,0,True,0
393,45588,45703,0.0,0,True,0
394,45704,45819,0.0,0,True,0
395,45820,45935,0.0,0,True,0
396,45936,46051,0.0,0,True,0
397,46052,46167,0.0,0,True,0
398,46168,46283,0.0,0,True,0
399,46284,46399,0.0,0,True,0
400,46400,46515,0.0,0,True,0
401,46516,46631,0.0,0,True,0
402,46632,46747,0.0,0,True,0
403,46748,46863,0.0,0,True,0
404,46864,46979,0.0,0,True,0
405,46980,47095,0.0,0,True,0
406,47096,47211,0.0,0,True,0
407,47212,47327,0.0,0,True,0
408,47328,47443,0.0,0,True,0
409,47444,47559,0.0,0,True,0
410,47560,47675,0.0,0,True,0
411,47676,47791,0.0,0,True,0
412,47792,47907,0.0,0,True,0
413,47908,48023,0.0,0,True,0
414,48024,48139,0.0,0,True,0
415,48140,48255,0.0,0,True,0
416,48256,48371,0.0,0,True,0
417,48372,48487,0.0,0,True,0
418,48488,48603,0.0,0,True,0
419,48604,48719,0.0,0,True,1
420,48720,48835,0.0,0,True,1
421,48836,48951,0.0,0,True,1
422,48952,49067,0.0,0,True,1
423,49068,49183,0.0,0,True,1
424,49184,49299,0.0,0,True,1
425,49300,49415,0.0,0,True,1
426,49416,49531,0.0,0,True,1
427,49532,49647,0.0,0,True,1
428,49648,49763,0.0,0,True,1
429,49764,49879,0.0,0,True,1
430,49880,49995,0.0,0,True,1
431,49996,50111,0.0,0,True,1
432,50112,50227,0.0,0,True,1
433,50228,50343,0.0,0,True,1
434,50344,50459,0.0,0,True,1
435,50460,50575,0.0,0,True,1
436,50576,50691,0.0,0,True,1
437,50692,50807,0.0,0,True,1
438,50808,50923,0.0,0,True,1
439,50924,51039,0.0,0,True,1
440,51040,51155,0.0,0,True,1
441,51156,51271,0.0,0,True,1
442,51272,51387,0.0,0,True,1
443,51388,51503,0.0,0,True,1
444,51504,51619,0.0,0,True,1
445,51620,51735,0.0,0,True,1
446,51736,51851,0.0,0,True,1
447,51852,51967,0.0,0,True,1
448,51968,52083,0.0,0,True,1
449,52084,52199,0.0,0,True,2
450,52200,52315,0.0,0,True,2
451,52316,52431,0.0,0,True,2
452,52432,52547,0.0,0,True,2
453,52548,52663,0.0,0,True,2
454,52664,52779,0.0,0,True,2
455,52780,52895,0.0,0,True,2
456,52896,53011,0.0,0,True,2
457,53012,53127,0.0,0,True,2
458,53128,53243,0.0,0,True,2
459,53244,53359,0.0,0,True,2
460,53360,53475,0.0,0,True,2
461,53476,53591,0.0,0,True,2
462,53592,53707,0.0,0,True,2
463,53708,53823,0.0,0,True,2
464,53824,53939,0.0,0,True,2
465,53940,54055,0.0,0,True,2
466,54056,54171,0.0,0,True,2
467,54172,54287,0.0,0,True,2
468,54288,54403,0.0,0,True,2
469,54404,54519,0.0,0,True,2
470,54520,54635,0.0,0,True,2
471,54636,54751,0.0,0,True,2
472,54752,54867,0.0,0,True,2
473,54868,54983,0.0,0,True,2
474,54984,55099,0.0,0,True,2
475,55100,55215,0.0,0,True,2
476,55216,55331,0.0,0,True,2
477,55332,55447,0.0,0,True,2
478,55448,55563,0.0,0,True,2
479,55564,55679,0.0,0,True,3
480,55680,55795,0.0,0,True,3
481,55796,55911,0.0,0,True,3
482,55912,56027,0.0,0,True,3
483,56028,56143,0.0,0,True,3
484,56144,56259,0.0,0,True,3
485,56260,56375,0.0,0,True,3
486,56376,56491,0.0,0,True,3
487,56492,56607,0.0,0,True,3
488,56608,56723,0.0,0,True,3
489,56724,56839,0.0,0,True,3
490,56840,56955,0.0,0,True,3
491,56956,57071,0.0,0,True,3
492,57072,57187,0.0,0,True,3
493,57188,57303,0.0,0,True,3
494,57304,57419,0.0,0,True,3
495,57420,57535,0.0,0,True,3
496,57536,57651,0.0,0,True,3
497,57652,57767,0.0,0,True,3
498,57768,57883,0.0,0,True,3
499,57884,57999,0.0,0,True,3
500,58000,58115,0.0,0,True,3
501,58116,58231,0.0,0,True,3
502,58232,58347,0.0,0,True,3
503,58348,58463,0.0,0,True,3
504,58464,58579,0.0,0,True,3
505,58580,58695,0.0,0,True,3
506,58696,58811,0.0,0,True,3
507,58812,58927,0.0,0,True,3
508,58928,59043,0.0,0,True,3
509,59044,59159,0.0,0,True,4
510,59160,59275,0.0,0,True,4
511,59276,59391,0.0,0,True,4
512,59392,59507,0.0,0,True,4
513,59508,59623,0.0,0,True,4
514,59624,59739,0.0,0,True,4
515,59740,59855,0.0,0,True,4
516,59856,59971,0.0,0,True,4
517,59972,60087,0.0,0,True,4
518,60088,60203,0.0,0,True,4
519,60204,60319,0.0,0,True,4
520,60320,60435,0.0,0,True,4
521,60436,60551,0.0,0,True,4
522,60552,60667,0.0,0,True,4
523,60668,60783,0.0,0,True,4
524,60784,60899,0.0,0,True,4
525,60900,61015,0.0,0,True,4
526,61016,61131,0.0,0,True,4
527,61132,61247,0.0,0,True,4
528,61248,61363,0.0,0,True,4
529,61364,61479,0.0,0,True,4
530,61480,61595,0.0,0,True,4
531,61596,61711,0.0,0,True,4
532,61712,61827,0.0,0,True,4
533,61828,61943,0.0,0,True,4
534,61944,62059,0.0,0,True,4
535,62060,62175,0.0,0,True,4
536,62176,62291,0.0,0,True,4
537,62292,62407,0.0,0,True,4
538,62408,62523,0.0,0,True,4
539,62524,62639,0.0,0,True,0
540,62640,62755,0.0,0,True,0
541,62756,62871,0.0,0,True,0
542,62872,62987,0.0,0,True,0
543,62988,63103,0.0,0,True,0
544,63104,63219,0.0,0,True,0
545,63220,63335,0.0,0,True,0
546,63336,63451,0.0,0,True,0
547,63452,63567,0.0,0,True,0
548,63568,63683,0.0,0,True,0
549,63684,63799,0.0,0,True,0
550,63800,63915,0.0,0,True,0
551,63916,64031,0.0,0,True,0
552,64032,64147,0.0,0,True,0
553,64148,64263,0.0,0,True,0
554,64264,64379,0.0,0,True,0
555,64380,64495,0.0,0,True,0
556,64496,64611,0.0,0,True,0
557,64612,64727,0.0,0,True,0
558,64728,64843,0.0,0,True,0
559,64844,64959,0.0,0,True,0
560,64960,65075,0.0,0,True,0
561,65076,65191,0.0,0,True,0
562,65192,65307,0.0,0,True,0
563,65308,65423,0.0,0,True,0
564,65424,65539,0.0,0,True,0
565,65540,65655,0.0,0,True,0
566,65656,65771,0.0,0,True,0
567,65772,65887,0.0,0,True,0
568,65888,66003,0.0,0,True,1
569,66004,66119,0.0,0,True,1
570,66120,66235,0.0,0,True,1
571,66236,66351,0.0,0,True,1
572,66352,66467,0.0,0,True,1
573,66468,66583,0.0,0,True,1
574,66584,66699,0.0,0,True,1
575,66700,66815,0.0,0,True,1
576,66816,66931,0.0,0,True,1
577,66932,67047,0.0,0,True,1
578,67048,67163,0.0,0,True,1
579,67164,67279,0.0,0,True,1
580,67280,67395,0.0,0,True,1
581,67396,67511,0.0,0,True,1
582,67512,67627,0.0,0,True,1
583,67628,67743,0.0,0,True,1
584,67744,67859,0.0,0,True,1
585,67860,67975,0.0,0,True,1
586,67976,68091,0.0,0,True,1
587,68092,68207,0.0,0,True,1
588,68208,68323,0.0,0,True,1
589,68324,68439,0.0,0,True,1
590,68440,68555,0.0,0,True,1
591,68556,68671,0.0,0,True,1
592,68672,68787,0.0,0,True,1
593,68788,68903,0.0,0,True,1
594,68904,69019,0.0,0,True,1
595,69020,69135,0.0,0,True,1
596,69136,69251,0.0,0,True,1
597,69252,69367,0.0,0,True,1
598,69368,69483,0.0,0,True,2
599,69484,69599,0.0,0,True,2
600,69600,69715,0.0,0,True,2
601,69716,69831,0.0,0,True,2
602,69832,69947,0.0,0,True,2
603,69948,70063,0.0,0,True,2
604,70064,70179,0.0,0,True,2
605,70180,70295,0.0,0,True,2
606,70296,70411,0.0,0,True,2
607,70412,70527,0.0,0,True,2
608,70528,70643,0.0,0,True,2
609,70644,70759,0.0,0,True,2
610,70760,70875,0.0,0,True,2
611,70876,70991,0.0,0,True,2
612,70992,71107,0.0,0,True,2
613,71108,71223,0.0,0,True,2
614,71224,71339,0.0,0,True,2
615,71340,71455,0.0,0,True,2
616,71456,71571,0.0,0,True,2
617,71572,71687,0.0,0,True,2
618,71688,71803,0.0,0,True,2
619,71804,71919,0.0,0,True,2
620,71920,72035,0.0,0,True,2
621,72036,72151,0.0,0,True,2
622,72152,72267,0.0,0,True,2
623,72268,72383,0.0,0,True,2
624,72384,72499,0.0,0,True,2
625,72500,72615,0.0,0,True,2
626,72616,72731,0.0,0,True,2
627,72732,72847,0.0,0,True,2
628,72848,72963,0.0,0,True,3
629,72964,73079,0.0,0,True,3
630,73080,73195,0.0,0,True,3
631,73196,73311,0.0,0,True,3
632,73312,73427,0.0,0,True,3
633,73428,73543,0.0,0,True,3
634,73544,73659,0.0,0,True,3
635,73660,73775,0.0,0,True,3
636,73776,73891,0.0,0,True,3
637,73892,74007,0.0,0,True,3
638,74008,74123,0.0,0,True,3
639,74124,74239,0.0,0,True,3
640,74240,74355,0.0,0,True,3
641,74356,74471,0.0,0,True,3
642,74472,74587,0.0,0,True,3
643,74588,74703,0.0,0,True,3
644,74704,74819,0.0,0,True,3
645,74820,74935,0.0,0,True,3
646,74936,75051,0.0,0,True,3
647,75052,75167,0.0,0,True,3
648,75168,75283,0.0,0,True,3
649,75284,75399,0.0,0,True,3
650,75400,75515,0.0,0,True,3
651,75516,75631,0.0,0,True,3
652,75632,75747,0.0,0,True,3
653,75748,75863,0.0,0,True,3
654,75864,75979,0.0,0,True,3
655,75980,76095,0.0,0,True,3
656,76096,76211,0.0,0,True,3
657,76212,76327,0.0,0,True,3
658,76328,76443,0.0,0,True,4
659,76444,76559,0.0,0,True,4
660,76560,76675,0.0,0,True,4
661,76676,76791,0.0,0,True,4
662,76792,76907,0.0,0,True,4
663,76908,77023,0.0,0,True,4
664,77024,77139,0.0,0,True,4
665,77140,77255,0.0,0,True,4
666,77256,77371,0.0,0,True,4
667,77372,77487,0.0,0,True,4
668,77488,77603,0.0,0,True,4
669,77604,77719,0.0,0,True,4
670,77720,77835,0.0,0,True,4
671,77836,77951,0.0,0,True,4
672,77952,78067,0.0,0,True,4
673,78068,78183,0.0,0,True,4
674,78184,78299,0.0,0,True,4
675,78300,78415,0.0,0,True,4
676,78416,78531,0.0,0,True,4
677,78532,78647,0.0,0,True,4
678,78648,78763,0.0,0,True,4
679,78764,78879,0.0,0,True,4
680,78880,78995,0.0,0,True,4
681,78996,79111,0.0,0,True,4
682,79112,79227,0.0,0,True,4
683,79228,79343,0.0,0,True,4
684,79344,79459,0.0,0,True,4
685,79460,79575,0.0,0,True,4
686,79576,79691,0.0,0,True,4
687,79692,79807,0.0,0,True,4
688,79808,79923,0.0,0,True,0
689,79924,80039,0.0,0,True,0
690,80040,80155,0.0,0,True,0
691,80156,80271,0.0,0,True,0
692,80272,80387,0.0,0,True,0
693,80388,80503,0.0,0,True,0
694,80504,80619,0.0,0,True,0
695,80620,80735,0.0,0,True,0
696,80736,80851,0.0,0,True,0
697,80852,80967,0.0,0,True,0
698,80968,81083,0.0,0,True,0
699,81084,81199,0.0,0,True,0
700,81200,81315,0.0,0,True,0
701,81316,81431,0.0,0,True,0
702,81432,81547,0.0,0,True,0
703,81548,81663,0.0,0,True,0
704,81664,81779,0.0,0,True,0
705,81780,81895,0.0,0,True,0
706,81896,82011,0.0,0,True,0
707,82012,82127,0.0,0,True,0
708,82128,82243,0.0,0,True,0
709,82244,82359,0.0,0,True,0
710,82360,82475,0.0,0,True,0
711,82476,82591,0.0,0,True,0
712,82592,82707,0.0,0,True,0
713,82708,82823,0.0,0,True,0
714,82824,82939,0.0,0,True,0
715,82940,83055,0.0,0,True,0
716,83056,83171,0.0,0,True,0
717,83172,83287,0.0,0,True,1
718,83288,83403,0.0,0,True,1
719,83404,83519,0.0,0,True,1
720,83520,83635,0.0,0,True,1
721,83636,83751,0.0,0,True,1
722,83752,83867,0.0,0,True,1
723,83868,83983,0.0,0,True,1
724,83984,84099,0.0,0,True,1
725,84100,84215,0.0,0,True,1
726,84216,84331,0.0,0,True,1
727,84332,84447,0.0,0,True,1
728,84448,84563,0.0,0,True,1
729,84564,84679,0.0,0,True,1
730,84680,84795,0.0,0,True,1
731,84796,84911,0.0,0,True,1
732,84912,85027,0.0,0,True,1
733,85028,85143,0.0,0,True,1
734,85144,85259,0.0,0,True,1
735,85260,85375,0.0,0,True,1
736,85376,85491,0.0,0,True,1
737,85492,85607,0.0,0,True,1
738,85608,85723,0.0,0,True,1
739,85724,85839,0.0,0,True,1
740,85840,85955,0.0,0,True,1
741,85956,86071,0.0,0,True,1
742,86072,86187,0.0,0,True,1
743,86188,86303,0.0,0,True,1
744,86304,86419,0.0,0,True,1
745,86420,86535,0.0,0,True,1
746,86536,86651,0.0,0,True,1
747,86652,86767,0.0,0,True,2
748,86768,86883,0.0,0,True,2
749,86884,86999,0.0,0,True,2
750,87000,87115,0.0,0,True,2
751,87116,87231,0.0,0,True,2
752,87232,87347,0.0,0,True,2
753,87348,87463,0.0,0,True,2
754,87464,87579,0.0,0,True,2
755,87580,87695,0.0,0,True,2
756,87696,87811,0.0,0,True,2
757,87812,87927,0.0,0,True,2
758,87928,88043,0.0,0,True,2
759,88044,88159,0.0,0,True,2
760,88160,88275,0.0,0,True,2
761,88276,88391,0.0,0,True,2
762,88392,88507,0.0,0,True,2
763,88508,88623,0.0,0,True,2
764,88624,88739,0.0,0,True,2
765,88740,88855,0.0,0,True,2
766,88856,88971,0.0,0,True,2
767,88972,89087,0.0,0,True,2
768,89088,89203,0.0,0,True,2
769,89204,89319,0.0,0,True,2
770,89320,89435,0.0,0,True,2
771,89436,89551,0.0,0,True,2
772,89552,89667,0.0,0,True,2
773,89668,89783,0.0,0,True,2
774,89784,89899,0.0,0,True,2
775,89900,90015,0.0,0,True,2
776,90016,90131,0.0,0,True,2
777,90132,90247,0.0,0,True,3
778,90248,90363,0.0,0,True,3
779,90364,90479,0.0,0,True,3
780,90480,90595,0.0,0,True,3
781,90596,90711,0.0,0,True,3
782,90712,90827,0.0,0,True,3
783,90828,90943,0.0,0,True,3
784,90944,91059,0.0,0,True,3
785,91060,91175,0.0,0,True,3
786,91176,91291,0.0,0,True,3
787,91292,91407,0.0,0,True,3
788,91408,91523,0.0,0,True,3
789,91524,91639,0.0,0,True,3
790,91640,91755,0.0,0,True,3
791,91756,91871,0.0,0,True,3
792,91872,91987,0.0,0,True,3
793,91988,92103,0.0,0,True,3
794,92104,92219,0.0,0,True,3
795,92220,92335,0.0,0,True,3
796,92336,92451,0.0,0,True,3
797,92452,92567,0.0,0,True,3
798,92568,92683,0.0,0,True,3
799,92684,92799,0.0,0,True,3
800,92800,92915,0.0,0,True,3
801,92916,93031,0.0,0,True,3
802,93032,93147,0.0,0,True,3
803,93148,93263,0.0,0,True,3
804,93264,93379,0.0,0,True,3
805,93380,93495,0.0,0,True,3
806,93496,93611,0.0,0,True,3
807,93612,93727,0.0,0,True,4
808,93728,93843,0.0,0,True,4
809,93844,93959,0.0,0,True,4
810,93960,94075,0.0,0,True,4
811,94076,94191,0.0,0,True,4
812,94192,94307,0.0,0,True,4
813,94308,94423,0.0,0,True,4
814,94424,94539,0.0,0,True,4
815,94540,94655,0.0,0,True,4
816,94656,94771,0.0,0,True,4
817,94772,94887,0.0,0,True,4
818,94888,95003,0.0,0,True,4
819,95004,95119,0.0,0,True,4
820,95120,95235,0.0,0,True,4
821,95236,95351,0.0,0,True,4
822,95352,95467,0.0,0,True,4
823,95468,95583,0.0,0,True,4
824,95584,95699,0.0,0,True,4
825,95700,95815,0.0,0,True,4
826,95816,95931,0.0,0,True,4
827,95932,96047,0.0,0,True,4
828,96048,96163,0.0,0,True,4
829,96164,96279,0.0,0,True,4
830,96280,96395,0.0,0,True,4
831,96396,96511,0.0,0,True,4
832,96512,96627,0.0,0,True,4
833,96628,96743,0.0,0,True,4
834,96744,96859,0.0,0,True,4
835,96860,96975,0.0,0,True,4
836,96976,97091,0.0,0,True,0
837,97092,97207,0.0,0,True,0
838,97208,97323,0.0,0,True,0
839,97324,97439,0.0,0,True,0
840,97440,97555,0.0,0,True,0
841,97556,97671,0.0,0,True,0
842,97672,97787,0.0,0,True,0
843,97788,97903,0.0,0,True,0
844,97904,98019,0.0,0,True,0
845,98020,98135,0.0,0,True,0
846,98136,98251,0.0,0,True,0
847,98252,98367,0.0,0,True,0
848,98368,98483,0.0,0,True,0
849,98484,98599,0.0,0,True,0
850,98600,98715,0.0,0,True,0
851,98716,98831,0.0,0,True,0
852,98832,98947,0.0,0,True,0
853,98948,99063,0.0,0,True,0
854,99064,99179,0.0,0,True,0
855,99180,99295,0.0,0,True,0
856,99296,99411,0.0,0,True,0
857,99412,99527,0.0,0,True,0
858,99528,99643,0.0,0,True,0
859,99644,99759,0.0,0,True,0
860,99760,99875,0.0,0,True,0
861,99876,99991,0.0,0,True,0
862,99992,100107,0.0,0,True,0
863,100108,100223,0.0,0,True,0
864,100224,100339,0.0,0,True,0
865,100340,100455,0.0,0,True,0
866,100456,100571,0.0,0,True,1
867,100572,100687,0.0,0,True,1
868,100688,100803,0.0,0,True,1
869,100804,100919,0.0,0,True,1
870,100920,101035,0.0,0,True,1
871,101036,101151,0.0,0,True,1
872,101152,101267,0.0,0,True,1
873,101268,101383,0.0,0,True,1
874,101384,101499,0.0,0,True,1
875,101500,101615,0.0,0,True,1
876,101616,101731,0.0,0,True,1
877,101732,101847,0.0,0,True,1
878,101848,101963,0.0,0,True,1
879,101964,102079,0.0,0,True,1
880,102080,102195,0.0,0,True,1
881,102196,102311,0.0,0,True,1
882,102312,102427,0.0,0,True,1
883,102428,102543,0.0,0,True,1
884,102544,102659,0.0,0,True,1
885,102660,102775,0.0,0,True,1
886,102776,102891,0.0,0,True,1
887,102892,103007,0.0,0,True,1
888,103008,103123,0.0,0,True,1
889,103124,103239,0.0,0,True,1
890,103240,103355,0.0,0,True,1
891,103356,103471,0.0,0,True,1
892,103472,103587,0.0,0,True,1
893,103588,103703,0.0,0,True,1
894,103704,103819,0.0,0,True,1
895,103820,103935,0.0,0,True,1
896,103936,104051,0.0,0,True,2
897,104052,104167,0.0,0,True,2
898,104168,104283,0.0,0,True,2
899,104284,104399,0.0,0,True,2
900,104400,104515,0.0,0,True,2
901,104516,104631,0.0,0,True,2
902,104632,104747,0.0,0,True,2
903,104748,104863,0.0,0,True,2
904,104864,104979,0.0,0,True,2
905,104980,105095,0.0,0,True,2
906,105096,105211,0.0,0,True,2
907,105212,105327,0.0,0,True,2
908,105328,105443,0.0,0,True,2
909,105444,105559,0.0,0,True,2
910,105560,105675,0.0,0,True,2
911,105676,105791,0.0,0,True,2
912,105792,105907,0.0,0,True,2
913,105908,106023,0.0,0,True,2
914,106024,106139,0.0,0,True,2
915,106140,106255,0.0,0,True,2
916,106256,106371,0.0,0,True,2
917,106372,106487,0.0,0,True,2
918,106488,106603,0.0,0,True,2
919,106604,106719,0.0,0,True,2
920,106720,106835,0.0,0,True,2
921,106836,106951,0.0,0,True,2
922,106952,107067,0.0,0,True,2
923,107068,107183,0.0,0,True,2
924,107184,107299,0.0,0,True,2
925,107300,107415,0.0,0,True,2
926,107416,107531,0.0,0,True,3
927,107532,107647,0.0,0,True,3
928,107648,107763,0.0,0,True,3
929,107764,107879,0.0,0,True,3
930,107880,107995,0.0,0,True,3
931,107996,108111,0.0,0,True,3
932,108112,108227,0.0,0,True,3
933,108228,108343,0.0,0,True,3
934,108344,108459,0.0,0,True,3
935,108460,108575,0.0,0,True,3
936,108576,108691,0.0,0,True,3
937,108692,108807,0.0,0,True,3
938,108808,108923,0.0,0,True,3
939,108924,109039,0.0,0,True,3
940,109040,109155,0.0,0,True,3
941,109156,109271,0.0,0,True,3
942,109272,109387,0.0,0,True,3
943,109388,109503,0.0,0,True,3
944,109504,109619,0.0,0,True,3
945,109620,109735,0.0,0,True,3
946,109736,109851,0.0,0,True,3
947,109852,109967,0.0,0,True,3
948,109968,110083,0.0,0,True,3
949,110084,110199,0.0,0,True,3
950,110200,110315,0.0,0,True,3
951,110316,110431,0.0,0,True,3
952,110432,110547,0.0,0,True,3
953,110548,110663,0.0,0,True,3
954,110664,110779,0.0,0,True,3
955,110780,110895,0.0,0,True,3
956,110896,111011,0.0,0,True,4
957,111012,111127,0.0,0,True,4
958,111128,111243,0.0,0,True,4
959,111244,111359,0.0,0,True,4
960,111360,111475,0.0,0,True,4
961,111476,111591,0.0,0,True,4
962,111592,111707,0.0,0,True,4
963,111708,111823,0.0,0,True,4
964,111824,111939,0.0,0,True,4
965,111940,112055,0.0,0,True,4
966,112056,112171,0.0,0,True,4
967,112172,112287,0.0,0,True,4
968,112288,112403,0.0,0,True,4
969,112404,112519,0.0,0,True,4
970,112520,112635,0.0,0,True,4
971,112636,112751,0.0,0,True,4
972,112752,112867,0.0,0,True,4
973,112868,112983,0.0,0,True,4
974,112984,113099,0.0,0,True,4
975,113100,113215,0.0,0,True,4
976,113216,113331,0.0,0,True,4
977,113332,113447,0.0,0,True,4
978,113448,113563,0.0,0,True,4
979,113564,113679,0.0,0,True,4
980,113680,113795,0.0,0,True,4
981,113796,113911,0.0,0,True,4
982,113912,114027,0.0,0,True,4
983,114028,114143,0.0,0,True,4
984,114144,114259,0.0,0,True,4
985,114260,114375,0.0,0,True,4
986,114376,114491,0.0,0,True,0
987,114492,114607,0.0,0,True,0
988,114608,114723,0.0,0,True,0
989,114724,114839,0.0,0,True,0
990,114840,114955,0.0,0,True,0
991,114956,115071,0.0,0,True,0
992,115072,115187,0.0,0,True,0
993,115188,115303,0.0,0,True,0
994,115304,115419,0.0,0,True,0
995,115420,115535,0.0,0,True,0
996,115536,115651,0.0,0,True,0
997,115652,115767,0.0,0,True,0
998,115768,115883,0.0,0,True,0
999,115884,115999,0.0,0,True,0
1000,116000,116115,0.0,0,True,0
1001,116116,116231,0.0,0,True,0
1002,116232,116347,0.0,0,True,0
1003,116348,116463,0.0,0,True,0
1004,116464,116579,0.0,0,True,0
1005,116580,116695,0.0,0,True,0
1006,116696,116811,0.0,0,True,0
1007,116812,116927,0.0,0,True,0
1008,116928,117043,0.0,0,True,0
1009,117044,117159,0.0,0,True,0
1010,117160,117275,0.0,0,True,0
1011,117276,117391,0.0,0,True,0
1012,117392,117507,0.0,0,True,0
1013,117508,117623,0.0,0,True,0
1014,117624,117739,0.0,0,True,0
1015,117740,117855,0.0,0,True,1
1016,117856,117971,0.0,0,True,1
1017,117972,118087,0.0,0,True,1
1018,118088,118203,0.0,0,True,1
1019,118204,118319,0.0,0,True,1
1020,118320,118435,0.0,0,True,1
1021,118436,118551,0.0,0,True,1
1022,118552,118667,0.0,0,True,1
1023,118668,118783,0.0,0,True,1
1024,118784,118899,0.0,0,True,1
1025,118900,119015,0.0,0,True,1
1026,119016,119131,0.0,0,True,1
1027,119132,119247,0.0,0,True,1
1028,119248,119363,0.0,0,True,1
1029,119364,119479,0.0,0,True,1
1030,119480,119595,0.0,0,True,1
1031,119596,119711,0.0,0,True,1
1032,119712,119827,0.0,0,True,1
1033,119828,119943,0.0,0,True,1
1034,119944,120059,0.0,0,True,1
1035,120060,120175,0.0,0,True,1
1036,120176,120291,0.0,0,True,1
1037,120292,120407,0.0,0,True,1
1038,120408,120523,0.0,0,True,1
1039,120524,120639,0.0,0,True,1
1040,120640,120755,0.0,0,True,1
1041,120756,120871,0.0,0,True,1
1042,120872,120987,0.0,0,True,1
1043,120988,121103,0.0,0,True,1
1044,121104,121219,0.0,0,True,1
1045,121220,121335,0.0,0,True,2
1046,121336,121451,0.0,0,True,2
1047,121452,121567,0.0,0,True,2
1048,121568,121683,0.0,0,True,2
1049,121684,121799,0.0,0,True,2
1050,121800,121915,0.0,0,True,2
1051,121916,122031,0.0,0,True,2
1052,122032,122147,0.0,0,True,2
1053,122148,122263,0.0,0,True,2
1054,122264,122379,0.0,0,True,2
1055,122380,122495,0.0,0,True,2
1056,122496,122611,0.0,0,True,2
1057,122612,122727,0.0,0,True,2
1058,122728,122843,0.0,0,True,2
1059,122844,122959,0.0,0,True,2
1060,122960,123075,0.0,0,True,2
1061,123076,123191,0.0,0,True,2
1062,123192,123307,0.0,0,True,2
1063,123308,123423,0.0,0,True,2
1064,123424,123539,0.0,0,True,2
1065,123540,123655,0.0,0,True,2
1066,123656,123771,0.0,0,True,2
1067,123772,123887,0.0,0,True,2
1068,123888,124003,0.0,0,True,2
1069,124004,124119,0.0,0,True,2
1070,124120,124235,0.0,0,True,2
1071,124236,124351,0.0,0,True,2
1072,124352,124467,0.0,0,True,2
1073,124468,124583,0.0,0,True,2
1074,124584,124699,0.0,0,True,2
1075,124700,124815,0.0,0,True,3
1076,124816,124931,0.0,0,True,3
1077,124932,125047,0.0,0,True,3
1078,125048,125163,0.0,0,True,3
1079,125164,125279,0.0,0,True,3
1080,125280,125395,0.0,0,True,3
1081,125396,125511,0.0,0,True,3
1082,125512,125627,0.0,0,True,3
1083,125628,125743,0.0,0,True,3
1084,125744,125859,0.0,0,True,3
1085,125860,125975,0.0,0,True,3
1086,125976,126091,0.0,0,True,3
1087,126092,126207,0.0,0,True,3
1088,126208,126323,0.0,0,True,3
1089,126324,126439,0.0,0,True,3
1090,126440,126555,0.0,0,True,3
1091,126556,126671,0.0,0,True,3
1092,126672,126787,0.0,0,True,3
1093,126788,126903,0.0,0,True,3
1094,126904,127019,0.0,0,True,3
1095,127020,127135,0.0,0,True,3
1096,127136,127251,0.0,0,True,3
1097,127252,127367,0.0,0,True,3
1098,127368,127483,0.0,0,True,3
1099,127484,127599,0.0,0,True,3
1100,127600,127715,0.0,0,True,3
1101,127716,127831,0.0,0,True,3
1102,127832,127947,0.0,0,True,3
1103,127948,128063,0.0,0,True,3
1104,128064,128179,0.0,0,True,3
1105,128180,128295,0.0,0,True,4
1106,128296,128411,0.0,0,True,4
1107,128412,128527,0.0,0,True,4
1108,128528,128643,0.0,0,True,4
1109,128644,128759,0.0,0,True,4
1110,128760,128875,0.0,0,True,4
1111,128876,128991,0.0,0,True,4
1112,128992,129107,0.0,0,True,4
1113,129108,129223,0.0,0,True,4
1114,129224,129339,0.0,0,True,4
1115,129340,129455,0.0,0,True,4
1116,129456,129571,0.0,0,True,4
1117,129572,129687,0.0,0,True,4
1118,129688,129803,0.0,0,True,4
1119,129804,129919,0.0,0,True,4
1120,129920,130035,0.0,0,True,4
1121,130036,130151,0.0,0,True,4
1122,130152,130267,0.0,0,True,4
1123,130268,130383,0.0,0,True,4
1124,130384,130499,0.0,0,True,4
1125,130500,130615,0.0,0,True,4
1126,130616,130731,0.0,0,True,4
1127,130732,130847,0.0,0,True,4
1128,130848,130963,0.0,0,True,4
1129,130964,131079,0.0,0,True,4
1130,131080,131195,0.0,0,True,4
1131,131196,131311,0.0,0,True,4
1132,131312,131427,0.0,0,True,4
1133,131428,131543,0.0,0,True,4
1134,131544,131659,0.0,0,True,4
1135,131660,131775,0.0,0,True,0
1136,131776,131891,0.0,0,True,0
1137,131892,132007,0.0,0,True,0
1138,132008,132123,0.0,0,True,0
1139,132124,132239,0.0,0,True,0
1140,132240,132355,0.0,0,True,0
1141,132356,132471,0.0,0,True,0
1142,132472,132587,0.0,0,True,0
1143,132588,132703,0.0,0,True,0
1144,132704,132819,0.0,0,True,0
1145,132820,132935,0.0,0,True,0
1146,132936,133051,0.0,0,True,0
1147,133052,133167,0.0,0,True,0
1148,133168,133283,0.0,0,True,0
1149,133284,133399,0.0,0,True,0
1150,133400,133515,0.0,0,True,0
1151,133516,133631,0.0,0,True,0
1152,133632,133747,0.0,0,True,0
1153,133748,133863,0.0,0,True,0
1154,133864,133979,0.0,0,True,0
1155,133980,134095,0.0,0,True,0
1156,134096,134211,0.0,0,True,0
1157,134212,134327,0.0,0,True,0
1158,134328,134443,0.0,0,True,0
1159,134444,134559,0.0,0,True,0
1160,134560,134675,0.0,0,True,0
1161,134676,134791,0.0,0,True,0
1162,134792,134907,0.0,0,True,0
1163,134908,135023,0.0,0,True,0
1164,135024,135139,0.0,0,True,1
1165,135140,135255,0.0,0,True,1
1166,135256,135371,0.0,0,True,1
1167,135372,135487,0.0,0,True,1
1168,135488,135603,0.0,0,True,1
1169,135604,135719,0.0,0,True,1
1170,135720,135835,0.0,0,True,1
1171,135836,135951,0.0,0,True,1
1172,135952,136067,0.0,0,True,1
1173,136068,136183,0.0,0,True,1
1174,136184,136299,0.0,0,True,1
1175,136300,136415,0.0,0,True,1
1176,136416,136531,0.0,0,True,1
1177,136532,136647,0.0,0,True,1
1178,136648,136763,0.0,0,True,1
1179,136764,136879,0.0,0,True,1
1180,136880,136995,0.0,0,True,1
1181,136996,137111,0.0,0,True,1
1182,137112,137227,0.0,0,True,1
1183,137228,137343,0.0,0,True,1
1184,137344,137459,0.0,0,True,1
1185,137460,137575,0.0,0,True,1
1186,137576,137691,0.0,0,True,1
1187,137692,137807,0.0,0,True,1
1188,137808,137923,0.0,0,True,1
1189,137924,138039,0.0,0,True,1
1190,138040,138155,0.0,0,True,1
1191,138156,138271,0.0,0,True,1
1192,138272,138387,0.0,0,True,1
1193,138388,138503,0.0,0,True,2
1194,138504,138619,0.0,0,True,2
1195,138620,138735,0.0,0,True,2
1196,138736,138851,0.0,0,True,2
1197,138852,138967,0.0,0,True,2
1198,138968,139083,0.0,0,True,2
1199,139084,139199,0.0,0,True,2
1200,139200,139315,0.0,0,True,2
1201,139316,139431,0.0,0,True,2
1202,139432,139547,0.0,0,True,2
1203,139548,139663,0.0,0,True,2
1204,139664,139779,0.0,0,True,2
1205,139780,139895,0.0,0,True,2
1206,139896,140011,0.0,0,True,2
1207,140012,140127,0.0,0,True,2
1208,140128,140243,0.0,0,True,2
1209,140244,140359,0.0,0,True,2
1210,140360,140475,0.0,0,True,2
1211,140476,140591,0.0,0,True,2
1212,140592,140707,0.0,0,True,2
1213,140708,140823,0.0,0,True,2
1214,140824,140939,0.0,0,True,2
1215,140940,141055,0.0,0,True,2
1216,141056,141171,0.0,0,True,2
1217,141172,141287,0.0,0,True,2
1218,141288,141403,0.0,0,True,2
1219,141404,141519,0.0,0,True,2
1220,141520,141635,0.0,0,True,2
1221,141636,141751,0.0,0,True,2
1222,141752,141867,0.0,0,True,2
1223,141868,141983,0.0,0,True,3
1224,141984,142099,0.0,0,True,3
1225,142100,142215,0.0,0,True,3
1226,142216,142331,0.0,0,True,3
1227,142332,142447,0.0,0,True,3
1228,142448,142563,0.0,0,True,3
1229,142564,142679,0.0,0,True,3
1230,142680,142795,0.0,0,True,3
1231,142796,142911,0.0,0,True,3
1232,142912,143027,0.0,0,True,3
1233,143028,143143,0.0,0,True,3
1234,143144,143259,0.0,0,True,3
1235,143260,143375,0.0,0,True,3
1236,143376,143491,0.0,0,True,3
1237,143492,143607,0.0,0,True,3
1238,143608,143723,0.0,0,True,3
1239,143724,143839,0.0,0,True,3
1240,143840,143955,0.0,0,True,3
1241,143956,144071,0.0,0,True,3
1242,144072,144187,0.0,0,True,3
1243,144188,144303,0.0,0,True,3
1244,144304,144419,0.0,0,True,3
1245,144420,144535,0.0,0,True,3
1246,144536,144651,0.0,0,True,3
1247,144652,144767,0.0,0,True,3
1248,144768,144883,0.0,0,True,3
1249,144884,144999,0.0,0,True,3
1250,145000,145115,0.0,0,True,3
1251,145116,145231,0.0,0,True,3
1252,145232,145347,0.0,0,True,4
1253,145348,145463,0.0,0,True,4
1254,145464,145579,0.0,0,True,4
1255,145580,145695,0.0,0,True,4
1256,145696,145811,0.0,0,True,4
1257,145812,145927,0.0,0,True,4
1258,145928,146043,0.0,0,True,4
1259,146044,146159,0.0,0,True,4
1260,146160,146275,0.0,0,True,4
1261,146276,146391,0.0,0,True,4
1262,146392,146507,0.0,0,True,4
1263,146508,146623,0.0,0,True,4
1264,146624,146739,0.0,0,True,4
1265,146740,146855,0.0,0,True,4
1266,146856,146971,0.0,0,True,4
1267,146972,147087,0.0,0,True,4
1268,147088,147203,0.0,0,True,4
1269,147204,147319,0.0,0,True,4
1270,147320,147435,0.0,0,True,4
1271,147436,147551,0.0,0,True,4
1272,147552,147667,0.0,0,True,4
1273,147668,147783,0.0,0,True,4
1274,147784,147899,0.0,0,True,4
1275,147900,148015,0.0,0,True,4
1276,148016,148131,0.0,0,True,4
1277,148132,148247,0.0,0,True,4
1278,148248,148363,0.0,0,True,4
1279,148364,148479,0.0,0,True,4
1280,148480,148595,0.0,0,True,4
1281,148596,148711,0.0,0,True,4
1282,148712,148827,0.0,0,True,0
1283,148828,148943,0.0,0,True,0
1284,148944,149059,0.0,0,True,0
1285,149060,149175,0.0,0,True,0
1286,149176,149291,0.0,0,True,0
1287,149292,149407,0.0,0,True,0
1288,149408,149523,0.0,0,True,0
1289,149524,149639,0.0,0,True,0
1290,149640,149755,0.0,0,True,0
1291,149756,149871,0.0,0,True,0
1292,149872,149987,0.0,0,True,0
1293,149988,150103,0.0,0,True,0
1294,150104,150219,0.0,0,True,0
1295,150220,150335,0.0,0,True,0
1296,150336,150451,0.0,0,True,0
1297,150452,150567,0.0,0,True,0
1298,150568,150683,0.0,0,True,0
1299,150684,150799,0.0,0,True,0
1300,150800,150915,0.0,0,True,0
1301,150916,151031,0.0,0,True,0
1302,151032,151147,0.0,0,True,0
1303,151148,151263,0.0,0,True,0
1304,151264,151379,0.0,0,True,0
1305,151380,151495,0.0,0,True,0
1306,151496,151611,0.0,0,True,0
1307,151612,151727,0.0,0,True,0
1308,151728,151843,0.0,0,True,0
1309,151844,151959,0.0,0,True,0
1310,151960,152075,0.0,0,True,0
1311,152076,152191,0.0,0,True,0
1312,152192,152307,0.0,0,True,1
1313,152308,152423,0.0,0,True,1
1314,152424,152539,0.0,0,True,1
1315,152540,152655,0.0,0,True,1
1316,152656,152771,0.0,0,True,1
1317,152772,152887,0.0,0,True,1
1318,152888,153003,0.0,0,True,1
1319,153004,153119,0.0,0,True,1
1320,153120,153235,0.0,0,True,1
1321,153236,153351,0.0,0,True,1
1322,153352,153467,0.0,0,True,1
1323,153468,153583,0.0,0,True,1
1324,153584,153699,0.0,0,True,1
1325,153700,153815,0.0,0,True,1
1326,153816,153931,0.0,0,True,1
1327,153932,154047,0.0,0,True,1
1328,154048,154163,0.0,0,True,1
1329,154164,154279,0.0,0,True,1
1330,154280,154395,0.0,0,True,1
1331,154396,154511,0.0,0,True,1
1332,154512,154627,0.0,0,True,1
1333,154628,154743,0.0,0,True,1
1334,154744,154859,0.0,0,True,1
1335,154860,154975,0.0,0,True,1
1336,154976,155091,0.0,0,True,1
1337,155092,155207,0.0,0,True,1
1338,155208,155323,0.0,0,True,1
1339,155324,155439,0.0,0,True,1
1340,155440,155555,0.0,0,True,1
1341,155556,155671,0.0,0,True,1
1342,155672,155787,0.0,0,True,2
1343,155788,155903,0.0,0,True,2
1344,155904,156019,0.0,0,True,2
1345,156020,156135,0.0,0,True,2
1346,156136,156251,0.0,0,True,2
1347,156252,156367,0.0,0,True,2
1348,156368,156483,0.0,0,True,2
1349,156484,156599,0.0,0,True,2
1350,156600,156715,0.0,0,True,2
1351,156716,156831,0.0,0,True,2
1352,156832,156947,0.0,0,True,2
1353,156948,157063,0.0,0,True,2
1354,157064,157179,0.0,0,True,2
1355,157180,157295,0.0,0,True,2
1356,157296,157411,0.0,0,True,2
1357,157412,157527,0.0,0,True,2
1358,157528,157643,0.0,0,True,2
1359,157644,157759,0.0,0,True,2
1360,157760,157875,0.0,0,True,2
1361,157876,157991,0.0,0,True,2
1362,157992,158107,0.0,0,True,2
1363,158108,158223,0.0,0,True,2
1364,158224,158339,0.0,0,True,2
1365,158340,158455,0.0,0,True,2
1366,158456,158571,0.0,0,True,2
1367,158572,158687,0.0,0,True,2
1368,158688,158803,0.0,0,True,3
1369,158804,158919,0.0,0,True,3
1370,158920,159035,0.0,0,True,3
1371,159036,159151,0.0,0,True,3
1372,159152,159267,0.0,0,True,3
1373,159268,159383,0.0,0,True,3
1374,159384,159499,0.0,0,True,3
1375,159500,159615,0.0,0,True,3
1376,159616,159731,0.0,0,True,3
1377,159732,159847,0.0,0,True,3
1378,159848,159963,0.0,0,True,3
1379,159964,160079,0.0,0,True,3
1380,160080,160195,0.0,0,True,3
1381,160196,160311,0.0,0,True,3
1382,160312,160427,0.0,0,True,3
1383,160428,160543,0.0,0,True,3
1384,160544,160659,0.0,0,True,3
1385,160660,160775,0.0,0,True,3
1386,160776,160891,0.0,0,True,3
1387,160892,161007,0.0,0,True,3
1388,161008,161123,0.0,0,True,3
1389,161124,161239,0.0,0,True,3
1390,161240,161355,0.0,0,True,3
1391,161356,161471,0.0,0,True,3
1392,161472,161587,0.0,0,True,3
1393,161588,161703,0.0,0,True,3
1394,161704,161819,0.0,0,True,3
1395,161820,161935,0.0,0,True,3
1396,161936,162051,0.0,0,True,3
1397,162052,162167,0.0,0,True,3
1398,162168,162283,0.0,0,True,4
1399,162284,162399,0.0,0,True,4
1400,162400,162515,0.0,0,True,4
1401,162516,162631,0.0,0,True,4
1402,162632,162747,0.0,0,True,4
1403,162748,162863,0.0,0,True,4
1404,162864,162979,0.0,0,True,4
1405,162980,163095,0.0,0,True,4
1406,163096,163211,0.0,0,True,4
1407,163212,163327,0.0,0,True,4
1408,163328,163443,0.0,0,True,4
1409,163444,163559,0.0,0,True,4
1410,163560,163675,0.0,0,True,4
1411,163676,163791,0.0,0,True,4
1412,163792,163907,0.0,0,True,4
1413,163908,164023,0.0,0,True,4
1414,164024,164139,0.0,0,True,4
1415,164140,164255,0.0,0,True,4
1416,164256,164371,0.0,0,True,4
1417,164372,164487,0.0,0,True,4
1418,164488,164603,0.0,0,True,4
1419,164604,164719,0.0,0,True,4
1420,164720,164835,0.0,0,True,4
1421,164836,164951,0.0,0,True,4
1422,164952,165067,0.0,0,True,4
1423,165068,165183,0.0,0,True,4
1424,165184,165299,0.0,0,True,4
1425,165300,165415,0.0,0,True,4
1426,165416,165531,0.0,0,True,4
1427,165532,165647,0.0,0,True,4
1428,165648,165763,0.0,0,True,0
1429,165764,165879,0.0,0,True,0
1430,165880,165995,0.0,0,True,0
1431,165996,166111,0.0,0,True,0
1432,166112,166227,0.0,0,True,0
1433,166228,166343,0.0,0,True,0
1434,166344,166459,0.0,0,True,0
1435,166460,166575,0.0,0,True,0
1436,166576,166691,0.0,0,True,0
1437,166692,166807,0.0,0,True,0
1438,166808,166923,0.0,0,True,0
1439,166924,167039,0.0,0,True,0
1440,167040,167155,0.0,0,True,0
1441,167156,167271,0.0,0,True,0
1442,167272,167387,0.0,0,True,0
1443,167388,167503,0.0,0,True,0
1444,167504,167619,0.0,0,True,0
1445,167620,167735,0.0,0,True,0
1446,167736,167851,0.0,0,True,0
1447,167852,167967,0.0,0,True,0
1448,167968,168083,0.0,0,True,0
1449,168084,168199,0.0,0,True,0
1450,168200,168315,0.0,0,True,0
1451,168316,168431,0.0,0,True,0
1452,168432,168547,0.0,0,True,0
1453,168548,168663,0.0,0,True,0
1454,168664,168779,0.0,0,True,0
1455,168780,168895,0.0,0,True,0
1456,168896,169011,0.0,0,True,0
1457,169012,169127,0.0,0,True,0
1458,169128,169243,0.0,0,True,1
1459,169244,169359,0.0,0,True,1
1460,169360,169475,0.0,0,True,1
1461,169476,169591,0.0,0,True,1
1462,169592,169707,0.0,0,True,1
1463,169708,169823,0.0,0,True,1
1464,169824,169939,0.0,0,True,1
1465,169940,170055,0.0,0,True,1
1466,170056,170171,0.0,0,True,1
1467,170172,170287,0.0,0,True,1
1468,170288,170403,0.0,0,True,1
1469,170404,170519,0.0,0,True,1
1470,170520,170635,0.0,0,True,1
1471,170636,170751,0.0,0,True,1
1472,170752,170867,0.0,0,True,1
1473,170868,170983,0.0,0,True,1
1474,170984,171099,0.0,0,True,1
1475,171100,171215,0.0,0,True,1
1476,171216,171331,0.0,0,True,1
1477,171332,171447,0.0,0,True,1
1478,171448,171563,0.0,0,True,1
1479,171564,171679,0.0,0,True,1
1480,171680,171795,0.0,0,True,1
1481,171796,171911,0.0,0,True,1
1482,171912,172027,0.0,0,True,1
1483,172028,172143,0.0,0,True,1
1484,172144,172259,0.0,0,True,1
1485,172260,172375,0.0,0,True,1
1486,172376,172491,0.0,0,True,1
1487,172492,172607,0.0,0,True,1
1488,172608,172723,0.0,0,True,2
1489,172724,172839,0.0,0,True,2
1490,172840,172955,0.0,0,True,2
1491,172956,173071,0.0,0,True,2
1492,173072,173187,0.0,0,True,2
1493,173188,173303,0.0,0,True,2
1494,173304,173419,0.0,0,True,2
1495,173420,173535,0.0,0,True,2
1496,173536,173651,0.0,0,True,2
1497,173652,173767,0.0,0,True,2
1498,173768,173883,0.0,0,True,2
1499,173884,173999,0.0,0,True,2
1500,174000,174115,0.0,0,True,2
1501,174116,174231,0.0,0,True,2
1502,174232,174347,0.0,0,True,2
1503,174348,174463,0.0,0,True,2
1504,174464,174579,0.0,0,True,2
1505,174580,174695,0.0,0,True,2
1506,174696,174811,0.0,0,True,2
1507,174812,174927,0.0,0,True,2
1508,174928,175043,0.0,0,True,2
1509,175044,175159,0.0,0,True,2
1510,175160,175275,0.0,0,True,2
1511,175276,175391,0.0,0,True,2
1512,175392,175507,0.0,0,True,2
1513,175508,175623,0.0,0,True,2
1514,175624,175739,0.0,0,True,2
1515,175740,175855,0.0,0,True,2
1516,175856,175971,0.0,0,True,3
1517,175972,176087,0.0,0,True,3
1518,176088,176203,0.0,0,True,3
1519,176204,176319,0.0,0,True,3
1520,176320,176435,0.0,0,True,3
1521,176436,176551,0.0,0,True,3
1522,176552,176667,0.0,0,True,3
1523,176668,176783,0.0,0,True,3
1524,176784,176899,0.0,0,True,3
1525,176900,177015,0.0,0,True,3
1526,177016,177131,0.0,0,True,3
1527,177132,177247,0.0,0,True,3
1528,177248,177363,0.0,0,True,3
1529,177364,177479,0.0,0,True,3
1530,177480,177595,0.0,0,True,3
1531,177596,177711,0.0,0,True,3
1532,177712,177827,0.0,0,True,3
1533,177828,177943,0.0,0,True,3
1534,177944,178059,0.0,0,True,3
1535,178060,178175,0.0,0,True,3
1536,178176,178291,0.0,0,True,3
1537,178292,178407,0.0,0,True,3
1538,178408,178523,0.0,0,True,3
1539,178524,178639,0.0,0,True,3
1540,178640,178755,0.0,0,True,3
1541,178756,178871,0.0,0,True,3
1542,178872,178987,0.0,0,True,3
1543,178988,179103,0.0,0,True,3
1544,179104,179219,0.0,0,True,3
1545,179220,179335,0.0,0,True,4
1546,179336,179451,0.0,0,True,4
1547,179452,179567,0.0,0,True,4
1548,179568,179683,0.0,0,True,4
1549,179684,179799,0.0,0,True,4
1550,179800,179915,0.0,0,True,4
1551,179916,180031,0.0,0,True,4
1552,180032,180147,0.0,0,True,4
1553,180148,180263,0.0,0,True,4
1554,180264,180379,0.0,0,True,4
1555,180380,180495,0.0,0,True,4
1556,180496,180611,0.0,0,True,4
1557,180612,180727,0.0,0,True,4
1558,180728,180843,0.0,0,True,4
1559,180844,180959,0.0,0,True,4
1560,180960,181075,0.0,0,True,4
1561,181076,181191,0.0,0,True,4
1562,181192,181307,0.0,0,True,4
1563,181308,181423,0.0,0,True,4
1564,181424,181539,0.0,0,True,4
1565,181540,181655,0.0,0,True,4
1566,181656,181771,0.0,0,True,4
1567,181772,181887,0.0,0,True,4
1568,181888,182003,0.0,0,True,4
1569,182004,182119,0.0,0,True,4
1570,182120,182235,0.0,0,True,4
1571,182236,182351,0.0,0,True,4
1572,182352,182467,0.0,0,True,4
1573,182468,182583,0.0,0,True,4
1574,182584,182699,0.0,0,True,4
1575,182700,182815,0.0,0,True,0
1576,182816,182931,0.0,0,True,0
1577,182932,183047,0.0,0,True,0
1578,183048,183163,0.0,0,True,0
1579,183164,183279,0.0,0,True,0
1580,183280,183395,0.0,0,True,0
1581,183396,183511,0.0,0,True,0
1582,183512,183627,0.0,0,True,0
1583,183628,183743,0.0,0,True,0
1584,183744,183859,0.0,0,True,0
1585,183860,183975,0.0,0,True,0
1586,183976,184091,0.0,0,True,0
1587,184092,184207,0.0,0,True,0
1588,184208,184323,0.0,0,True,0
1589,184324,184439,0.0,0,True,0
1590,184440,184555,0.0,0,True,0
1591,184556,184671,0.0,0,True,0
1592,184672,184787,0.0,0,True,0
1593,184788,184903,0.0,0,True,0
1594,184904,185019,0.0,0,True,0
1595,185020,185135,0.0,0,True,0
1596,185136,185251,0.0,0,True,0
1597,185252,185367,0.0,0,True,0
1598,185368,185483,0.0,0,True,0
1599,185484,185599,0.0,0,True,0
1600,185600,185715,0.0,0,True,0
1601,185716,185831,0.0,0,True,0
1602,185832,185947,0.0,0,True,1
1603,185948,186063,0.0,0,True,1
1604,186064,186179,0.0,0,True,1
1605,186180,186295,0.0,0,True,1
1606,186296,186411,0.0,0,True,1
1607,186412,186527,0.0,0,True,1
1608,186528,186643,0.0,0,True,1
1609,186644,186759,0.0,0,True,1
1610,186760,186875,0.0,0,True,1
1611,186876,186991,0.0,0,True,1
1612,186992,187107,0.0,0,True,1
1613,187108,187223,0.0,0,True,1
1614,187224,187339,0.0,0,True,1
1615,187340,187455,0.0,0,True,1
1616,187456,187571,0.0,0,True,1
1617,187572,187687,0.0,0,True,1
1618,187688,187803,0.0,0,True,1
1619,187804,187919,0.0,0,True,1
1620,187920,188035,0.0,0,True,1
1621,188036,188151,0.0,0,True,1
1622,188152,188267,0.0,0,True,1
1623,188268,188383,0.0,0,True,1
1624,188384,188499,0.0,0,True,1
1625,188500,188615,0.0,0,True,1
1626,188616,188731,0.0,0,True,1
1627,188732,188847,0.0,0,True,1
1628,188848,188963,0.0,0,True,1
1629,188964,189079,0.0,0,True,2
1630,189080,189195,0.0,0,True,2
1631,189196,189311,0.0,0,True,2
1632,189312,189427,0.0,0,True,2
1633,189428,189543,0.0,0,True,2
1634,189544,189659,0.0,0,True,2
1635,189660,189775,0.0,0,True,2
1636,189776,189891,0.0,0,True,2
1637,189892,190007,0.0,0,True,2
1638,190008,190123,0.0,0,True,2
1639,190124,190239,0.0,0,True,2
1640,190240,190355,0.0,0,True,2
1641,190356,190471,0.0,0,True,2
1642,190472,190587,0.0,0,True,2
1643,190588,190703,0.0,0,True,2
1644,190704,190819,0.0,0,True,2
1645,190820,190935,0.0,0,True,2
1646,190936,191051,0.0,0,True,2
1647,191052,191167,0.0,0,True,2
1648,191168,191283,0.0,0,True,2
1649,191284,191399,0.0,0,True,2
1650,191400,191515,0.0,0,True,2
1651,191516,191631,0.0,0,True,2
1652,191632,191747,0.0,0,True,2
1653,191748,191863,0.0,0,True,2
1654,191864,191979,0.0,0,True,2
1655,191980,192095,0.0,0,True,2
1656,192096,192211,0.0,0,True,2
1657,192212,192327,0.0,0,True,2
1658,192328,192443,0.0,0,True,3
1659,192444,192559,0.0,0,True,3
1660,192560,192675,0.0,0,True,3
1661,192676,192791,0.0,0,True,3
1662,192792,192907,0.0,0,True,3
1663,192908,193023,0.0,0,True,3
1664,193024,193139,0.0,0,True,3
1665,193140,193255,0.0,0,True,3
1666,193256,193371,0.0,0,True,3
1667,193372,193487,0.0,0,True,3
1668,193488,193603,0.0,0,True,3
1669,193604,193719,0.0,0,True,3
1670,193720,193835,0.0,0,True,3
1671,193836,193951,0.0,0,True,3
1672,193952,194067,0.0,0,True,3
1673,194068,194183,0.0,0,True,3
1674,194184,194299,0.0,0,True,3
1675,194300,194415,0.0,0,True,3
1676,194416,194531,0.0,0,True,3
1677,194532,194647,0.0,0,True,3
1678,194648,194763,0.0,0,True,3
1679,194764,194879,0.0,0,True,3
1680,194880,194995,0.0,0,True,3
1681,194996,195111,0.0,0,True,3
1682,195112,195227,0.0,0,True,3
1683,195228,195343,0.0,0,True,3
1684,195344,195459,0.0,0,True,3
1685,195460,195575,0.0,0,True,3
1686,195576,195691,0.0,0,True,3
1687,195692,195807,0.0,0,True,3
1688,195808,195923,0.0,0,True,4
1689,195924,196039,0.0,0,True,4
1690,196040,196155,0.0,0,True,4
1691,196156,196271,0.0,0,True,4
1692,196272,196387,0.0,0,True,4
1693,196388,196503,0.0,0,True,4
1694,196504,196619,0.0,0,True,4
1695,196620,196735,0.0,0,True,4
1696,196736,196851,0.0,0,True,4
1697,196852,196967,0.0,0,True,4
1698,196968,197083,0.0,0,True,4
1699,197084,197199,0.0,0,True,4
1700,197200,197315,0.0,0,True,4
1701,197316,197431,0.0,0,True,4
1702,197432,197547,0.0,0,True,4
1703,197548,197663,0.0,0,True,4
1704,197664,197779,0.0,0,True,4
1705,197780,197895,0.0,0,True,4
1706,197896,198011,0.0,0,True,4
1707,198012,198127,0.0,0,True,4
1708,198128,198243,0.0,0,True,4
1709,198244,198359,0.0,0,True,4
1710,198360,198475,0.0,0,True,4
1711,198476,198591,0.0,0,True,4
1712,198592,198707,0.0,0,True,4
1713,198708,198823,0.0,0,True,4
1714,198824,198939,0.0,0,True,4
1715,198940,199055,0.0,0,True,4
1716,199056,199171,0.0,0,True,4
1717,199172,199287,0.0,0,True,4
1718,199288,199403,0.0,0,True,0
1719,199404,199519,0.0,0,True,0
1720,199520,199635,0.0,0,True,0
1721,199636,199751,0.0,0,True,0
1722,199752,199867,0.0,0,True,0
1723,199868,199983,0.0,0,True,0
1724,199984,200099,0.0,0,True,0
1725,200100,200215,0.0,0,True,0
1726,200216,200331,0.0,0,True,0
1727,200332,200447,0.0,0,True,0
1728,200448,200563,0.0,0,True,0
1729,200564,200679,0.0,0,True,0
1730,200680,200795,0.0,0,True,0
1731,200796,200911,0.0,0,True,0
1732,200912,201027,0.0,0,True,0
1733,201028,201143,0.0,0,True,0
1734,201144,201259,0.0,0,True,0
1735,201260,201375,0.0,0,True,0
1736,201376,201491,0.0,0,True,0
1737,201492,201607,0.0,0,True,0
1738,201608,201723,0.0,0,True,0
1739,201724,201839,0.0,0,True,0
1740,201840,201955,0.0,0,True,0
1741,201956,202071,0.0,0,True,0
1742,202072,202187,0.0,0,True,0
1743,202188,202303,0.0,0,True,0
1744,202304,202419,0.0,0,True,0
1745,202420,202535,0.0,0,True,0
1746,202536,202651,0.0,0,True,0
1747,202652,202767,0.0,0,True,0
1748,202768,202883,0.0,0,True,1
1749,202884,202999,0.0,0,True,1
1750,203000,203115,0.0,0,True,1
1751,203116,203231,0.0,0,True,1
1752,203232,203347,0.0,0,True,1
1753,203348,203463,0.0,0,True,1
1754,203464,203579,0.0,0,True,1
1755,203580,203695,0.0,0,True,1
1756,203696,203811,0.0,0,True,1
1757,203812,203927,0.0,0,True,1
1758,203928,204043,0.0,0,True,1
1759,204044,204159,0.0,0,True,1
1760,204160,204275,0.0,0,True,1
1761,204276,204391,0.0,0,True,1
1762,204392,204507,0.0,0,True,1
1763,204508,204623,0.0,0,True,1
1764,204624,204739,0.0,0,True,1
1765,204740,204855,0.0,0,True,1
1766,204856,204971,0.0,0,True,1
1767,204972,205087,0.0,0,True,1
1768,205088,205203,0.0,0,True,1
1769,205204,205319,0.0,0,True,1
1770,205320,205435,0.0,0,True,1
1771,205436,205551,0.0,0,True,1
1772,205552,205667,0.0,0,True,1
1773,205668,205783,0.0,0,True,1
1774,205784,205899,0.0,0,True,1
1775,205900,206015,0.0,0,True,1
1776,206016,206131,0.0,0,True,1
1777,206132,206247,0.0,0,True,1
1778,206248,206363,0.0,0,True,2
1779,206364,206479,0.0,0,True,2
1780,206480,206595,0.0,0,True,2
1781,206596,206711,0.0,0,True,2
1782,206712,206827,0.0,0,True,2
1783,206828,206943,0.0,0,True,2
1784,206944,207059,0.0,0,True,2
1785,207060,207175,0.0,0,True,2
1786,207176,207291,0.0,0,True,2
1787,207292,207407,0.0,0,True,2
1788,207408,207523,0.0,0,True,2
1789,207524,207639,0.0,0,True,2
1790,207640,207755,0.0,0,True,2
1791,207756,207871,0.0,0,True,2
1792,207872,207987,0.0,0,True,2
1793,207988,208103,0.0,0,True,2
1794,208104,208219,0.0,0,True,2
1795,208220,208335,0.0,0,True,2
1796,208336,208451,0.0,0,True,2
1797,208452,208567,0.0,0,True,2
1798,208568,208683,0.0,0,True,2
1799,208684,208799,0.0,0,True,2
1800,208800,208915,0.0,0,True,2
1801,208916,209031,0.0,0,True,2
1802,209032,209147,0.0,0,True,2
1803,209148,209263,0.0,0,True,2
1804,209264,209379,0.0,0,True,2
1805,209380,209495,0.0,0,True,2
1806,209496,209611,0.0,0,True,2
1807,209612,209727,0.0,0,True,3
1808,209728,209843,0.0,0,True,3
1809,209844,209959,0.0,0,True,3
1810,209960,210075,0.0,0,True,3
1811,210076,210191,0.0,0,True,3
1812,210192,210307,0.0,0,True,3
1813,210308,210423,0.0,0,True,3
1814,210424,210539,0.0,0,True,3
1815,210540,210655,0.0,0,True,3
1816,210656,210771,0.0,0,True,3
1817,210772,210887,0.0,0,True,3
1818,210888,211003,0.0,0,True,3
1819,211004,211119,0.0,0,True,3
1820,211120,211235,0.0,0,True,3
1821,211236,211351,0.0,0,True,3
1822,211352,211467,0.0,0,True,3
1823,211468,211583,0.0,0,True,3
1824,211584,211699,0.0,0,True,3
1825,211700,211815,0.0,0,True,3
1826,211816,211931,0.0,0,True,3
1827,211932,212047,0.0,0,True,3
1828,212048,212163,0.0,0,True,3
1829,212164,212279,0.0,0,True,3
1830,212280,212395,0.0,0,True,3
1831,212396,212511,0.0,0,True,3
1832,212512,212627,0.0,0,True,3
1833,212628,212743,0.0,0,True,3
1834,212744,212859,0.0,0,True,3
1835,212860,212975,0.0,0,True,3
1836,212976,213091,0.0,0,True,4
1837,213092,213207,0.0,0,True,4
1838,213208,213323,0.0,0,True,4
1839,213324,213439,0.0,0,True,4
1840,213440,213555,0.0,0,True,4
1841,213556,213671,0.0,0,True,4
1842,213672,213787,0.0,0,True,4
1843,213788,213903,0.0,0,True,4
1844,213904,214019,0.0,0,True,4
1845,214020,214135,0.0,0,True,4
1846,214136,214251,0.0,0,True,4
1847,214252,214367,0.0,0,True,4
1848,214368,214483,0.0,0,True,4
1849,214484,214599,0.0,0,True,4
1850,214600,214715,0.0,0,True,4
1851,214716,214831,0.0,0,True,4
1852,214832,214947,0.0,0,True,4
1853,214948,215063,0.0,0,True,4
1854,215064,215179,0.0,0,True,4
1855,215180,215295,0.0,0,True,4
1856,215296,215411,0.0,0,True,4
1857,215412,215527,0.0,0,True,4
1858,215528,215643,0.0,0,True,4
1859,215644,215759,0.0,0,True,4
1860,215760,215875,0.0,0,True,4
1861,215876,215991,0.0,0,True,4
1862,215992,216107,0.0,0,True,4
1863,216108,216223,0.0,0,True,4
1864,216224,216339,0.0,0,True,4
1865,216340,216455,0.0,0,True,0
1866,216456,216571,0.0,0,True,0
1867,216572,216687,0.0,0,True,0
1868,216688,216803,0.0,0,True,0
1869,216804,216919,0.0,0,True,0
1870,216920,217035,0.0,0,True,0
1871,217036,217151,0.0,0,True,0
1872,217152,217267,0.0,0,True,0
1873,217268,217383,0.0,0,True,0
1874,217384,217499,0.0,0,True,0
1875,217500,217615,0.0,0,True,0
1876,217616,217731,0.0,0,True,0
1877,217732,217847,0.0,0,True,0
1878,217848,217963,0.0,0,True,0
1879,217964,218079,0.0,0,True,0
1880,218080,218195,0.0,0,True,0
1881,218196,218311,0.0,0,True,0
1882,218312,218427,0.0,0,True,0
1883,218428,218543,0.0,0,True,0
1884,218544,218659,0.0,0,True,0
1885,218660,218775,0.0,0,True,0
1886,218776,218891,0.0,0,True,0
1887,218892,219007,0.0,0,True,0
1888,219008,219123,0.0,0,True,0
1889,219124,219239,0.0,0,True,0
1890,219240,219355,0.0,0,True,0
1891,219356,219471,0.0,0,True,0
1892,219472,219587,0.0,0,True,0
1893,219588,219703,0.0,0,True,0
1894,219704,219819,0.0,0,True,0
1895,219820,219935,0.0,0,True,1
1896,219936,220051,0.0,0,True,1
1897,220052,220167,0.0,0,True,1
1898,220168,220283,0.0,0,True,1
1899,220284,220399,0.0,0,True,1
1900,220400,220515,0.0,0,True,1
1901,220516,220631,0.0,0,True,1
1902,220632,220747,0.0,0,True,1
1903,220748,220863,0.0,0,True,1
1904,220864,220979,0.0,0,True,1
1905,220980,221095,0.0,0,True,1
1906,221096,221211,0.0,0,True,1
1907,221212,221327,0.0,0,True,1
1908,221328,221443,0.0,0,True,1
1909,221444,221559,0.0,0,True,1
1910,221560,221675,0.0,0,True,1
1911,221676,221791,0.0,0,True,1
1912,221792,221907,0.0,0,True,1
1913,221908,222023,0.0,0,True,1
1914,222024,222139,0.0,0,True,1
1915,222140,222255,0.0,0,True,1
1916,222256,222371,0.0,0,True,1
1917,222372,222487,0.0,0,True,1
1918,222488,222603,0.0,0,True,1
1919,222604,222719,0.0,0,True,1
1920,222720,222835,0.0,0,True,1
1921,222836,222951,0.0,0,True,1
1922,222952,223067,0.0,0,True,1
1923,223068,223183,0.0,0,True,1
1924,223184,223299,0.0,0,True,1
1925,223300,223415,0.0,0,True,2
1926,223416,223531,0.0,0,True,2
1927,223532,223647,0.0,0,True,2
1928,223648,223763,0.0,0,True,2
1929,223764,223879,0.0,0,True,2
1930,223880,223995,0.0,0,True,2
1931,223996,224111,0.0,0,True,2
1932,224112,224227,0.0,0,True,2
1933,224228,224343,0.0,0,True,2
1934,224344,224459,0.0,0,True,2
1935,224460,224575,0.0,0,True,2
1936,224576,224691,0.0,0,True,2
1937,224692,224807,0.0,0,True,2
1938,224808,224923,0.0,0,True,2
1939,224924,225039,0.0,0,True,2
1940,225040,225155,0.0,0,True,2
1941,225156,225271,0.0,0,True,2
1942,225272,225387,0.0,0,True,2
1943,225388,225503,0.0,0,True,2
1944,225504,225619,0.0,0,True,2
1945,225620,225735,0.0,0,True,2
1946,225736,225851,0.0,0,True,2
1947,225852,225967,0.0,0,True,2
1948,225968,226083,0.0,0,True,2
1949,226084,226199,0.0,0,True,2
1950,226200,226315,0.0,0,True,2
1951,226316,226431,0.0,0,True,2
1952,226432,226547,0.0,0,True,2
1953,226548,226663,0.0,0,True,2
1954,226664,226779,0.0,0,True,2
1955,226780,226895,0.0,0,True,3
1956,226896,227011,0.0,0,True,3
1957,227012,227127,0.0,0,True,3
1958,227128,227243,0.0,0,True,3
1959,227244,227359,0.0,0,True,3
1960,227360,227475,0.0,0,True,3
1961,227476,227591,0.0,0,True,3
1962,227592,227707,0.0,0,True,3
1963,227708,227823,0.0,0,True,3
1964,227824,227939,0.0,0,True,3
1965,227940,228055,0.0,0,True,3
1966,228056,228171,0.0,0,True,3
1967,228172,228287,0.0,0,True,3
1968,228288,228403,0.0,0,True,3
1969,228404,228519,0.0,0,True,3
1970,228520,228635,0.0,0,True,3
1971,228636,228751,0.0,0,True,3
1972,228752,228867,0.0,0,True,3
1973,228868,228983,0.0,0,True,3
1974,228984,229099,0.0,0,True,3
1975,229100,229215,0.0,0,True,3
1976,229216,229331,0.0,0,True,3
1977,229332,229447,0.0,0,True,3
1978,229448,229563,0.0,0,True,3
1979,229564,229679,0.0,0,True,3
1980,229680,229795,0.0,0,True,3
1981,229796,229911,0.0,0,True,3
1982,229912,230027,0.0,0,True,3
1983,230028,230143,0.0,0,True,3
1984,230144,230259,0.0,0,True,4
1985,230260,230375,0.0,0,True,4
1986,230376,230491,0.0,0,True,4
1987,230492,230607,0.0,0,True,4
1988,230608,230723,0.0,0,True,4
1989,230724,230839,0.0,0,True,4
1990,230840,230955,0.0,0,True,4
1991,230956,231071,0.0,0,True,4
1992,231072,231187,0.0,0,True,4
1993,231188,231303,0.0,0,True,4
1994,231304,231419,0.0,0,True,4
1995,231420,231535,0.0,0,True,4
1996,231536,231651,0.0,0,True,4
1997,231652,231767,0.0,0,True,4
1998,231768,231883,0.0,0,True,4
1999,231884,231999,0.0,0,True,4
2000,232000,232115,0.0,0,True,4
2001,232116,232231,0.0,0,True,4
2002,232232,232347,0.0,0,True,4
2003,232348,232463,0.0,0,True,4
2004,232464,232579,0.0,0,True,4
2005,232580,232695,0.0,0,True,4
2006,232696,232811,0.0,0,True,4
2007,232812,232927,0.0,0,True,4
2008,232928,233043,0.0,0,True,4
2009,233044,233159,0.0,0,True,4
2010,233160,233275,0.0,0,True,4
2011,233276,233391,0.0,0,True,4
2012,233392,233507,0.0,0,True,4
2013,233508,233623,0.0,0,True,0
2014,233624,233739,0.0,0,True,0
2015,233740,233855,0.0,0,True,0
2016,233856,233971,0.0,0,True,0
2017,233972,234087,0.0,0,True,0
2018,234088,234203,0.0,0,True,0
2019,234204,234319,0.0,0,True,0
2020,234320,234435,0.0,0,True,0
2021,234436,234551,0.0,0,True,0
2022,234552,234667,0.0,0,True,0
2023,234668,234783,0.0,0,True,0
2024,234784,234899,0.0,0,True,0
2025,234900,235015,0.0,0,True,0
2026,235016,235131,0.0,0,True,0
2027,235132,235247,0.0,0,True,0
2028,235248,235363,0.0,0,True,0
2029,235364,235479,0.0,0,True,0
2030,235480,235595,0.0,0,True,0
2031,235596,235711,0.0,0,True,0
2032,235712,235827,0.0,0,True,0
2033,235828,235943,0.0,0,True,0
2034,235944,236059,0.0,0,True,0
2035,236060,236175,0.0,0,True,0
2036,236176,236291,0.0,0,True,0
2037,236292,236407,0.0,0,True,0
2038,236408,236523,0.0,0,True,0
2039,236524,236639,0.0,0,True,0
2040,236640,236755,0.0,0,True,0
2041,236756,236871,0.0,0,True,0
2042,236872,236987,0.0,0,True,0
2043,236988,237103,0.0,0,True,1
2044,237104,237219,0.0,0,True,1
2045,237220,237335,0.0,0,True,1
2046,237336,237451,0.0,0,True,1
2047,237452,237567,0.0,0,True,1
2048,237568,237683,0.0,0,True,1
2049,237684,237799,0.0,0,True,1
2050,237800,237915,0.0,0,True,1
2051,237916,238031,0.0,0,True,1
2052,238032,238147,0.0,0,True,1
2053,238148,238263,0.0,0,True,1
2054,238264,238379,0.0,0,True,1
2055,238380,238495,0.0,0,True,1
2056,238496,238611,0.0,0,True,1
2057,238612,238727,0.0,0,True,1
2058,238728,238843,0.0,0,True,1
2059,238844,238959,0.0,0,True,1
2060,238960,239075,0.0,0,True,1
2061,239076,239191,0.0,0,True,1
2062,239192,239307,0.0,0,True,1
2063,239308,239423,0.0,0,True,1
2064,239424,239539,0.0,0,True,1
2065,239540,239655,0.0,0,True,1
2066,239656,239771,0.0,0,True,1
2067,239772,239887,0.0,0,True,1
2068,239888,240003,0.0,0,True,1
2069,240004,240119,0.0,0,True,1
2070,240120,240235,0.0,0,True,1
2071,240236,240351,0.0,0,True,1
2072,240352,240467,0.0,0,True,2
2073,240468,240583,0.0,0,True,2
2074,240584,240699,0.0,0,True,2
2075,240700,240815,0.0,0,True,2
2076,240816,240931,0.0,0,True,2
2077,240932,241047,0.0,0,True,2
2078,241048,241163,0.0,0,True,2
2079,241164,241279,0.0,0,True,2
2080,241280,241395,0.0,0,True,2
2081,241396,241511,0.0,0,True,2
2082,241512,241627,0.0,0,True,2
2083,241628,241743,0.0,0,True,2
2084,241744,241859,0.0,0,True,2
2085,241860,241975,0.0,0,True,2
2086,241976,242091,0.0,0,True,2
2087,242092,242207,0.0,0,True,2
2088,242208,242323,0.0,0,True,2
2089,242324,242439,0.0,0,True,2
2090,242440,242555,0.0,0,True,2
2091,242556,242671,0.0,0,True,2
2092,242672,242787,0.0,0,True,2
2093,242788,242903,0.0,0,True,2
2094,242904,243019,0.0,0,True,2
2095,243020,243135,0.0,0,True,2
2096,243136,243251,0.0,0,True,2
2097,243252,243367,0.0,0,True,2
2098,243368,243483,0.0,0,True,2
2099,243484,243599,0.0,0,True,2
2100,243600,243715,0.0,0,True,2
2101,243716,243831,0.0,0,True,2
2102,243832,243947,0.0,0,True,3
2103,243948,244063,0.0,0,True,3
2104,244064,244179,0.0,0,True,3
2105,244180,244295,0.0,0,True,3
2106,244296,244411,0.0,0,True,3
2107,244412,244527,0.0,0,True,3
2108,244528,244643,0.0,0,True,3
2109,244644,244759,0.0,0,True,3
2110,244760,244875,0.0,0,True,3
2111,244876,244991,0.0,0,True,3
2112,244992,245107,0.0,0,True,3
2113,245108,245223,0.0,0,True,3
2114,245224,245339,0.0,0,True,3
2115,245340,245455,0.0,0,True,3
2116,245456,245571,0.0,0,True,3
2117,245572,245687,0.0,0,True,3
2118,245688,245803,0.0,0,True,3
2119,245804,245919,0.0,0,True,3
2120,245920,246035,0.0,0,True,3
2121,246036,246151,0.0,0,True,3
2122,246152,246267,0.0,0,True,3
2123,246268,246383,0.0,0,True,3
2124,246384,246499,0.0,0,True,3
2125,246500,246615,0.0,0,True,3
2126,246616,246731,0.0,0,True,3
2127,246732,246847,0.0,0,True,3
2128,246848,246963,0.0,0,True,3
2129,246964,247079,0.0,0,True,3
2130,247080,247195,0.0,0,True,3
2131,247196,247311,0.0,0,True,3
2132,247312,247427,0.0,0,True,4
2133,247428,247543,0.0,0,True,4
2134,247544,247659,0.0,0,True,4
2135,247660,247775,0.0,0,True,4
2136,247776,247891,0.0,0,True,4
2137,247892,248007,0.0,0,True,4
2138,248008,248123,0.0,0,True,4
2139,248124,248239,0.0,0,True,4
2140,248240,248355,0.0,0,True,4
2141,248356,248471,0.0,0,True,4
2142,248472,248587,0.0,0,True,4
2143,248588,248703,0.0,0,True,4
2144,248704,248819,0.0,0,True,4
2145,248820,248935,0.0,0,True,4
2146,248936,249051,0.0,0,True,4
2147,249052,249167,0.0,0,True,4
2148,249168,249283,0.0,0,True,4
2149,249284,249399,0.0,0,True,4
2150,249400,249515,0.0,0,True,4
2151,249516,249631,0.0,0,True,4
2152,249632,249747,0.0,0,True,4
2153,249748,249863,0.0,0,True,4
2154,249864,249979,0.0,0,True,4
2155,249980,250095,0.0,0,True,4
2156,250096,250211,0.0,0,True,4
2157,250212,250327,0.0,0,True,4
2158,250328,250443,0.0,0,True,4
2159,250444,250559,0.0,0,True,4
2160,250560,250675,0.0,0,True,4
2161,250676,250791,0.0,0,True,0
2162,250792,250907,0.0,0,True,0
2163,250908,251023,0.0,0,True,0
2164,251024,251139,0.0,0,True,0
2165,251140,251255,0.0,0,True,0
2166,251256,251371,0.0,0,True,0
2167,251372,251487,0.0,0,True,0
2168,251488,251603,0.0,0,True,0
2169,251604,251719,0.0,0,True,0
2170,251720,251835,0.0,0,True,0
2171,251836,251951,0.0,0,True,0
2172,251952,252067,0.0,0,True,0
2173,252068,252183,0.0,0,True,0
2174,252184,252299,0.0,0,True,0
2175,252300,252415,0.0,0,True,0
2176,252416,252531,0.0,0,True,0
2177,252532,252647,0.0,0,True,0
2178,252648,252763,0.0,0,True,0
2179,252764,252879,0.0,0,True,0
2180,252880,252995,0.0,0,True,0
2181,252996,253111,0.0,0,True,0
2182,253112,253227,0.0,0,True,0
2183,253228,253343,0.0,0,True,0
2184,253344,253459,0.0,0,True,0
2185,253460,253575,0.0,0,True,0
2186,253576,253691,0.0,0,True,0
2187,253692,253807,0.0,0,True,0
2188,253808,253923,0.0,0,True,0
2189,253924,254039,0.0,0,True,0
2190,254040,254155,0.0,0,True,0
2191,254156,254271,0.0,0,True,1
2192,254272,254387,0.0,0,True,1
2193,254388,254503,0.0,0,True,1
2194,254504,254619,0.0,0,True,1
2195,254620,254735,0.0,0,True,1
2196,254736,254851,0.0,0,True,1
2197,254852,254967,0.0,0,True,1
2198,254968,255083,0.0,0,True,1
2199,255084,255199,0.0,0,True,1
2200,255200,255315,0.0,0,True,1
2201,255316,255431,0.0,0,True,1
2202,255432,255547,0.0,0,True,1
2203,255548,255663,0.0,0,True,1
2204,255664,255779,0.0,0,True,1
2205,255780,255895,0.0,0,True,1
2206,255896,256011,0.0,0,True,1
2207,256012,256127,0.0,0,True,1
2208,256128,256243,0.0,0,True,1
2209,256244,256359,0.0,0,True,1
2210,256360,256475,0.0,0,True,1
2211,256476,256591,0.0,0,True,1
2212,256592,256707,0.0,0,True,1
2213,256708,256823,0.0,0,True,1
2214,256824,256939,0.0,0,True,1
2215,256940,257055,0.0,0,True,1
2216,257056,257171,0.0,0,True,1
2217,257172,257287,0.0,0,True,1
2218,257288,257403,0.0,0,True,1
2219,257404,257519,0.0,0,True,1
2220,257520,257635,0.0,0,True,2
2221,257636,257751,0.0,0,True,2
2222,257752,257867,0.0,0,True,2
2223,257868,257983,0.0,0,True,2
2224,257984,258099,0.0,0,True,2
2225,258100,258215,0.0,0,True,2
2226,258216,258331,0.0,0,True,2
2227,258332,258447,0.0,0,True,2
2228,258448,258563,0.0,0,True,2
2229,258564,258679,0.0,0,True,2
2230,258680,258795,0.0,0,True,2
2231,258796,258911,0.0,0,True,2
2232,258912,259027,0.0,0,True,2
2233,259028,259143,0.0,0,True,2
2234,259144,259259,0.0,0,True,2
2235,259260,259375,0.0,0,True,2
2236,259376,259491,0.0,0,True,2
2237,259492,259607,0.0,0,True,2
2238,259608,259723,0.0,0,True,2
2239,259724,259839,0.0,0,True,2
2240,259840,259955,0.0,0,True,2
2241,259956,260071,0.0,0,True,2
2242,260072,260187,0.0,0,True,2
2243,260188,260303,0.0,0,True,2
2244,260304,260419,0.0,0,True,2
2245,260420,260535,0.0,0,True,2
2246,260536,260651,0.0,0,True,2
2247,260652,260767,0.0,0,True,2
2248,260768,260883,0.0,0,True,2
2249,260884,260999,0.0,0,True,3
2250,261000,261115,0.0,0,True,3
2251,261116,261231,0.0,0,True,3
2252,261232,261347,0.0,0,True,3
2253,261348,261463,0.0,0,True,3
2254,261464,261579,0.0,0,True,3
2255,261580,261695,0.0,0,True,3
2256,261696,261811,0.0,0,True,3
2257,261812,261927,0.0,0,True,3
2258,261928,262043,0.0,0,True,3
2259,262044,262159,0.0,0,True,3
2260,262160,262275,0.0,0,True,3
2261,262276,262391,0.0,0,True,3
2262,262392,262507,0.0,0,True,3
2263,262508,262623,0.0,0,True,3
2264,262624,262739,0.0,0,True,3
2265,262740,262855,0.0,0,True,3
2266,262856,262971,0.0,0,True,3
2267,262972,263087,0.0,0,True,3
2268,263088,263203,0.0,0,True,3
2269,263204,263319,0.0,0,True,3
2270,263320,263435,0.0,0,True,3
2271,263436,263551,0.0,0,True,3
2272,263552,263667,0.0,0,True,3
2273,263668,263783,0.0,0,True,3
2274,263784,263899,0.0,0,True,3
2275,263900,264015,0.0,0,True,3
2276,264016,264131,0.0,0,True,4
2277,264132,264247,0.0,0,True,4
2278,264248,264363,0.0,0,True,4
2279,264364,264479,0.0,0,True,4
2280,264480,264595,0.0,0,True,4
2281,264596,264711,0.0,0,True,4
2282,264712,264827,0.0,0,True,4
2283,264828,264943,0.0,0,True,4
2284,264944,265059,0.0,0,True,4
2285,265060,265175,0.0,0,True,4
2286,265176,265291,0.0,0,True,4
2287,265292,265407,0.0,0,True,4
2288,265408,265523,0.0,0,True,4
2289,265524,265639,0.0,0,True,4
2290,265640,265755,0.0,0,True,4
2291,265756,265871,0.0,0,True,4
2292,265872,265987,0.0,0,True,4
2293,265988,266103,0.0,0,True,4
2294,266104,266219,0.0,0,True,4
2295,266220,266335,0.0,0,True,4
2296,266336,266451,0.0,0,True,4
2297,266452,266567,0.0,0,True,4
2298,266568,266683,0.0,0,True,4
2299,266684,266799,0.0,0,True,4
2300,266800,266915,0.0,0,True,4
2301,266916,267031,0.0,0,True,4
2302,267032,267147,0.0,0,True,4
2303,267148,267263,0.0,0,True,4
2304,267264,267379,0.0,0,True,4
2305,267380,267495,0.0,0,True,0
2306,267496,267611,0.0,0,True,0
2307,267612,267727,0.0,0,True,0
2308,267728,267843,0.0,0,True,0
2309,267844,267959,0.0,0,True,0
2310,267960,268075,0.0,0,True,0
2311,268076,268191,0.0,0,True,0
2312,268192,268307,0.0,0,True,0
2313,268308,268423,0.0,0,True,0
2314,268424,268539,0.0,0,True,0
2315,268540,268655,0.0,0,True,0
2316,268656,268771,0.0,0,True,0
2317,268772,268887,0.0,0,True,0
2318,268888,269003,0.0,0,True,0
2319,269004,269119,0.0,0,True,0
2320,269120,269235,0.0,0,True,0
2321,269236,269351,0.0,0,True,0
2322,269352,269467,0.0,0,True,0
2323,269468,269583,0.0,0,True,0
2324,269584,269699,0.0,0,True,0
2325,269700,269815,0.0,0,True,0
2326,269816,269931,0.0,0,True,0
2327,269932,270047,0.0,0,True,0
2328,270048,270163,0.0,0,True,0
2329,270164,270279,0.0,0,True,0
2330,270280,270395,0.0,0,True,0
2331,270396,270511,0.0,0,True,0
2332,270512,270627,0.0,0,True,1
2333,270628,270743,0.0,0,True,1
2334,270744,270859,0.0,0,True,1
2335,270860,270975,0.0,0,True,1
2336,270976,271091,0.0,0,True,1
2337,271092,271207,0.0,0,True,1
2338,271208,271323,0.0,0,True,1
2339,271324,271439,0.0,0,True,1
2340,271440,271555,0.0,0,True,1
2341,271556,271671,0.0,0,True,1
2342,271672,271787,0.0,0,True,1
2343,271788,271903,0.0,0,True,1
2344,271904,272019,0.0,0,True,1
2345,272020,272135,0.0,0,True,1
2346,272136,272251,0.0,0,True,1
2347,272252,272367,0.0,0,True,1
2348,272368,272483,0.0,0,True,1
2349,272484,272599,0.0,0,True,1
2350,272600,272715,0.0,0,True,1
2351,272716,272831,0.0,0,True,1
2352,272832,272947,0.0,0,True,1
2353,272948,273063,0.0,0,True,1
2354,273064,273179,0.0,0,True,1
2355,273180,273295,0.0,0,True,1
2356,273296,273411,0.0,0,True,1
2357,273412,273527,0.0,0,True,1
2358,273528,273643,0.0,0,True,1
2359,273644,273759,0.0,0,True,1
2360,273760,273875,0.0,0,True,1
2361,273876,273991,0.0,0,True,2
2362,273992,274107,0.0,0,True,2
2363,274108,274223,0.0,0,True,2
2364,274224,274339,0.0,0,True,2
2365,274340,274455,0.0,0,True,2
2366,274456,274571,0.0,0,True,2
2367,274572,274687,0.0,0,True,2
2368,274688,274803,0.0,0,True,2
2369,274804,274919,0.0,0,True,2
2370,274920,275035,0.0,0,True,2
2371,275036,275151,0.0,0,True,2
2372,275152,275267,0.0,0,True,2
2373,275268,275383,0.0,0,True,2
2374,275384,275499,0.0,0,True,2
2375,275500,275615,0.0,0,True,2
2376,275616,275731,0.0,0,True,2
2377,275732,275847,0.0,0,True,2
2378,275848,275963,0.0,0,True,2
2379,275964,276079,0.0,0,True,2
2380,276080,276195,0.0,0,True,2
2381,276196,276311,0.0,0,True,2
2382,276312,276427,0.0,0,True,2
2383,276428,276543,0.0,0,True,2
2384,276544,276659,0.0,0,True,2
2385,276660,276775,0.0,0,True,2
2386,276776,276891,0.0,0,True,2
2387,276892,277007,0.0,0,True,2
2388,277008,277123,0.0,0,True,2
2389,277124,277239,0.0,0,True,3
2390,277240,277355,0.0,0,True,3
2391,277356,277471,0.0,0,True,3
2392,277472,277587,0.0,0,True,3
2393,277588,277703,0.0,0,True,3
2394,277704,277819,0.0,0,True,3
2395,277820,277935,0.0,0,True,3
2396,277936,278051,0.0,0,True,3
2397,278052,278167,0.0,0,True,3
2398,278168,278283,0.0,0,True,3
2399,278284,278399,0.0,0,True,3
2400,278400,278515,0.0,0,True,3
2401,278516,278631,0.0,0,True,3
2402,278632,278747,0.0,0,True,3
2403,278748,278863,0.0,0,True,3
2404,278864,278979,0.0,0,True,3
2405,278980,279095,0.0,0,True,3
2406,279096,279211,0.0,0,True,3
2407,279212,279327,0.0,0,True,3
2408,279328,279443,0.0,0,True,3
2409,279444,279559,0.0,0,True,3
2410,279560,279675,0.0,0,True,3
2411,279676,279791,0.0,0,True,3
2412,279792,279907,0.0,0,True,3
2413,279908,280023,0.0,0,True,3
2414,280024,280139,0.0,0,True,3
2415,280140,280255,0.0,0,True,3
2416,280256,280371,0.0,0,True,3
2417,280372,280487,0.0,0,True,4
2418,280488,280603,0.0,0,True,4
2419,280604,280719,0.0,0,True,4
2420,280720,280835,0.0,0,True,4
2421,280836,280951,0.0,0,True,4
2422,280952,281067,0.0,0,True,4
2423,281068,281183,0.0,0,True,4
2424,281184,281299,0.0,0,True,4
2425,281300,281415,0.0,0,True,4
2426,281416,281531,0.0,0,True,4
2427,281532,281647,0.0,0,True,4
2428,281648,281763,0.0,0,True,4
2429,281764,281879,0.0,0,True,4
2430,281880,281995,0.0,0,True,4
2431,281996,282111,0.0,0,True,4
2432,282112,282227,0.0,0,True,4
2433,282228,282343,0.0,0,True,4
2434,282344,282459,0.0,0,True,4
2435,282460,282575,0.0,0,True,4
2436,282576,282691,0.0,0,True,4
2437,282692,282807,0.0,0,True,4
2438,282808,282923,0.0,0,True,4
2439,282924,283039,0.0,0,True,4
2440,283040,283155,0.0,0,True,4
2441,283156,283271,0.0,0,True,4
2442,283272,283387,0.0,0,True,4
2443,283388,283503,0.0,0,True,4
2444,283504,283619,0.0,0,True,4
2445,283620,283735,0.0,0,True,4
2446,283736,283851,0.0,0,True,4
2447,283852,283967,0.0,0,True,0
2448,283968,284083,0.0,0,True,0
2449,284084,284199,0.0,0,True,0
2450,284200,284315,0.0,0,True,0
2451,284316,284431,0.0,0,True,0
2452,284432,284547,0.0,0,True,0
2453,284548,284663,0.0,0,True,0
2454,284664,284779,0.0,0,True,0
2455,284780,284895,0.0,0,True,0
2456,284896,285011,0.0,0,True,0
2457,285012,285127,0.0,0,True,0
2458,285128,285243,0.0,0,True,0
2459,285244,285359,0.0,0,True,0
2460,285360,285475,0.0,0,True,0
2461,285476,285591,0.0,0,True,0
2462,285592,285707,0.0,0,True,0
2463,285708,285823,0.0,0,True,0
2464,285824,285939,0.0,0,True,0
2465,285940,286055,0.0,0,True,0
2466,286056,286171,0.0,0,True,0
2467,286172,286287,0.0,0,True,0
2468,286288,286403,0.0,0,True,0
2469,286404,286519,0.0,0,True,0
2470,286520,286635,0.0,0,True,0
2471,286636,286751,0.0,0,True,0
2472,286752,286867,0.0,0,True,1
2473,286868,286983,0.0,0,True,1
2474,286984,287099,0.0,0,True,1
2475,287100,287215,0.0,0,True,1
2476,287216,287331,0.0,0,True,1
2477,287332,287447,0.0,0,True,1
2478,287448,287563,0.0,0,True,1
2479,287564,287679,0.0,0,True,1
2480,287680,287795,0.0,0,True,1
2481,287796,287911,0.0,0,True,1
2482,287912,288027,0.0,0,True,1
2483,288028,288143,0.0,0,True,1
2484,288144,288259,0.0,0,True,1
2485,288260,288375,0.0,0,True,1
2486,288376,288491,0.0,0,True,1
2487,288492,288607,0.0,0,True,1
2488,288608,288723,0.0,0,True,1
2489,288724,288839,0.0,0,True,1
2490,288840,288955,0.0,0,True,1
2491,288956,289071,0.0,0,True,1
2492,289072,289187,0.0,0,True,1
2493,289188,289303,0.0,0,True,1
2494,289304,289419,0.0,0,True,1
2495,289420,289535,0.0,0,True,1
2496,289536,289651,0.0,0,True,1
2497,289652,289767,0.0,0,True,1
2498,289768,289883,0.0,0,True,1
2499,289884,289999,0.0,0,True,1
2500,290000,290115,0.0,0,True,1
2501,290116,290231,0.0,0,True,1
2502,290232,290347,0.0,0,True,2
2503,290348,290463,0.0,0,True,2
2504,290464,290579,0.0,0,True,2
2505,290580,290695,0.0,0,True,2
2506,290696,290811,0.0,0,True,2
2507,290812,290927,0.0,0,True,2
2508,290928,291043,0.0,0,True,2
2509,291044,291159,0.0,0,True,2
2510,291160,291275,0.0,0,True,2
2511,291276,291391,0.0,0,True,2
2512,291392,291507,0.0,0,True,2
2513,291508,291623,0.0,0,True,2
2514,291624,291739,0.0,0,True,2
2515,291740,291855,0.0,0,True,2
2516,291856,291971,0.0,0,True,2
2517,291972,292087,0.0,0,True,2
2518,292088,292203,0.0,0,True,2
2519,292204,292319,0.0,0,True,2
2520,292320,292435,0.0,0,True,2
2521,292436,292551,0.0,0,True,2
2522,292552,292667,0.0,0,True,2
2523,292668,292783,0.0,0,True,2
2524,292784,292899,0.0,0,True,2
2525,292900,293015,0.0,0,True,2
2526,293016,293131,0.0,0,True,2
2527,293132,293247,0.0,0,True,2
2528,293248,293363,0.0,0,True,2
2529,293364,293479,0.0,0,True,2
2530,293480,293595,0.0,0,True,2
2531,293596,293711,0.0,0,True,2
2532,293712,293827,0.0,0,True,3
2533,293828,293943,0.0,0,True,3
2534,293944,294059,0.0,0,True,3
2535,294060,294175,0.0,0,True,3
2536,294176,294291,0.0,0,True,3
2537,294292,294407,0.0,0,True,3
2538,294408,294523,0.0,0,True,3
2539,294524,294639,0.0,0,True,3
2540,294640,294755,0.0,0,True,3
2541,294756,294871,0.0,0,True,3
2542,294872,294987,0.0,0,True,3
2543,294988,295103,0.0,0,True,3
2544,295104,295219,0.0,0,True,3
2545,295220,295335,0.0,0,True,3
2546,295336,295451,0.0,0,True,3
2547,295452,295567,0.0,0,True,3
2548,295568,295683,0.0,0,True,3
2549,295684,295799,0.0,0,True,3
2550,295800,295915,0.0,0,True,3
2551,295916,296031,0.0,0,True,3
2552,296032,296147,0.0,0,True,3
2553,296148,296263,0.0,0,True,3
2554,296264,296379,0.0,0,True,3
2555,296380,296495,0.0,0,True,3
2556,296496,296611,0.0,0,True,3
2557,296612,296727,0.0,0,True,3
2558,296728,296843,0.0,0,True,3
2559,296844,296959,0.0,0,True,3
2560,296960,297075,0.0,0,True,3
2561,297076,297191,0.0,0,True,4
2562,297192,297307,0.0,0,True,4
2563,297308,297423,0.0,0,True,4
2564,297424,297539,0.0,0,True,4
2565,297540,297655,0.0,0,True,4
2566,297656,297771,0.0,0,True,4
2567,297772,297887,0.0,0,True,4
2568,297888,298003,0.0,0,True,4
2569,298004,298119,0.0,0,True,4
2570,298120,298235,0.0,0,True,4
2571,298236,298351,0.0,0,True,4
2572,298352,298467,0.0,0,True,4
2573,298468,298583,0.0,0,True,4
2574,298584,298699,0.0,0,True,4
2575,298700,298815,0.0,0,True,4
2576,298816,298931,0.0,0,True,4
2577,298932,299047,0.0,0,True,4
2578,299048,299163,0.0,0,True,4
2579,299164,299279,0.0,0,True,4
2580,299280,299395,0.0,0,True,4
2581,299396,299511,0.0,0,True,4
2582,299512,299627,0.0,0,True,4
2583,299628,299743,0.0,0,True,4
2584,299744,299859,0.0,0,True,4
2585,299860,299975,0.0,0,True,4
2586,299976,300091,0.0,0,True,4
2587,300092,300207,0.0,0,True,4
2588,300208,300323,0.0,0,True,4
2589,300324,300439,0.0,0,True,4
2590,300440,300555,0.0,0,True,4
2591,300556,300671,0.0,0,True,0
2592,300672,300787,0.0,0,True,0
2593,300788,300903,0.0,0,True,0
2594,300904,301019,0.0,0,True,0
2595,301020,301135,0.0,0,True,0
2596,301136,301251,0.0,0,True,0
2597,301252,301367,0.0,0,True,0
2598,301368,301483,0.0,0,True,0
2599,301484,301599,0.0,0,True,0
2600,301600,301715,0.0,0,True,0
2601,301716,301831,0.0,0,True,0
2602,301832,301947,0.0,0,True,0
2603,301948,302063,0.0,0,True,0
2604,302064,302179,0.0,0,True,0
2605,302180,302295,0.0,0,True,0
2606,302296,302411,0.0,0,True,0
2607,302412,302527,0.0,0,True,0
2608,302528,302643,0.0,0,True,0
2609,302644,302759,0.0,0,True,0
2610,302760,302875,0.0,0,True,0
2611,302876,302991,0.0,0,True,0
2612,302992,303107,0.0,0,True,0
2613,303108,303223,0.0,0,True,0
2614,303224,303339,0.0,0,True,0
2615,303340,303455,0.0,0,True,0
2616,303456,303571,0.0,0,True,0
2617,303572,303687,0.0,0,True,0
2618,303688,303803,0.0,0,True,1
2619,303804,303919,0.0,0,True,1
2620,303920,304035,0.0,0,True,1
2621,304036,304151,0.0,0,True,1
2622,304152,304267,0.0,0,True,1
2623,304268,304383,0.0,0,True,1
2624,304384,304499,0.0,0,True,1
2625,304500,304615,0.0,0,True,1
2626,304616,304731,0.0,0,True,1
2627,304732,304847,0.0,0,True,1
2628,304848,304963,0.0,0,True,1
2629,304964,305079,0.0,0,True,1
2630,305080,305195,0.0,0,True,1
2631,305196,305311,0.0,0,True,1
2632,305312,305427,0.0,0,True,1
2633,305428,305543,0.0,0,True,1
2634,305544,305659,0.0,0,True,1
2635,305660,305775,0.0,0,True,1
2636,305776,305891,0.0,0,True,1
2637,305892,306007,0.0,0,True,1
2638,306008,306123,0.0,0,True,1
2639,306124,306239,0.0,0,True,1
2640,306240,306355,0.0,0,True,1
2641,306356,306471,0.0,0,True,1
2642,306472,306587,0.0,0,True,1
2643,306588,306703,0.0,0,True,1
2644,306704,306819,0.0,0,True,1
2645,306820,306935,0.0,0,True,2
2646,306936,307051,0.0,0,True,2
2647,307052,307167,0.0,0,True,2
2648,307168,307283,0.0,0,True,2
2649,307284,307399,0.0,0,True,2
2650,307400,307515,0.0,0,True,2
2651,307516,307631,0.0,0,True,2
2652,307632,307747,0.0,0,True,2
2653,307748,307863,0.0,0,True,2
2654,307864,307979,0.0,0,True,2
2655,307980,308095,0.0,0,True,2
2656,308096,308211,0.0,0,True,2
2657,308212,308327,0.0,0,True,2
2658,308328,308443,0.0,0,True,2
2659,308444,308559,0.0,0,True,2
2660,308560,308675,0.0,0,True,2
2661,308676,308791,0.0,0,True,2
2662,308792,308907,0.0,0,True,2
2663,308908,309023,0.0,0,True,2
2664,309024,309139,0.0,0,True,2
2665,309140,309255,0.0,0,True,2
2666,309256,309371,0.0,0,True,2
2667,309372,309487,0.0,0,True,2
2668,309488,309603,0.0,0,True,2
2669,309604,309719,0.0,0,True,3
2670,309720,309835,0.0,0,True,3
2671,309836,309951,0.0,0,True,3
2672,309952,310067,0.0,0,True,3
2673,310068,310183,0.0,0,True,3
2674,310184,310299,0.0,0,True,3
2675,310300,310415,0.0,0,True,3
2676,310416,310531,0.0,0,True,3
2677,310532,310647,0.0,0,True,3
2678,310648,310763,0.0,0,True,3
2679,310764,310879,0.0,0,True,3
2680,310880,310995,0.0,0,True,3
2681,310996,311111,0.0,0,True,3
2682,311112,311227,0.0,0,True,3
2683,311228,311343,0.0,0,True,3
2684,311344,311459,0.0,0,True,3
2685,311460,311575,0.0,0,True,3
2686,311576,311691,0.0,0,True,3
2687,311692,311807,0.0,0,True,3
2688,311808,311923,0.0,0,True,3
2689,311924,312039,0.0,0,True,3
2690,312040,312155,0.0,0,True,3
2691,312156,312271,0.0,0,True,3
2692,312272,312387,0.0,0,True,3
2693,312388,312503,0.0,0,True,3
2694,312504,312619,0.0,0,True,3
2695,312620,312735,0.0,0,True,3
2696,312736,312851,0.0,0,True,3
2697,312852,312967,0.0,0,True,4
2698,312968,313083,0.0,0,True,4
2699,313084,313199,0.0,0,True,4
2700,313200,313315,0.0,0,True,4
2701,313316,313431,0.0,0,True,4
2702,313432,313547,0.0,0,True,4
2703,313548,313663,0.0,0,True,4
2704,313664,313779,0.0,0,True,4
2705,313780,313895,0.0,0,True,4
2706,313896,314011,0.0,0,True,4
2707,314012,314127,0.0,0,True,4
2708,314128,314243,0.0,0,True,4
2709,314244,314359,0.0,0,True,4
2710,314360,314475,0.0,0,True,4
2711,314476,314591,0.0,0,True,4
2712,314592,314707,0.0,0,True,4
2713,314708,314823,0.0,0,True,4
2714,314824,314939,0.0,0,True,4
2715,314940,315055,0.0,0,True,4
2716,315056,315171,0.0,0,True,4
2717,315172,315287,0.0,0,True,4
2718,315288,315403,0.0,0,True,4
2719,315404,315519,0.0,0,True,4
2720,315520,315635,0.0,0,True,4
2721,315636,315751,0.0,0,True,4
2722,315752,315867,0.0,0,True,4
2723,315868,315983,0.0,0,True,4
2724,315984,316099,0.0,0,True,4
2725,316100,316215,0.0,0,True,4
2726,316216,316331,0.0,0,True,4
2727,316332,316447,0.0,0,True,0
2728,316448,316563,0.0,0,True,0
2729,316564,316679,0.0,0,True,0
2730,316680,316795,0.0,0,True,0
2731,316796,316911,0.0,0,True,0
2732,316912,317027,0.0,0,True,0
2733,317028,317143,0.0,0,True,0
2734,317144,317259,0.0,0,True,0
2735,317260,317375,0.0,0,True,0
2736,317376,317491,0.0,0,True,0
2737,317492,317607,0.0,0,True,0
2738,317608,317723,0.0,0,True,0
2739,317724,317839,0.0,0,True,0
2740,317840,317955,0.0,0,True,0
2741,317956,318071,0.0,0,True,0
2742,318072,318187,0.0,0,True,0
2743,318188,318303,0.0,0,True,0
2744,318304,318419,0.0,0,True,0
2745,318420,318535,0.0,0,True,0
2746,318536,318651,0.0,0,True,0
2747,318652,318767,0.0,0,True,0
2748,318768,318883,0.0,0,True,0
2749,318884,318999,0.0,0,True,0
2750,319000,319115,0.0,0,True,0
2751,319116,319231,0.0,0,True,0
2752,319232,319347,0.0,0,True,1
2753,319348,319463,0.0,0,True,1
2754,319464,319579,0.0,0,True,1
2755,319580,319695,0.0,0,True,1
2756,319696,319811,0.0,0,True,1
2757,319812,319927,0.0,0,True,1
2758,319928,320043,0.0,0,True,1
2759,320044,320159,0.0,0,True,1
2760,320160,320275,0.0,0,True,1
2761,320276,320391,0.0,0,True,1
2762,320392,320507,0.0,0,True,1
2763,320508,320623,0.0,0,True,1
2764,320624,320739,0.0,0,True,1
2765,320740,320855,0.0,0,True,1
2766,320856,320971,0.0,0,True,1
2767,320972,321087,0.0,0,True,1
2768,321088,321203,0.0,0,True,1
2769,321204,321319,0.0,0,True,1
2770,321320,321435,0.0,0,True,1
2771,321436,321551,0.0,0,True,1
2772,321552,321667,0.0,0,True,1
2773,321668,321783,0.0,0,True,1
2774,321784,321899,0.0,0,True,1
2775,321900,322015,0.0,0,True,1
2776,322016,322131,0.0,0,True,1
2777,322132,322247,0.0,0,True,1
2778,322248,322363,0.0,0,True,2
2779,322364,322479,0.0,0,True,2
2780,322480,322595,0.0,0,True,2
2781,322596,322711,0.0,0,True,2
2782,322712,322827,0.0,0,True,2
2783,322828,322943,0.0,0,True,2
2784,322944,323059,0.0,0,True,2
2785,323060,323175,0.0,0,True,2
2786,323176,323291,0.0,0,True,2
2787,323292,323407,0.0,0,True,2
2788,323408,323523,0.0,0,True,2
2789,323524,323639,0.0,0,True,2
2790,323640,323755,0.0,0,True,2
2791,323756,323871,0.0,0,True,2
2792,323872,323987,0.0,0,True,2
2793,323988,324103,0.0,0,True,2
2794,324104,324219,0.0,0,True,2
2795,324220,324335,0.0,0,True,2
2796,324336,324451,0.0,0,True,2
2797,324452,324567,0.0,0,True,2
2798,324568,324683,0.0,0,True,2
2799,324684,324799,0.0,0,True,2
2800,324800,324915,0.0,0,True,2
2801,324916,325031,0.0,0,True,2
2802,325032,325147,0.0,0,True,2
2803,325148,325263,0.0,0,True,2
2804,325264,325379,0.0,0,True,2
2805,325380,325495,0.0,0,True,2
2806,325496,325611,0.0,0,True,3
2807,325612,325727,0.0,0,True,3
2808,325728,325843,0.0,0,True,3
2809,325844,325959,0.0,0,True,3
2810,325960,326075,0.0,0,True,3
2811,326076,326191,0.0,0,True,3
2812,326192,326307,0.0,0,True,3
2813,326308,326423,0.0,0,True,3
2814,326424,326539,0.0,0,True,3
2815,326540,326655,0.0,0,True,3
2816,326656,326771,0.0,0,True,3
2817,326772,326887,0.0,0,True,3
2818,326888,327003,0.0,0,True,3
2819,327004,327119,0.0,0,True,3
2820,327120,327235,0.0,0,True,3
2821,327236,327351,0.0,0,True,3
2822,327352,327467,0.0,0,True,3
2823,327468,327583,0.0,0,True,3
2824,327584,327699,0.0,0,True,3
2825,327700,327815,0.0,0,True,3
2826,327816,327931,0.0,0,True,3
2827,327932,328047,0.0,0,True,3
2828,328048,328163,0.0,0,True,3
2829,328164,328279,0.0,0,True,3
2830,328280,328395,0.0,0,True,3
2831,328396,328511,0.0,0,True,3
2832,328512,328627,0.0,0,True,3
2833,328628,328743,0.0,0,True,4
2834,328744,328859,0.0,0,True,4
2835,328860,328975,0.0,0,True,4
2836,328976,329091,0.0,0,True,4
2837,329092,329207,0.0,0,True,4
2838,329208,329323,0.0,0,True,4
2839,329324,329439,0.0,0,True,4
2840,329440,329555,0.0,0,True,4
2841,329556,329671,0.0,0,True,4
2842,329672,329787,0.0,0,True,4
2843,329788,329903,0.0,0,True,4
2844,329904,330019,0.0,0,True,4
2845,330020,330135,0.0,0,True,4
2846,330136,330251,0.0,0,True,4
2847,330252,330367,0.0,0,True,4
2848,330368,330483,0.0,0,True,4
2849,330484,330599,0.0,0,True,4
2850,330600,330715,0.0,0,True,4
2851,330716,330831,0.0,0,True,4
2852,330832,330947,0.0,0,True,4
2853,330948,331063,0.0,0,True,4
2854,331064,331179,0.0,0,True,4
2855,331180,331295,0.0,0,True,4
2856,331296,331411,0.0,0,True,4
2857,331412,331527,0.0,0,True,4
2858,331528,331643,0.0,0,True,4
2859,331644,331759,0.0,0,True,4
2860,331760,331875,0.0,0,True,4
2861,331876,331991,0.0,0,True,4
2862,331992,332107,0.0,0,True,4
