member,subject_folder,movement_filename_indices,first_segment_file_name,tdms_version,first_segment_objects,first_metadata_bytes,member_uncompressed_bytes,member_crc32
SEMG-01/SEMG-01_Mv1.tdms,01,1,Prueba1,4713,5,4068,5359149,72179a6e
SEMG-01/SEMG-01_Mv2.tdms,01,2,Prueba2,4713,5,4068,3110445,b3ad5aa9
SEMG-01/SEMG-01_Mv3.tdms,01,3,Prueba3,4713,5,4068,5125677,d1b492bc
SEMG-01/SEMG-01_Mv4.tdms,01,4,Prueba4,4713,5,4068,4392493,520e2c1c
SEMG-02/SEMG-02_Mv1.tdms,02,1,Prueba1Puño,4713,5,4068,4093485,6d370b28
SEMG-02/SEMG-02_Mv2.tdms,02,2,Prueba2Tacitra,4713,5,4068,3397165,acceebd5
SEMG-02/SEMG-02_Mv3.tdms,02,3,Prueba3Meñique,4713,5,4068,3565101,9deb8566
SEMG-02/SEMG-02_Mv4.tdms,02,4,Prueba4Extension,4713,5,4068,3610157,4d375340
SEMG-03/SEMG-03_Mv1.tdms,03,1,PruebaPuño1,4713,5,4068,4514773,01232049
SEMG-03/SEMG-03_Mv2.tdms,03,2,PruebaTacita,4713,5,4068,3027925,9cb54cfb
SEMG-03/SEMG-03_Mv3.tdms,03,3,PruebaMeñique,4713,5,4068,16737237,d5b20a88
SEMG-03/SEMG-03_Mv4.tdms,03,4,Prueba4Extension,4713,5,4068,11449301,749f5d9b
SEMG-03/SEMG-03_Mv5.tdms,03,5,PruebaReposo,4713,5,4068,7521237,b52135fa
SEMG-04/SEMG-04_Mv1.tdms,04,1,Prueba1,4713,5,4068,5885765,5531a5b8
SEMG-04/SEMG-04_Mv2.tdms,04,2,Prueba2_Tacita,4713,5,4068,3192365,247479f5
SEMG-04/SEMG-04_Mv3.tdms,04,3,Prueba3_PM,4713,5,4068,3073581,5023fa4e
SEMG-04/SEMG-04_Mv4_Mv5.tdms,04,"4,5",Prueba4_E,4713,5,4068,6362669,d85d60f4
SEMG-05/SEMG-05_Mv1.tdms,05,1,Prueba1Puño,4713,5,4068,4601389,c1487446
SEMG-05/SEMG-05_Mv2.tdms,05,2,Prueba2Tacita,4713,5,4068,3171885,80609900
SEMG-05/SEMG-05_Mv3.tdms,05,3,Prueba3Meñique,4713,5,4068,3360301,086394e7
SEMG-05/SEMG-05_Mv4.tdms,05,4,Prueba4Extension,4713,5,4068,3151405,54b55a22
SEMG-05/SEMG-05_Mv5.tdms,05,5,Prueba5Reposo,4713,5,4068,2868181,d914818d
SEMG-06/SEMG-06_Mv1.tdms,06,1,Prueba1Puño,4713,5,4068,5104597,f616f9cf
SEMG-06/SEMG-06_Mv2.tdms,06,2,Prueba2Tacita,4713,5,4068,3232725,e3de3b4d
SEMG-06/SEMG-06_Mv3.tdms,06,3,Prueba3Meñique,4713,5,4068,3257301,9c2c7bcb
SEMG-06/SEMG-06_Mv4.tdms,06,4,Prueba4Extension,4713,5,4068,3376085,a885f78e
SEMG-06/SEMG-06_Mv5.tdms,06,5,Prueba5Reposo,4713,5,4068,2832029,6f22b214
SEMG-07/SEMG-07_Mv1.tdms,07,1,Prueba1Puño,4713,5,4068,4011565,5198e164
SEMG-07/SEMG-07_Mv2.tdms,07,2,Prueba2Tacita,4713,5,4068,3073581,7f19aa8c
SEMG-07/SEMG-07_Mv3.tdms,07,3,Prueba3Meñique,4713,5,4068,3438125,1d9bf7fb
SEMG-07/SEMG-07_Mv4.tdms,07,4,Prueba4Extension,4713,5,4068,3151405,b76d932f
SEMG-07/SEMG-07_Mv5.tdms,07,5,Prueba5Reposo,4713,5,4068,2832629,d48c5c61
SEMG-08/SEMG-08_Mv1.tdms,08,1,Prueba1_Puño,4713,5,4068,3266093,ae90f895
SEMG-08/SEMG-08_Mv2.tdms,08,2,Prueba2_PME,4713,5,4068,3073581,947606a6
SEMG-08/SEMG-08_Mv3.tdms,08,3,Prueba3_PM,4713,5,4068,3319341,7fbd9663
SEMG-08/SEMG-08_Mv4.tdms,08,4,Prueba4_E,4713,5,4068,3700269,8229fc0f
SEMG-08/SEMG-08_Mv5.tdms,08,5,Reposo,4713,5,4068,2930437,5daee816
SEMG-09/SEMG-09_Mv1.tdms,09,1,Prueba1Puño,4713,5,4068,6423509,2d533642
SEMG-09/SEMG-09_Mv2.tdms,09,2,Prueba2Tacita,4713,5,4068,3982293,ffbe0eb5
SEMG-09/SEMG-09_Mv3.tdms,09,3,Prueba3Meñique,4713,5,4068,3023829,18d9b1bd
SEMG-09/SEMG-09_Mv4.tdms,09,4,Prueba4_Extension,4713,5,4068,3191765,a326e3b0
SEMG-09/SEMG-09_Mv5.tdms,09,5,Reposo,4713,5,4068,2833229,e1324941
SEMG-10/SEMG-10_Mv1.tdms,10,1,Prueba1Puño,4713,5,4068,4458029,c001ee34
SEMG-10/SEMG-10_Mv2.tdms,10,2,Prueba2Tacita,4713,5,4068,3028525,4aee99a9
SEMG-10/SEMG-10_Mv3.tdms,10,3,Prueba3Meñique,4713,5,4068,3958317,54dd9c88
SEMG-10/SEMG-10_Mv4.tdms,10,4,Prueba4Extension,4713,5,4068,3012141,686b3573
SEMG-10/SEMG-10_Mv5.tdms,10,5,Prueba5Reposo,4713,5,4068,2864685,7e45e3fc
SEMG-11/SEMG-11_Mv1.tdms,11,1,Prueba1_Puño2,4713,5,4068,3425237,3ce8ec7f
SEMG-11/SEMG-11_Mv2.tdms,11,2,Prueba2_PME,4713,5,4068,4191189,8f806637
SEMG-11/SEMG-11_Mv3.tdms,11,3,Prueba3_PM,4713,5,4068,3285973,55c80076
SEMG-11/SEMG-11_Mv4.tdms,11,4,Prueba4_Extension,4713,5,4068,3412949,b007ea44
SEMG-11/SEMG-11_Mv5.tdms,11,5,Reposo,4713,5,4068,2834429,bd69ef18
SEMG-12/SEMG-12_Mv1.tdms,12,1,Prueba1Puño,4713,5,4068,2921429,b2bd20c0
SEMG-12/SEMG-12_Mv2.tdms,12,2,Prueba2_Tacita,4713,5,4068,3191765,7d01989b
SEMG-12/SEMG-12_Mv3.tdms,12,3,Prueba3Meñique,4713,5,4068,3347413,34f4d216
SEMG-12/SEMG-12_Mv4.tdms,12,4,Prueba4Extension,4713,5,4068,3019733,b83367bb
SEMG-12/SEMG-12_Mv5.tdms,12,5,Prueba5Reposo,4713,5,4068,2838629,7d7a7779
SEMG-13/SEMG-13_Mv1.tdms,13,1,Prueba1Puño,4713,5,4068,3699669,aad65134
SEMG-13/SEMG-13_Mv2.tdms,13,2,Prueba2Tacita,4713,5,4068,3187669,3883f2db
SEMG-13/SEMG-13_Mv3.tdms,13,3,Prueba3Meñique,4713,5,4068,3924949,87fd2551
SEMG-13/SEMG-13_Mv4.tdms,13,4,Prueba4Extension,4713,5,4068,3019733,c8bddc1d
SEMG-13/SEMG-13_Mv5.tdms,13,5,Prueba5Reposo,4713,5,4068,2824821,795e888f
SEMG-14/SEMG-14_Mv1.tdms,14,1,Prueba1_Puño,4713,5,4068,3929045,96e8086a
SEMG-14/SEMG-14_Mv2.tdms,14,2,Prueba2_Tacita,4713,5,4068,3175381,5fc596a6
SEMG-14/SEMG-14_Mv3.tdms,14,3,Prueba3_Meñique,4713,5,4068,3302357,d8c9c983
SEMG-14/SEMG-14_Mv4.tdms,14,4,Prueba4_Extension,4713,5,4068,3261397,51e97392
SEMG-14/SEMG-14_Mv5.tdms,14,5,Reposo,4713,5,4068,2836229,20ed496f
SEMG-15/SEMG-15_Mv1.tdms,15,1,Prueba1Puño,4713,5,4068,3802069,0e18bd67
SEMG-15/SEMG-15_Mv2.tdms,15,2,Prueba2Tacita,4713,5,4068,3453909,2791b36a
SEMG-15/SEMG-15_Mv3.tdms,15,3,Prueba3Meñique,4713,5,4068,3199957,6e779016
SEMG-15/SEMG-15_Mv4.tdms,15,4,Prueba4Extension,4713,5,4068,3818453,478c2b40
SEMG-15/SEMG-15_Mv5.tdms,15,5,Prueba5Reposo,4713,5,4068,2832029,4fde563c
SEMG-16/SEMG-16_Mv1.tdms,16,1,Prueba1Puño,4713,5,4068,4167213,f3d30238
SEMG-16/SEMG-16_Mv2.tdms,16,2,Prueba2Tacita,4713,5,4068,3270189,74f64f97
SEMG-16/SEMG-16_Mv3.tdms,16,3,Prueba3Meñique,4713,5,4068,3040213,44bea0c8
SEMG-16/SEMG-16_Mv4.tdms,16,4,Prueba4Extension,4713,5,4068,3163093,c6a03efe
SEMG-16/SEMG-16_Mv5.tdms,16,5,Prueba5Reposo,4713,5,4068,2856109,925095c3
SEMG-17/SEMG-17_Mv1.tdms,17,1,Prueba1Puño,4713,5,4068,3109845,08c82550
SEMG-17/SEMG-17_Mv2.tdms,17,2,Prueba2Tacita,4713,5,4068,3032021,a3614643
SEMG-17/SEMG-17_Mv3.tdms,17,3,Prueba3Meñique,4713,5,4068,3847125,142a374e
SEMG-17/SEMG-17_Mv4.tdms,17,4,Prueba4Extension,4713,5,4068,3133821,1d84c304
SEMG-17/SEMG-17_Mv5.tdms,17,5,Prueba5Reposo,4713,5,4068,2896853,dfab654e
SEMG-18/SEMG-18_Mv1.tdms,18,1,Prueba1Puño,4713,5,4068,3867605,ab9f76f0
SEMG-18/SEMG-18_Mv2.tdms,18,2,Prueba2Tacita,4713,5,4068,3199957,7e988ceb
SEMG-18/SEMG-18_Mv3.tdms,18,3,Prueba3Meñique,4713,5,4068,3355605,f1ea17fd
SEMG-18/SEMG-18_Mv4.tdms,18,4,Prueba4Extension,4713,5,4068,3175381,c684584f
SEMG-18/SEMG-18_Mv5.tdms,18,5,Prueba5Reposo,4713,5,4068,2832029,5a1632c5
SEMG-19/SEMG-19_Mv1.tdms,19,1,Prueba1Puño,4713,5,4068,3080573,abadb80f
SEMG-19/SEMG-19_Mv2.tdms,19,2,Prueba2Tacita,4713,5,4068,3158997,4f8d9b19
SEMG-19/SEMG-19_Mv3.tdms,19,3,Prueba3Meñique,4713,5,4068,3080573,cebdd81c
SEMG-19/SEMG-19_Mv4.tdms,19,4,Prueba4Extension,4713,5,4068,3105749,977d42fa
SEMG-19/SEMG-19_Mv5.tdms,19,5,Prueba5Reposo,4713,5,4068,2935029,2c46819c
SEMG-20/SEMG-20_Mv1.tdms,20,1,Prueba1Puño,4713,5,4068,3605461,4e7a92a1
SEMG-20/SEMG-20_Mv2.tdms,20,2,Prueba2Tacita,4713,5,4068,3183573,9f3709bb
SEMG-20/SEMG-20_Mv3.tdms,20,3,Prueba3Meñique,4713,5,4068,3204053,94c1a390
SEMG-20/SEMG-20_Mv4.tdms,20,4,Prueba4Extension,4713,5,4068,3146709,5588688d
SEMG-20/SEMG-20_Mv5.tdms,20,5,Prueba5Reposo,4713,5,4068,2901661,292c106d
