dataset,phase,subject,condition,family,feature_dimension,active_native_labels_json,rest_label_excluded,D_nuisance_active,D_gesture_active,J_active,macro_f1_active6,accuracy_active,log_loss_active_truth_7way_probability,active_trials,rest_trials_excluded
libemg_contraction_intensity,validation,7,ALL,F0,48,"[1, 2, 3, 4, 5, 6]",0,5.231836318969727,6.342785553498701,1.2123440349958259,0.3868382996053606,0.40476190476190477,2.184239656410857,252,42
libemg_contraction_intensity,validation,7,20P,F0,48,"[1, 2, 3, 4, 5, 6]",0,5.951526165008545,2.2820637226104736,0.38344176927076534,0.0,0.0,4.125208602192915,24,4
libemg_contraction_intensity,validation,7,30P,F0,48,"[1, 2, 3, 4, 5, 6]",0,4.93211555480957,4.102320671081543,0.831756804034726,0.0909090909090909,0.125,2.547033765874585,24,4
libemg_contraction_intensity,validation,7,40P,F0,48,"[1, 2, 3, 4, 5, 6]",0,4.261814594268799,5.890264987945557,1.382102589758,0.26060606060606056,0.3333333333333333,1.925205283472878,24,4
libemg_contraction_intensity,validation,7,50P,F0,48,"[1, 2, 3, 4, 5, 6]",0,4.057955741882324,7.308568000793457,1.8010467500129015,0.5507122507122507,0.6666666666666666,1.4232939357150027,24,4
libemg_contraction_intensity,validation,7,60P,F0,48,"[1, 2, 3, 4, 5, 6]",0,4.230687141418457,8.181146621704102,1.9337630857685604,0.5444444444444444,0.6666666666666666,1.2083639966733388,24,4
libemg_contraction_intensity,validation,7,70P,F0,48,"[1, 2, 3, 4, 5, 6]",0,4.843263149261475,9.212552070617676,1.9021374198575682,0.6555555555555556,0.7083333333333334,1.1883217511816488,24,4
libemg_contraction_intensity,validation,7,80P,F0,48,"[1, 2, 3, 4, 5, 6]",0,5.462217807769775,9.406720161437988,1.7221429998425017,0.5703703703703703,0.6666666666666666,1.4105129003089025,24,4
libemg_contraction_intensity,validation,7,MVC,F0,48,"[1, 2, 3, 4, 5, 6]",0,8.039743423461914,9.25014591217041,1.1505523777116062,0.19444444444444442,0.3333333333333333,1.6076630084990178,12,2
libemg_contraction_intensity,validation,7,Light,F0,48,"[1, 2, 3, 4, 5, 6]",0,6.4191155433654785,1.4813332557678223,0.23076905934117165,0.0,0.0,4.748175281395188,24,4
libemg_contraction_intensity,validation,7,Medium,F0,48,"[1, 2, 3, 4, 5, 6]",0,4.424132347106934,4.475903034210205,1.0117018847856023,0.29365079365079366,0.3333333333333333,2.319966009951623,24,4
libemg_contraction_intensity,validation,7,Hard,F0,48,"[1, 2, 3, 4, 5, 6]",0,4.927628517150879,8.179622650146484,1.6599511553094695,0.484126984126984,0.5833333333333334,1.2346033612984089,24,4
libemg_contraction_intensity,validation,8,ALL,F0,48,"[1, 2, 3, 4, 5, 6]",0,6.392557621002197,11.109143170443447,1.7378244873024737,0.47676918825854986,0.45634920634920634,1.875235640195633,252,42
libemg_contraction_intensity,validation,8,20P,F0,48,"[1, 2, 3, 4, 5, 6]",0,8.259398460388184,3.949981212615967,0.4782407861192469,0.0,0.0,3.7259041810943394,24,4
libemg_contraction_intensity,validation,8,30P,F0,48,"[1, 2, 3, 4, 5, 6]",0,6.389693260192871,6.366668224334717,0.9963965350103364,0.2650793650793651,0.20833333333333334,1.7596896719154926,24,4
libemg_contraction_intensity,validation,8,40P,F0,48,"[1, 2, 3, 4, 5, 6]",0,5.383184909820557,8.584354400634766,1.5946608827823918,0.4148148148148148,0.4166666666666667,1.4364708845259415,24,4
libemg_contraction_intensity,validation,8,50P,F0,48,"[1, 2, 3, 4, 5, 6]",0,4.846495628356934,10.589313507080078,2.1849423416175844,0.42424242424242425,0.4583333333333333,1.698728802665703,24,4
libemg_contraction_intensity,validation,8,60P,F0,48,"[1, 2, 3, 4, 5, 6]",0,4.825027942657471,11.68135929107666,2.4209930863946134,0.5021164021164021,0.5,1.673671946229958,24,4
libemg_contraction_intensity,validation,8,70P,F0,48,"[1, 2, 3, 4, 5, 6]",0,5.389721393585205,12.899678230285645,2.393384980047277,0.6582491582491583,0.7083333333333334,1.320383124723215,24,4
libemg_contraction_intensity,validation,8,80P,F0,48,"[1, 2, 3, 4, 5, 6]",0,6.150356292724609,14.156063079833984,2.3016655305562272,0.6582491582491583,0.7083333333333334,1.4535275445255913,24,4
libemg_contraction_intensity,validation,8,MVC,F0,48,"[1, 2, 3, 4, 5, 6]",0,9.670448303222656,16.88600730895996,1.7461452436655,0.4666666666666666,0.5,3.1861700803087376,12,2
libemg_contraction_intensity,validation,8,Light,F0,48,"[1, 2, 3, 4, 5, 6]",0,5.984741687774658,8.018985748291016,1.3399050730189113,0.4166666666666667,0.4166666666666667,1.2951600839217567,24,4
libemg_contraction_intensity,validation,8,Medium,F0,48,"[1, 2, 3, 4, 5, 6]",0,5.21237850189209,11.220795631408691,2.152720802436024,0.5777777777777778,0.625,1.1220668445605375,24,4
libemg_contraction_intensity,validation,8,Hard,F0,48,"[1, 2, 3, 4, 5, 6]",0,8.206681251525879,17.847368240356445,2.1747363755379907,0.4259259259259259,0.5,2.6112860977372416,24,4
libemg_contraction_intensity,validation,7,ALL,F1_X1H,8,"[1, 2, 3, 4, 5, 6]",0,1.4537345170974731,2.6321097178892656,1.8105848672861387,0.4017913687268526,0.42857142857142855,2.0167601356491436,252,42
libemg_contraction_intensity,validation,7,20P,F1_X1H,8,"[1, 2, 3, 4, 5, 6]",0,1.6066433191299438,1.8768749237060547,1.1681963888572553,0.037037037037037035,0.08333333333333333,2.9133959341413167,24,4
libemg_contraction_intensity,validation,7,30P,F1_X1H,8,"[1, 2, 3, 4, 5, 6]",0,1.2163196802139282,2.4379663467407227,2.0043795937853206,0.26091269841269843,0.2916666666666667,2.1585583829864756,24,4
libemg_contraction_intensity,validation,7,40P,F1_X1H,8,"[1, 2, 3, 4, 5, 6]",0,1.1593685150146484,2.812885046005249,2.4262216968407895,0.4936507936507937,0.5416666666666666,1.7607315665721404,24,4
libemg_contraction_intensity,validation,7,50P,F1_X1H,8,"[1, 2, 3, 4, 5, 6]",0,1.1335008144378662,3.076275587081909,2.713959749853485,0.536026936026936,0.625,1.5037566842584973,24,4
libemg_contraction_intensity,validation,7,60P,F1_X1H,8,"[1, 2, 3, 4, 5, 6]",0,1.2064337730407715,3.172852039337158,2.629942985661872,0.5833333333333334,0.6666666666666666,1.3511127966239516,24,4
libemg_contraction_intensity,validation,7,70P,F1_X1H,8,"[1, 2, 3, 4, 5, 6]",0,1.3669729232788086,3.3493199348449707,2.450172843633439,0.5703703703703703,0.6666666666666666,1.3072728715071922,24,4
libemg_contraction_intensity,validation,7,80P,F1_X1H,8,"[1, 2, 3, 4, 5, 6]",0,1.3757116794586182,3.2057604789733887,2.330256060631775,0.5444444444444444,0.6666666666666666,1.356374598685063,24,4
libemg_contraction_intensity,validation,7,MVC,F1_X1H,8,"[1, 2, 3, 4, 5, 6]",0,2.3754332065582275,2.607043981552124,1.0975025415341937,0.047619047619047616,0.16666666666666666,1.8185145949012682,12,2
libemg_contraction_intensity,validation,7,Light,F1_X1H,8,"[1, 2, 3, 4, 5, 6]",0,1.8913013935089111,1.3685439825057983,0.7235990980233952,0.09230769230769231,0.08333333333333333,3.8480905079438767,24,4
libemg_contraction_intensity,validation,7,Medium,F1_X1H,8,"[1, 2, 3, 4, 5, 6]",0,1.2355570793151855,2.2118897438049316,1.790196325734999,0.23809523809523805,0.25,2.4128486440287693,24,4
libemg_contraction_intensity,validation,7,Hard,F1_X1H,8,"[1, 2, 3, 4, 5, 6]",0,1.423837423324585,2.8337948322296143,1.9902516857674861,0.46533613445378147,0.5416666666666666,1.654582140118089,24,4
libemg_contraction_intensity,validation,8,ALL,F1_X1H,8,"[1, 2, 3, 4, 5, 6]",0,1.3195602893829346,3.5505822138352827,2.6907313308333696,0.6416194563399599,0.6071428571428571,0.9794905745290288,252,42
libemg_contraction_intensity,validation,8,20P,F1_X1H,8,"[1, 2, 3, 4, 5, 6]",0,2.071632146835327,2.1614573001861572,1.0433596057986034,0.15873015873015872,0.16666666666666666,2.3221261088509744,24,4
libemg_contraction_intensity,validation,8,30P,F1_X1H,8,"[1, 2, 3, 4, 5, 6]",0,1.379034399986267,3.0615005493164062,2.220032037725013,0.5370851370851372,0.5,1.1970830877621945,24,4
libemg_contraction_intensity,validation,8,40P,F1_X1H,8,"[1, 2, 3, 4, 5, 6]",0,1.1440714597702026,3.3673651218414307,2.943317126557344,0.7063492063492062,0.6666666666666666,1.009261605901439,24,4
libemg_contraction_intensity,validation,8,50P,F1_X1H,8,"[1, 2, 3, 4, 5, 6]",0,1.1129711866378784,3.812774896621704,3.425762447451095,0.6164502164502165,0.625,0.8230834580853141,24,4
libemg_contraction_intensity,validation,8,60P,F1_X1H,8,"[1, 2, 3, 4, 5, 6]",0,1.0848616361618042,3.751673936843872,3.4582050018574897,0.6825396825396824,0.7083333333333334,0.7346219488209217,24,4
libemg_contraction_intensity,validation,8,70P,F1_X1H,8,"[1, 2, 3, 4, 5, 6]",0,1.1673511266708374,3.8606085777282715,3.3071528259090353,0.602020202020202,0.6666666666666666,0.7232666923574064,24,4
libemg_contraction_intensity,validation,8,80P,F1_X1H,8,"[1, 2, 3, 4, 5, 6]",0,1.369560718536377,4.079188823699951,2.9784651152680945,0.688888888888889,0.75,0.7209829693215145,24,4
libemg_contraction_intensity,validation,8,MVC,F1_X1H,8,"[1, 2, 3, 4, 5, 6]",0,1.4342033863067627,4.077072620391846,2.8427436854730197,0.5555555555555555,0.6666666666666666,0.9021447462775241,12,2
libemg_contraction_intensity,validation,8,Light,F1_X1H,8,"[1, 2, 3, 4, 5, 6]",0,1.478940725326538,3.5700056552886963,2.413893669916405,0.7465608465608465,0.7083333333333334,0.7294659363215311,24,4
libemg_contraction_intensity,validation,8,Medium,F1_X1H,8,"[1, 2, 3, 4, 5, 6]",0,1.0998364686965942,3.759484052658081,3.418220944038697,0.655050505050505,0.625,0.6689815750991741,24,4
libemg_contraction_intensity,validation,8,Hard,F1_X1H,8,"[1, 2, 3, 4, 5, 6]",0,1.1726990938186646,3.5552728176116943,3.0317008310558813,0.5740740740740741,0.625,0.9047052768955695,24,4
libemg_contraction_intensity,validation,7,ALL,F2b_CSP,14,"[1, 2, 3, 4, 5, 6]",0,1.3141354322433472,3.780940467661077,2.8771315152190664,0.4325438357941794,0.4246031746031746,2.0446617062667465,252,42
libemg_contraction_intensity,validation,7,20P,F2b_CSP,14,"[1, 2, 3, 4, 5, 6]",0,1.351853609085083,3.1988189220428467,2.366246537575279,0.025641025641025644,0.041666666666666664,2.0837490506052045,24,4
libemg_contraction_intensity,validation,7,30P,F2b_CSP,14,"[1, 2, 3, 4, 5, 6]",0,1.0622974634170532,3.6355626583099365,3.422358410113604,0.2984126984126984,0.2916666666666667,1.8984216392897821,24,4
libemg_contraction_intensity,validation,7,40P,F2b_CSP,14,"[1, 2, 3, 4, 5, 6]",0,1.0898805856704712,4.13896369934082,3.7976304499587497,0.5076590076590076,0.5833333333333334,1.8678588344624873,24,4
libemg_contraction_intensity,validation,7,50P,F2b_CSP,14,"[1, 2, 3, 4, 5, 6]",0,1.1175471544265747,4.352680683135986,3.894851922360187,0.5703703703703703,0.6666666666666666,1.7108696345040977,24,4
libemg_contraction_intensity,validation,7,60P,F2b_CSP,14,"[1, 2, 3, 4, 5, 6]",0,1.1851208209991455,4.58863639831543,3.871872231608992,0.5833333333333334,0.6666666666666666,1.722501297201706,24,4
libemg_contraction_intensity,validation,7,70P,F2b_CSP,14,"[1, 2, 3, 4, 5, 6]",0,1.33174467086792,4.7895426750183105,3.596442155490093,0.5703703703703703,0.6666666666666666,1.8373529845654317,24,4
libemg_contraction_intensity,validation,7,80P,F2b_CSP,14,"[1, 2, 3, 4, 5, 6]",0,1.196062445640564,4.483276844024658,3.74836352398704,0.5428571428571428,0.5833333333333334,1.8868007032602694,24,4
libemg_contraction_intensity,validation,7,MVC,F2b_CSP,14,"[1, 2, 3, 4, 5, 6]",0,1.984270691871643,2.6310417652130127,1.3259490128328784,0.15079365079365079,0.25,2.635201344995078,12,2
libemg_contraction_intensity,validation,7,Light,F2b_CSP,14,"[1, 2, 3, 4, 5, 6]",0,1.8519023656845093,2.679111957550049,1.4466809952019875,0.11111111111111112,0.125,2.91748578428394,24,4
libemg_contraction_intensity,validation,7,Medium,F2b_CSP,14,"[1, 2, 3, 4, 5, 6]",0,1.1379928588867188,3.3834869861602783,2.9732058153448975,0.33174603174603173,0.375,2.0089758953829135,24,4
libemg_contraction_intensity,validation,7,Hard,F2b_CSP,14,"[1, 2, 3, 4, 5, 6]",0,1.1468167304992676,3.7092225551605225,3.2343638318062147,0.35555555555555557,0.3333333333333333,2.21733141974747,24,4
libemg_contraction_intensity,validation,8,ALL,F2b_CSP,14,"[1, 2, 3, 4, 5, 6]",0,1.662430763244629,4.814267180182717,2.8959204114443464,0.6486689785157473,0.6547619047619048,0.9830093517020246,252,42
libemg_contraction_intensity,validation,8,20P,F2b_CSP,14,"[1, 2, 3, 4, 5, 6]",0,2.45115065574646,3.3276894092559814,1.3576029695762724,0.18094405594405594,0.20833333333333334,2.4399973063384937,24,4
libemg_contraction_intensity,validation,8,30P,F2b_CSP,14,"[1, 2, 3, 4, 5, 6]",0,1.6057255268096924,4.103921413421631,2.555805051763644,0.5287037037037038,0.5416666666666666,0.9794300752172461,24,4
libemg_contraction_intensity,validation,8,40P,F2b_CSP,14,"[1, 2, 3, 4, 5, 6]",0,1.5083084106445312,4.110239028930664,2.725065377644992,0.5845238095238096,0.625,0.9830369813169443,24,4
libemg_contraction_intensity,validation,8,50P,F2b_CSP,14,"[1, 2, 3, 4, 5, 6]",0,1.4582645893096924,4.95374870300293,3.397016384391679,0.5896464646464646,0.6666666666666666,0.844304193543655,24,4
libemg_contraction_intensity,validation,8,60P,F2b_CSP,14,"[1, 2, 3, 4, 5, 6]",0,1.425251841545105,5.232676029205322,3.6714045029161135,0.7032227032227031,0.75,0.8470743569124664,24,4
libemg_contraction_intensity,validation,8,70P,F2b_CSP,14,"[1, 2, 3, 4, 5, 6]",0,1.4610751867294312,5.123364448547363,3.5065713898442072,0.725,0.75,0.850689890111599,24,4
libemg_contraction_intensity,validation,8,80P,F2b_CSP,14,"[1, 2, 3, 4, 5, 6]",0,1.738599419593811,5.889636039733887,3.3875750635940767,0.7354497354497355,0.7916666666666666,0.8514221868673735,24,4
libemg_contraction_intensity,validation,8,MVC,F2b_CSP,14,"[1, 2, 3, 4, 5, 6]",0,1.884587287902832,6.033297538757324,3.201389278790603,0.5555555555555555,0.6666666666666666,1.116056259193204,12,2
libemg_contraction_intensity,validation,8,Light,F2b_CSP,14,"[1, 2, 3, 4, 5, 6]",0,1.8689954280853271,4.315433979034424,2.3089590878370574,0.729100529100529,0.75,0.645672270365013,24,4
libemg_contraction_intensity,validation,8,Medium,F2b_CSP,14,"[1, 2, 3, 4, 5, 6]",0,1.4135005474090576,4.644015312194824,3.285471180310997,0.6497835497835497,0.7083333333333334,0.5581360117257086,24,4
libemg_contraction_intensity,validation,8,Hard,F2b_CSP,14,"[1, 2, 3, 4, 5, 6]",0,1.4712783098220825,5.222917079925537,3.54991781276388,0.6916666666666668,0.75,0.763806790876156,24,4
libemg_contraction_intensity,validation,7,ALL,F3_Ring,40,"[1, 2, 3, 4, 5, 6]",0,4.293755054473877,6.285472262989391,1.4638637237338115,0.2673995901670611,0.28174603174603174,2.777292521223288,252,42
libemg_contraction_intensity,validation,7,20P,F3_Ring,40,"[1, 2, 3, 4, 5, 6]",0,4.642606735229492,5.521136283874512,1.1892319549402173,0.1259259259259259,0.125,3.93159601891259,24,4
libemg_contraction_intensity,validation,7,30P,F3_Ring,40,"[1, 2, 3, 4, 5, 6]",0,3.9020836353302,6.207535266876221,1.5908257861294783,0.20868945868945868,0.25,2.8013336736403907,24,4
libemg_contraction_intensity,validation,7,40P,F3_Ring,40,"[1, 2, 3, 4, 5, 6]",0,3.5640368461608887,6.461271286010742,1.8129081052541327,0.3253968253968254,0.375,2.088655421252652,24,4
libemg_contraction_intensity,validation,7,50P,F3_Ring,40,"[1, 2, 3, 4, 5, 6]",0,3.7973575592041016,7.104367256164551,1.8708712954243074,0.19722222222222222,0.25,2.0872956679756824,24,4
libemg_contraction_intensity,validation,7,60P,F3_Ring,40,"[1, 2, 3, 4, 5, 6]",0,3.9183857440948486,6.889581203460693,1.7582702809869393,0.32395382395382394,0.375,2.156705101769514,24,4
libemg_contraction_intensity,validation,7,70P,F3_Ring,40,"[1, 2, 3, 4, 5, 6]",0,3.9695472717285156,6.836280822753906,1.722181486858795,0.3444444444444444,0.375,1.7715939732349077,24,4
libemg_contraction_intensity,validation,7,80P,F3_Ring,40,"[1, 2, 3, 4, 5, 6]",0,4.0854692459106445,6.76231050491333,1.6552102335653491,0.21097883597883596,0.20833333333333334,2.0541765365541074,24,4
libemg_contraction_intensity,validation,7,MVC,F3_Ring,40,"[1, 2, 3, 4, 5, 6]",0,6.094745635986328,6.28376579284668,1.0310136251857966,0.33968253968253964,0.4166666666666667,2.64155899782974,12,2
libemg_contraction_intensity,validation,7,Light,F3_Ring,40,"[1, 2, 3, 4, 5, 6]",0,5.651133060455322,5.60591983795166,0.9919992641972548,0.15,0.125,5.639270076124849,24,4
libemg_contraction_intensity,validation,7,Medium,F3_Ring,40,"[1, 2, 3, 4, 5, 6]",0,3.851039171218872,5.666163921356201,1.4713337541606206,0.21097883597883596,0.2916666666666667,2.9562338417206817,24,4
libemg_contraction_intensity,validation,7,Hard,F3_Ring,40,"[1, 2, 3, 4, 5, 6]",0,3.7548956871032715,5.801862716674805,1.5451461771488408,0.38425925925925924,0.375,2.3539316627442806,24,4
libemg_contraction_intensity,validation,8,ALL,F3_Ring,40,"[1, 2, 3, 4, 5, 6]",0,4.436803340911865,8.082802599126643,1.821762647087095,0.2650673584862633,0.28174603174603174,2.463979514866842,252,42
libemg_contraction_intensity,validation,8,20P,F3_Ring,40,"[1, 2, 3, 4, 5, 6]",0,5.492098808288574,6.5481791496276855,1.1922908487418444,0.18055555555555555,0.20833333333333334,3.91910843646005,24,4
libemg_contraction_intensity,validation,8,30P,F3_Ring,40,"[1, 2, 3, 4, 5, 6]",0,4.273187637329102,7.971941947937012,1.8655726413954548,0.12222222222222223,0.125,2.8461016763993854,24,4
libemg_contraction_intensity,validation,8,40P,F3_Ring,40,"[1, 2, 3, 4, 5, 6]",0,4.240991592407227,7.426018238067627,1.7510098938152925,0.23597883597883595,0.25,2.3139977640429428,24,4
libemg_contraction_intensity,validation,8,50P,F3_Ring,40,"[1, 2, 3, 4, 5, 6]",0,4.079629898071289,7.3006181716918945,1.789529529373345,0.34458874458874456,0.375,2.0017193751930034,24,4
libemg_contraction_intensity,validation,8,60P,F3_Ring,40,"[1, 2, 3, 4, 5, 6]",0,3.8996574878692627,8.249262809753418,2.115381372646961,0.218013468013468,0.25,2.3851289439512517,24,4
libemg_contraction_intensity,validation,8,70P,F3_Ring,40,"[1, 2, 3, 4, 5, 6]",0,3.9508845806121826,7.97520112991333,2.0185862094902625,0.2402116402116402,0.2916666666666667,2.3089272915154093,24,4
libemg_contraction_intensity,validation,8,80P,F3_Ring,40,"[1, 2, 3, 4, 5, 6]",0,4.24436092376709,8.326091766357422,1.9616832582586818,0.2025641025641026,0.2916666666666667,2.0047122020904236,24,4
libemg_contraction_intensity,validation,8,MVC,F3_Ring,40,"[1, 2, 3, 4, 5, 6]",0,5.312872886657715,9.357928276062012,1.7613687501138149,0.16666666666666666,0.25,2.6333042095777586,12,2
libemg_contraction_intensity,validation,8,Light,F3_Ring,40,"[1, 2, 3, 4, 5, 6]",0,4.713335037231445,7.782532215118408,1.6511731403513072,0.3257936507936508,0.3333333333333333,2.5081421200747833,24,4
libemg_contraction_intensity,validation,8,Medium,F3_Ring,40,"[1, 2, 3, 4, 5, 6]",0,3.870908737182617,8.665204048156738,2.2385451676237973,0.3103535353535353,0.3333333333333333,2.2037588174797107,24,4
libemg_contraction_intensity,validation,8,Hard,F3_Ring,40,"[1, 2, 3, 4, 5, 6]",0,4.726902961730957,9.30785083770752,1.9691224704350903,0.29444444444444445,0.375,2.063536174106004,24,4
libemg_contraction_intensity,validation,7,ALL,F4_Spectral,72,"[1, 2, 3, 4, 5, 6]",0,4.22032356262207,7.987889723344282,1.8927197416570036,0.5042511603495817,0.5674603174603174,1.468286521381856,252,42
libemg_contraction_intensity,validation,7,20P,F4_Spectral,72,"[1, 2, 3, 4, 5, 6]",0,4.741988182067871,7.588668346405029,1.6003136353106127,0.29081196581196583,0.4166666666666667,1.8252711034224518,24,4
libemg_contraction_intensity,validation,7,30P,F4_Spectral,72,"[1, 2, 3, 4, 5, 6]",0,3.7771034240722656,7.870072364807129,2.0836263879991104,0.41165501165501167,0.5416666666666666,1.2734834171559657,24,4
libemg_contraction_intensity,validation,7,40P,F4_Spectral,72,"[1, 2, 3, 4, 5, 6]",0,3.6360487937927246,8.654132843017578,2.3800926042448767,0.4101010101010101,0.5416666666666666,1.1557443400681808,24,4
libemg_contraction_intensity,validation,7,50P,F4_Spectral,72,"[1, 2, 3, 4, 5, 6]",0,3.5218939781188965,8.461504936218262,2.402543912039465,0.48148148148148145,0.5833333333333334,1.2294935323877185,24,4
libemg_contraction_intensity,validation,7,60P,F4_Spectral,72,"[1, 2, 3, 4, 5, 6]",0,3.6430366039276123,8.5471830368042,2.346169958148303,0.5619047619047618,0.6666666666666666,1.2085398504895195,24,4
libemg_contraction_intensity,validation,7,70P,F4_Spectral,72,"[1, 2, 3, 4, 5, 6]",0,3.975839138031006,8.683759689331055,2.18413255356533,0.6951566951566951,0.75,1.0260264370331766,24,4
libemg_contraction_intensity,validation,7,80P,F4_Spectral,72,"[1, 2, 3, 4, 5, 6]",0,3.834411144256592,8.356979370117188,2.1794687777331387,0.5703703703703703,0.6666666666666666,1.1217083960333907,24,4
libemg_contraction_intensity,validation,7,MVC,F4_Spectral,72,"[1, 2, 3, 4, 5, 6]",0,6.296797275543213,7.382315635681152,1.1723921404039572,0.47301587301587306,0.5833333333333334,1.5069879974440747,12,2
libemg_contraction_intensity,validation,7,Light,F4_Spectral,72,"[1, 2, 3, 4, 5, 6]",0,5.27614688873291,7.175570011138916,1.360001941251139,0.4444444444444444,0.5,2.54696622309045,24,4
libemg_contraction_intensity,validation,7,Medium,F4_Spectral,72,"[1, 2, 3, 4, 5, 6]",0,3.8482043743133545,7.555145740509033,1.9632911886757025,0.35000000000000003,0.4583333333333333,2.035469398369722,24,4
libemg_contraction_intensity,validation,7,Hard,F4_Spectral,72,"[1, 2, 3, 4, 5, 6]",0,3.872086763381958,7.591454982757568,1.9605591110078804,0.47936507936507927,0.5416666666666666,1.2408117777368748,24,4
libemg_contraction_intensity,validation,8,ALL,F4_Spectral,72,"[1, 2, 3, 4, 5, 6]",0,9.015666961669922,14.00260894948786,1.5531417707491404,0.6447949639371001,0.6626984126984127,1.6896954052621884,252,42
libemg_contraction_intensity,validation,8,20P,F4_Spectral,72,"[1, 2, 3, 4, 5, 6]",0,10.190377235412598,7.830885410308838,0.7684588341851436,0.10833333333333334,0.16666666666666666,3.696300131378359,24,4
libemg_contraction_intensity,validation,8,30P,F4_Spectral,72,"[1, 2, 3, 4, 5, 6]",0,7.883153438568115,9.470870971679688,1.2014063972449867,0.48253968253968244,0.5416666666666666,1.6613753305044237,24,4
libemg_contraction_intensity,validation,8,40P,F4_Spectral,72,"[1, 2, 3, 4, 5, 6]",0,6.996407985687256,9.99785327911377,1.4289980371961946,0.537037037037037,0.5833333333333334,1.65387619542705,24,4
libemg_contraction_intensity,validation,8,50P,F4_Spectral,72,"[1, 2, 3, 4, 5, 6]",0,6.747225284576416,10.514802932739258,1.5583891880147185,0.6444444444444444,0.7083333333333334,1.507965170341538,24,4
libemg_contraction_intensity,validation,8,60P,F4_Spectral,72,"[1, 2, 3, 4, 5, 6]",0,6.7278923988342285,11.020421981811523,1.6380199516207006,0.6888888888888888,0.75,1.2954276567295389,24,4
libemg_contraction_intensity,validation,8,70P,F4_Spectral,72,"[1, 2, 3, 4, 5, 6]",0,7.179921627044678,12.369891166687012,1.7228448733926207,0.7063492063492064,0.75,1.1500030401736312,24,4
libemg_contraction_intensity,validation,8,80P,F4_Spectral,72,"[1, 2, 3, 4, 5, 6]",0,8.013412475585938,14.1021146774292,1.7598139020320525,0.7354497354497355,0.7916666666666666,1.0881507769464758,24,4
libemg_contraction_intensity,validation,8,MVC,F4_Spectral,72,"[1, 2, 3, 4, 5, 6]",0,11.917951583862305,21.028345108032227,1.7644261230536928,0.7063492063492064,0.75,1.3591501502216705,12,2
libemg_contraction_intensity,validation,8,Light,F4_Spectral,72,"[1, 2, 3, 4, 5, 6]",0,8.104391098022461,10.743840217590332,1.3256813605749296,0.6489898989898989,0.6666666666666666,1.4337801224764242,24,4
libemg_contraction_intensity,validation,8,Medium,F4_Spectral,72,"[1, 2, 3, 4, 5, 6]",0,6.963625907897949,11.079814910888672,1.5910985250030658,0.7777777777777777,0.8333333333333334,1.1811523397007317,24,4
libemg_contraction_intensity,validation,8,Hard,F4_Spectral,72,"[1, 2, 3, 4, 5, 6]",0,18.44797134399414,35.86985778808594,1.9443795265634545,0.7575757575757575,0.7916666666666666,2.3941959164639686,24,4
libemg_contraction_intensity,validation,7,ALL,F5_Temporal,57,"[1, 2, 3, 4, 5, 6]",0,4.366611957550049,4.658926877108487,1.0669431866842025,0.313815644116396,0.3492063492063492,2.2270573432170524,252,42
libemg_contraction_intensity,validation,7,20P,F5_Temporal,57,"[1, 2, 3, 4, 5, 6]",0,4.56326961517334,3.940793037414551,0.8635897875121493,0.06944444444444443,0.08333333333333333,3.6975219628538967,24,4
libemg_contraction_intensity,validation,7,30P,F5_Temporal,57,"[1, 2, 3, 4, 5, 6]",0,3.9575741291046143,4.22062873840332,1.0664686498876963,0.19055944055944055,0.25,2.570180099463975,24,4
libemg_contraction_intensity,validation,7,40P,F5_Temporal,57,"[1, 2, 3, 4, 5, 6]",0,3.8791072368621826,4.0676774978637695,1.0486117679616562,0.24766214177978885,0.375,1.722757193180911,24,4
libemg_contraction_intensity,validation,7,50P,F5_Temporal,57,"[1, 2, 3, 4, 5, 6]",0,3.6262996196746826,4.040195465087891,1.1141372442189224,0.3101851851851852,0.375,1.7975731970134692,24,4
libemg_contraction_intensity,validation,7,60P,F5_Temporal,57,"[1, 2, 3, 4, 5, 6]",0,3.747629165649414,4.197821617126465,1.1201272675246206,0.40740740740740744,0.4583333333333333,1.4045431594656084,24,4
libemg_contraction_intensity,validation,7,70P,F5_Temporal,57,"[1, 2, 3, 4, 5, 6]",0,4.102660179138184,4.742611885070801,1.1559845753423938,0.44285714285714284,0.5,1.3099334837399768,24,4
libemg_contraction_intensity,validation,7,80P,F5_Temporal,57,"[1, 2, 3, 4, 5, 6]",0,4.286608695983887,5.069141864776611,1.182552974664476,0.44285714285714284,0.5,1.2749685561804642,24,4
libemg_contraction_intensity,validation,7,MVC,F5_Temporal,57,"[1, 2, 3, 4, 5, 6]",0,6.763876914978027,8.13829231262207,1.2031993507274206,0.4166666666666666,0.5,1.5164774269584982,12,2
libemg_contraction_intensity,validation,7,Light,F5_Temporal,57,"[1, 2, 3, 4, 5, 6]",0,5.018189430236816,4.015141010284424,0.8001174658755222,0.1037037037037037,0.125,4.634090831342832,24,4
libemg_contraction_intensity,validation,7,Medium,F5_Temporal,57,"[1, 2, 3, 4, 5, 6]",0,3.9327945709228516,3.9595556259155273,1.0068045900718674,0.1812865497076023,0.3333333333333333,2.475826282327787,24,4
libemg_contraction_intensity,validation,7,Hard,F5_Temporal,57,"[1, 2, 3, 4, 5, 6]",0,4.154717445373535,4.85633659362793,1.1688728914450708,0.373015873015873,0.4166666666666667,1.7384686247308856,24,4
libemg_contraction_intensity,validation,8,ALL,F5_Temporal,57,"[1, 2, 3, 4, 5, 6]",0,5.9980058670043945,8.083628936247392,1.3477194113099218,0.5654224422869688,0.5595238095238095,1.4740425837300604,252,42
libemg_contraction_intensity,validation,8,20P,F5_Temporal,57,"[1, 2, 3, 4, 5, 6]",0,6.235790729522705,3.9924089908599854,0.6402410157695502,0.1037037037037037,0.08333333333333333,2.96552070424592,24,4
libemg_contraction_intensity,validation,8,30P,F5_Temporal,57,"[1, 2, 3, 4, 5, 6]",0,5.5426435470581055,5.0894389152526855,0.918233126837501,0.37896825396825395,0.4166666666666667,1.5287411184621782,24,4
libemg_contraction_intensity,validation,8,40P,F5_Temporal,57,"[1, 2, 3, 4, 5, 6]",0,5.004887580871582,5.738407611846924,1.146560740677605,0.41111111111111115,0.4583333333333333,1.6030200398674872,24,4
libemg_contraction_intensity,validation,8,50P,F5_Temporal,57,"[1, 2, 3, 4, 5, 6]",0,5.024046897888184,6.592385768890381,1.3121664472380261,0.7583333333333333,0.75,0.7951266704046202,24,4
libemg_contraction_intensity,validation,8,60P,F5_Temporal,57,"[1, 2, 3, 4, 5, 6]",0,5.047704696655273,7.462183952331543,1.4783321134313436,0.7116402116402116,0.75,0.8563453391743847,24,4
libemg_contraction_intensity,validation,8,70P,F5_Temporal,57,"[1, 2, 3, 4, 5, 6]",0,5.719448089599609,9.000349044799805,1.5736394322747513,0.6203703703703703,0.625,1.6223588000432656,24,4
libemg_contraction_intensity,validation,8,80P,F5_Temporal,57,"[1, 2, 3, 4, 5, 6]",0,5.911962032318115,9.957636833190918,1.6843201594645623,0.753968253968254,0.7916666666666666,0.9458708279904098,24,4
libemg_contraction_intensity,validation,8,MVC,F5_Temporal,57,"[1, 2, 3, 4, 5, 6]",0,8.872796058654785,14.403176307678223,1.6232962205264048,0.5952380952380952,0.6666666666666666,1.3243998575484293,12,2
libemg_contraction_intensity,validation,8,Light,F5_Temporal,57,"[1, 2, 3, 4, 5, 6]",0,5.413690567016602,5.499929904937744,1.0159298609242595,0.4888888888888889,0.5,1.284248832786782,24,4
libemg_contraction_intensity,validation,8,Medium,F5_Temporal,57,"[1, 2, 3, 4, 5, 6]",0,5.0411224365234375,7.1805009841918945,1.4243853575199854,0.5727994227994228,0.5833333333333334,0.8569312700244932,24,4
libemg_contraction_intensity,validation,8,Hard,F5_Temporal,57,"[1, 2, 3, 4, 5, 6]",0,8.163966178894043,14.003499984741211,1.7152814793344366,0.5753968253968255,0.5833333333333334,2.3570835973918807,24,4
libemg_contraction_intensity,validation,7,ALL,F9_Quality,53,"[1, 2, 3, 4, 5, 6]",0,3.9519331455230713,4.071706403385509,1.0303075111215105,0.22409236280181855,0.27380952380952384,2.3969900044383134,252,42
libemg_contraction_intensity,validation,7,20P,F9_Quality,53,"[1, 2, 3, 4, 5, 6]",0,4.820247173309326,4.269467830657959,0.8857362863486096,0.018518518518518517,0.041666666666666664,3.8172796885426084,24,4
libemg_contraction_intensity,validation,7,30P,F9_Quality,53,"[1, 2, 3, 4, 5, 6]",0,3.761911392211914,3.19612455368042,0.8496012320258864,0.2725490196078431,0.3333333333333333,2.575331509880149,24,4
libemg_contraction_intensity,validation,7,40P,F9_Quality,53,"[1, 2, 3, 4, 5, 6]",0,3.4206204414367676,3.8443665504455566,1.1238798972733772,0.3117845117845118,0.375,2.0229524143041018,24,4
libemg_contraction_intensity,validation,7,50P,F9_Quality,53,"[1, 2, 3, 4, 5, 6]",0,3.3317902088165283,4.079028606414795,1.2242753446776178,0.2507936507936508,0.2916666666666667,1.7338629635267713,24,4
libemg_contraction_intensity,validation,7,60P,F9_Quality,53,"[1, 2, 3, 4, 5, 6]",0,3.154021739959717,3.768016815185547,1.194670527259652,0.21367521367521367,0.25,1.9756755968932262,24,4
libemg_contraction_intensity,validation,7,70P,F9_Quality,53,"[1, 2, 3, 4, 5, 6]",0,3.4096081256866455,4.288017272949219,1.2576275967080268,0.1895424836601307,0.25,2.241628086545665,24,4
libemg_contraction_intensity,validation,7,80P,F9_Quality,53,"[1, 2, 3, 4, 5, 6]",0,3.6782946586608887,4.485608100891113,1.2194803616962502,0.1812865497076023,0.25,2.0590635296088906,24,4
libemg_contraction_intensity,validation,7,MVC,F9_Quality,53,"[1, 2, 3, 4, 5, 6]",0,5.877569675445557,5.993459701538086,1.0197173376735467,0.13333333333333333,0.25,1.9365193557586682,12,2
libemg_contraction_intensity,validation,7,Light,F9_Quality,53,"[1, 2, 3, 4, 5, 6]",0,4.971592903137207,3.2607107162475586,0.655868406708115,0.09523809523809523,0.125,3.537824086727568,24,4
libemg_contraction_intensity,validation,7,Medium,F9_Quality,53,"[1, 2, 3, 4, 5, 6]",0,3.398534059524536,3.439432382583618,1.0120341071301784,0.3125,0.4166666666666667,2.258339897067035,24,4
libemg_contraction_intensity,validation,7,Hard,F9_Quality,53,"[1, 2, 3, 4, 5, 6]",0,3.6470723152160645,4.1645379066467285,1.1418852017706205,0.32962962962962966,0.4166666666666667,1.9781775956269396,24,4
libemg_contraction_intensity,validation,8,ALL,F9_Quality,53,"[1, 2, 3, 4, 5, 6]",0,8.462752342224121,11.30817105553367,1.3362285221297299,0.5609651630375315,0.5357142857142857,2.084412494344091,252,42
libemg_contraction_intensity,validation,8,20P,F9_Quality,53,"[1, 2, 3, 4, 5, 6]",0,8.780326843261719,4.977953910827637,0.5669440329082022,0.10317460317460318,0.08333333333333333,4.308288503225175,24,4
libemg_contraction_intensity,validation,8,30P,F9_Quality,53,"[1, 2, 3, 4, 5, 6]",0,7.312641143798828,6.325133323669434,0.8649588020528939,0.4761904761904762,0.4583333333333333,2.2304500723775647,24,4
libemg_contraction_intensity,validation,8,40P,F9_Quality,53,"[1, 2, 3, 4, 5, 6]",0,6.52642822265625,6.622284412384033,1.0146873889294534,0.36327561327561325,0.375,1.694935429502345,24,4
libemg_contraction_intensity,validation,8,50P,F9_Quality,53,"[1, 2, 3, 4, 5, 6]",0,6.233890533447266,7.373919486999512,1.1828759981134183,0.5952380952380952,0.5833333333333334,1.2777242463188565,24,4
libemg_contraction_intensity,validation,8,60P,F9_Quality,53,"[1, 2, 3, 4, 5, 6]",0,6.772658348083496,9.296833992004395,1.3727008678206707,0.6617965367965368,0.6666666666666666,1.3739346343639338,24,4
libemg_contraction_intensity,validation,8,70P,F9_Quality,53,"[1, 2, 3, 4, 5, 6]",0,6.609694480895996,9.801619529724121,1.4829156715042513,0.6255411255411255,0.625,1.8085645776918184,24,4
libemg_contraction_intensity,validation,8,80P,F9_Quality,53,"[1, 2, 3, 4, 5, 6]",0,7.983538627624512,12.405108451843262,1.5538358402580932,0.5132275132275133,0.5,2.357965731398913,24,4
libemg_contraction_intensity,validation,8,MVC,F9_Quality,53,"[1, 2, 3, 4, 5, 6]",0,11.748892784118652,19.414228439331055,1.6524304711852196,0.5,0.5,4.183236487313304,12,2
libemg_contraction_intensity,validation,8,Light,F9_Quality,53,"[1, 2, 3, 4, 5, 6]",0,6.876417636871338,5.777527809143066,0.8401944317750502,0.8328523328523327,0.8333333333333334,0.5687215092254267,24,4
libemg_contraction_intensity,validation,8,Medium,F9_Quality,53,"[1, 2, 3, 4, 5, 6]",0,6.166628837585449,8.046063423156738,1.3047750456433675,0.6686868686868688,0.7083333333333334,1.0083733975630558,24,4
libemg_contraction_intensity,validation,8,Hard,F9_Quality,53,"[1, 2, 3, 4, 5, 6]",0,18.079158782958984,34.34920883178711,1.8999340203800812,0.5185185185185185,0.5416666666666666,3.165754845289213,24,4
libemg_contraction_intensity,final,9,ALL,F0,48,"[1, 2, 3, 4, 5, 6]",0,9.107474327087402,11.244070833379572,1.234598136589203,0.6178589787975115,0.6388888888888888,1.5079132193087819,252,42
libemg_contraction_intensity,final,9,20P,F0,48,"[1, 2, 3, 4, 5, 6]",0,10.432103157043457,6.755285263061523,0.6475477821972834,0.791005291005291,0.7916666666666666,0.41757395057774294,24,4
libemg_contraction_intensity,final,9,30P,F0,48,"[1, 2, 3, 4, 5, 6]",0,8.39463996887207,8.3855619430542,0.9989185925839077,0.8414502164502164,0.8333333333333334,0.8871614213315864,24,4
libemg_contraction_intensity,final,9,40P,F0,48,"[1, 2, 3, 4, 5, 6]",0,7.269359588623047,10.10481071472168,1.3900551474159109,0.5989417989417989,0.6666666666666666,0.9646234014990974,24,4
libemg_contraction_intensity,final,9,50P,F0,48,"[1, 2, 3, 4, 5, 6]",0,6.903578758239746,11.595322608947754,1.6796103897475247,0.6307359307359308,0.6666666666666666,1.4618749381460194,24,4
libemg_contraction_intensity,final,9,60P,F0,48,"[1, 2, 3, 4, 5, 6]",0,7.196476936340332,11.842348098754883,1.6455757731661107,0.49437229437229435,0.5416666666666666,2.0572744155818747,24,4
libemg_contraction_intensity,final,9,70P,F0,48,"[1, 2, 3, 4, 5, 6]",0,7.968208312988281,13.110326766967773,1.6453293201977714,0.48730158730158735,0.5416666666666666,2.43203871596638,24,4
libemg_contraction_intensity,final,9,80P,F0,48,"[1, 2, 3, 4, 5, 6]",0,9.826173782348633,15.155714988708496,1.5423821442868648,0.46010101010101007,0.5,2.541491720795383,24,4
libemg_contraction_intensity,final,9,MVC,F0,48,"[1, 2, 3, 4, 5, 6]",0,13.561467170715332,15.156076431274414,1.1175838307444144,0.3194444444444444,0.4166666666666667,2.9904096743048902,12,2
libemg_contraction_intensity,final,9,Light,F0,48,"[1, 2, 3, 4, 5, 6]",0,12.309505462646484,6.3191328048706055,0.5133539136884778,0.6333333333333333,0.5833333333333334,1.4658067053004808,24,4
libemg_contraction_intensity,final,9,Medium,F0,48,"[1, 2, 3, 4, 5, 6]",0,7.877228736877441,10.82278823852539,1.3739334732938306,0.736111111111111,0.7916666666666666,0.431547068330212,24,4
libemg_contraction_intensity,final,9,Hard,F0,48,"[1, 2, 3, 4, 5, 6]",0,8.443475723266602,14.437411308288574,1.7098895977558466,0.537037037037037,0.5833333333333334,1.6784916280609874,24,4
libemg_contraction_intensity,final,10,ALL,F0,48,"[1, 2, 3, 4, 5, 6]",0,6.951360702514648,7.14766263961792,1.0282393541928325,0.2784826715059273,0.3531746031746032,3.300989621411891,252,42
libemg_contraction_intensity,final,10,20P,F0,48,"[1, 2, 3, 4, 5, 6]",0,7.827002048492432,2.003312349319458,0.25594887249067777,0.03333333333333333,0.041666666666666664,2.870890667839562,24,4
libemg_contraction_intensity,final,10,30P,F0,48,"[1, 2, 3, 4, 5, 6]",0,6.679739475250244,3.979572057723999,0.5957675553679187,0.27960927960927956,0.3333333333333333,2.285413149722863,24,4
libemg_contraction_intensity,final,10,40P,F0,48,"[1, 2, 3, 4, 5, 6]",0,5.474312782287598,5.859267234802246,1.0703201420373996,0.2974941724941725,0.375,2.82664823813138,24,4
libemg_contraction_intensity,final,10,50P,F0,48,"[1, 2, 3, 4, 5, 6]",0,5.310795783996582,7.187495231628418,1.3533744327265789,0.29563492063492064,0.375,3.191869223873064,24,4
libemg_contraction_intensity,final,10,60P,F0,48,"[1, 2, 3, 4, 5, 6]",0,5.805563926696777,8.815646171569824,1.5184823184668403,0.35000000000000003,0.5,3.1369785728245163,24,4
libemg_contraction_intensity,final,10,70P,F0,48,"[1, 2, 3, 4, 5, 6]",0,6.742495059967041,9.662273406982422,1.4330412289373409,0.3123931623931624,0.375,3.547612137279067,24,4
libemg_contraction_intensity,final,10,80P,F0,48,"[1, 2, 3, 4, 5, 6]",0,8.466301918029785,10.857653617858887,1.2824552824661555,0.35000000000000003,0.4166666666666667,3.6154290463015712,24,4
libemg_contraction_intensity,final,10,MVC,F0,48,"[1, 2, 3, 4, 5, 6]",0,11.516858100891113,13.732452392578125,1.1923783615425758,0.19047619047619047,0.3333333333333333,3.977966878775385,12,2
libemg_contraction_intensity,final,10,Light,F0,48,"[1, 2, 3, 4, 5, 6]",0,7.271605491638184,3.020155906677246,0.4153355005450546,0.2333333333333333,0.2916666666666667,3.1883650636120024,24,4
libemg_contraction_intensity,final,10,Medium,F0,48,"[1, 2, 3, 4, 5, 6]",0,5.821307182312012,5.9700775146484375,1.02555617279327,0.2884615384615385,0.4166666666666667,3.7054903284109115,24,4
libemg_contraction_intensity,final,10,Hard,F0,48,"[1, 2, 3, 4, 5, 6]",0,5.548990726470947,7.536383152008057,1.358153855965306,0.27936507936507937,0.4166666666666667,4.302711157442224,24,4
libemg_contraction_intensity,final,9,ALL,F1_X1H,8,"[1, 2, 3, 4, 5, 6]",0,1.6919993162155151,3.6769625707106157,2.173146605471178,0.543679544851105,0.5476190476190477,1.7203622687589442,252,42
libemg_contraction_intensity,final,9,20P,F1_X1H,8,"[1, 2, 3, 4, 5, 6]",0,2.2003142833709717,4.380686283111572,1.9909366202909375,0.5317460317460317,0.5416666666666666,1.7407462097188633,24,4
libemg_contraction_intensity,final,9,30P,F1_X1H,8,"[1, 2, 3, 4, 5, 6]",0,1.599607229232788,3.6893210411071777,2.306391827602598,0.4973544973544974,0.5,1.916645563947159,24,4
libemg_contraction_intensity,final,9,40P,F1_X1H,8,"[1, 2, 3, 4, 5, 6]",0,1.4506268501281738,3.462344169616699,2.386791730121427,0.42777777777777776,0.4583333333333333,1.9615360000637396,24,4
libemg_contraction_intensity,final,9,50P,F1_X1H,8,"[1, 2, 3, 4, 5, 6]",0,1.4161509275436401,3.7054519653320312,2.6165657155608417,0.42063492063492064,0.4583333333333333,1.9812566956581275,24,4
libemg_contraction_intensity,final,9,60P,F1_X1H,8,"[1, 2, 3, 4, 5, 6]",0,1.397413969039917,3.254239082336426,2.328758087583274,0.4152625152625152,0.4166666666666667,2.2248951422267464,24,4
libemg_contraction_intensity,final,9,70P,F1_X1H,8,"[1, 2, 3, 4, 5, 6]",0,1.3451489210128784,3.431986093521118,2.551380029121045,0.46535131535131535,0.5,1.9941845741597108,24,4
libemg_contraction_intensity,final,9,80P,F1_X1H,8,"[1, 2, 3, 4, 5, 6]",0,1.4546775817871094,3.768221855163574,2.590417218278138,0.4812091503267974,0.5416666666666666,1.4770298199679364,24,4
libemg_contraction_intensity,final,9,MVC,F1_X1H,8,"[1, 2, 3, 4, 5, 6]",0,2.056265354156494,3.356015205383301,1.6320924721297807,0.6555555555555556,0.6666666666666666,1.499329043058176,12,2
libemg_contraction_intensity,final,9,Light,F1_X1H,8,"[1, 2, 3, 4, 5, 6]",0,2.5109078884124756,3.7327425479888916,1.4866107056600397,0.6468253968253969,0.5833333333333334,1.7105106261882073,24,4
libemg_contraction_intensity,final,9,Medium,F1_X1H,8,"[1, 2, 3, 4, 5, 6]",0,1.6831598281860352,3.905235767364502,2.3201811864421757,0.662878787878788,0.7083333333333334,1.0037346685586246,24,4
libemg_contraction_intensity,final,9,Hard,F1_X1H,8,"[1, 2, 3, 4, 5, 6]",0,1.4977184534072876,3.7603442668914795,2.510715053343757,0.6792836792836793,0.7083333333333334,1.303599999950711,24,4
libemg_contraction_intensity,final,10,ALL,F1_X1H,8,"[1, 2, 3, 4, 5, 6]",0,1.6441787481307983,2.621985522183505,1.5947083156286173,0.22695662429504693,0.25396825396825395,2.450155352346751,252,42
libemg_contraction_intensity,final,10,20P,F1_X1H,8,"[1, 2, 3, 4, 5, 6]",0,1.725165605545044,1.7684857845306396,1.02511073646718,0.16917989417989418,0.16666666666666666,2.1215895960828224,24,4
libemg_contraction_intensity,final,10,30P,F1_X1H,8,"[1, 2, 3, 4, 5, 6]",0,1.5233694314956665,2.260044813156128,1.483582882970695,0.1619981325863679,0.20833333333333334,1.9484696592874367,24,4
libemg_contraction_intensity,final,10,40P,F1_X1H,8,"[1, 2, 3, 4, 5, 6]",0,1.3422367572784424,2.2779812812805176,1.6971531056336904,0.22698412698412698,0.25,2.067578791740273,24,4
libemg_contraction_intensity,final,10,50P,F1_X1H,8,"[1, 2, 3, 4, 5, 6]",0,1.4068024158477783,2.6350443363189697,1.8730735080119345,0.2253968253968254,0.2916666666666667,1.937268573885292,24,4
libemg_contraction_intensity,final,10,60P,F1_X1H,8,"[1, 2, 3, 4, 5, 6]",0,1.3846722841262817,2.894152879714966,2.090135631863349,0.1858974358974359,0.25,2.1774544004111953,24,4
libemg_contraction_intensity,final,10,70P,F1_X1H,8,"[1, 2, 3, 4, 5, 6]",0,1.4198647737503052,2.9386112689971924,2.0696416469495476,0.17845117845117844,0.20833333333333334,2.243029072058096,24,4
libemg_contraction_intensity,final,10,80P,F1_X1H,8,"[1, 2, 3, 4, 5, 6]",0,1.8362541198730469,3.2719902992248535,1.7818831629213068,0.21666666666666667,0.20833333333333334,2.346992583887337,24,4
libemg_contraction_intensity,final,10,MVC,F1_X1H,8,"[1, 2, 3, 4, 5, 6]",0,1.855224370956421,3.68550705909729,1.9865559748973385,0.21666666666666667,0.25,2.7125236883750063,12,2
libemg_contraction_intensity,final,10,Light,F1_X1H,8,"[1, 2, 3, 4, 5, 6]",0,2.089690685272217,1.9188733100891113,0.9182571006901534,0.2508417508417508,0.3333333333333333,3.2382249213753607,24,4
libemg_contraction_intensity,final,10,Medium,F1_X1H,8,"[1, 2, 3, 4, 5, 6]",0,1.9752418994903564,2.304511070251465,1.1666981500996891,0.1365079365079365,0.20833333333333334,3.5044074127754805,24,4
libemg_contraction_intensity,final,10,Hard,F1_X1H,8,"[1, 2, 3, 4, 5, 6]",0,1.5274436473846436,2.886638641357422,1.8898495182529758,0.31565656565656564,0.4166666666666667,2.7853543439500896,24,4
libemg_contraction_intensity,final,9,ALL,F2b_CSP,14,"[1, 2, 3, 4, 5, 6]",0,2.1063480377197266,5.317969083786011,2.524734273871768,0.6177277311511237,0.6587301587301587,1.331134569491121,252,42
libemg_contraction_intensity,final,9,20P,F2b_CSP,14,"[1, 2, 3, 4, 5, 6]",0,2.628532886505127,6.076974391937256,2.3119263308080393,0.762962962962963,0.8333333333333334,0.8294630730118441,24,4
libemg_contraction_intensity,final,9,30P,F2b_CSP,14,"[1, 2, 3, 4, 5, 6]",0,1.953782081604004,5.586054801940918,2.8590981841071055,0.6706349206349206,0.7083333333333334,1.319754573188968,24,4
libemg_contraction_intensity,final,9,40P,F2b_CSP,14,"[1, 2, 3, 4, 5, 6]",0,1.8533769845962524,5.4604034423828125,2.9461914588724167,0.525132275132275,0.5416666666666666,1.7605140952830656,24,4
libemg_contraction_intensity,final,9,50P,F2b_CSP,14,"[1, 2, 3, 4, 5, 6]",0,1.7308664321899414,5.525914192199707,3.1925711245603776,0.5174603174603175,0.5416666666666666,1.663116952865451,24,4
libemg_contraction_intensity,final,9,60P,F2b_CSP,14,"[1, 2, 3, 4, 5, 6]",0,1.7426862716674805,4.922402858734131,2.8246064357537484,0.4785714285714285,0.5,1.8081562830899731,24,4
libemg_contraction_intensity,final,9,70P,F2b_CSP,14,"[1, 2, 3, 4, 5, 6]",0,1.6937021017074585,4.874714374542236,2.878141539377034,0.5761904761904761,0.625,1.60845089792073,24,4
libemg_contraction_intensity,final,9,80P,F2b_CSP,14,"[1, 2, 3, 4, 5, 6]",0,1.7379878759384155,5.764669895172119,3.316864274284903,0.611111111111111,0.625,1.1953954048562558,24,4
libemg_contraction_intensity,final,9,MVC,F2b_CSP,14,"[1, 2, 3, 4, 5, 6]",0,2.8258845806121826,3.833982229232788,1.356737021533464,0.5555555555555555,0.6666666666666666,1.1946582106663637,12,2
libemg_contraction_intensity,final,9,Light,F2b_CSP,14,"[1, 2, 3, 4, 5, 6]",0,2.744382619857788,5.860601425170898,2.135489921321919,0.6831168831168831,0.75,1.1412296071303454,24,4
libemg_contraction_intensity,final,9,Medium,F2b_CSP,14,"[1, 2, 3, 4, 5, 6]",0,2.1923677921295166,5.981827735900879,2.728478203840831,0.727032227032227,0.7916666666666666,0.9739735681355833,24,4
libemg_contraction_intensity,final,9,Hard,F2b_CSP,14,"[1, 2, 3, 4, 5, 6]",0,2.066258668899536,4.610114574432373,2.2311410684435504,0.5555555555555555,0.6666666666666666,1.079529418841372,24,4
libemg_contraction_intensity,final,10,ALL,F2b_CSP,14,"[1, 2, 3, 4, 5, 6]",0,2.029414176940918,3.339364376935092,1.6454819399183502,0.20697216214939082,0.25793650793650796,2.7218721190129784,252,42
libemg_contraction_intensity,final,10,20P,F2b_CSP,14,"[1, 2, 3, 4, 5, 6]",0,2.4324512481689453,2.3506460189819336,0.9663692214406235,0.1429193899782135,0.16666666666666666,2.5724983933232086,24,4
libemg_contraction_intensity,final,10,30P,F2b_CSP,14,"[1, 2, 3, 4, 5, 6]",0,2.005920886993408,3.1730268001556396,1.5818304802406116,0.23040935672514617,0.25,2.416955774552219,24,4
libemg_contraction_intensity,final,10,40P,F2b_CSP,14,"[1, 2, 3, 4, 5, 6]",0,1.683153748512268,3.242048978805542,1.9261751824386553,0.22905982905982905,0.2916666666666667,2.652127895933081,24,4
libemg_contraction_intensity,final,10,50P,F2b_CSP,14,"[1, 2, 3, 4, 5, 6]",0,1.86724054813385,3.4048941135406494,1.8234898105448738,0.13646723646723646,0.16666666666666666,2.4029370627810542,24,4
libemg_contraction_intensity,final,10,60P,F2b_CSP,14,"[1, 2, 3, 4, 5, 6]",0,1.67597234249115,3.6548526287078857,2.1807356457071796,0.16890756302521007,0.25,2.5416381332987337,24,4
libemg_contraction_intensity,final,10,70P,F2b_CSP,14,"[1, 2, 3, 4, 5, 6]",0,1.6734765768051147,3.695408821105957,2.2082226139909005,0.22425722425722427,0.3333333333333333,2.3839009106665414,24,4
libemg_contraction_intensity,final,10,80P,F2b_CSP,14,"[1, 2, 3, 4, 5, 6]",0,1.9090696573257446,3.9478495121002197,2.0679441929969364,0.06666666666666667,0.16666666666666666,2.635466702624806,24,4
libemg_contraction_intensity,final,10,MVC,F2b_CSP,14,"[1, 2, 3, 4, 5, 6]",0,2.2193968296051025,4.361848831176758,1.965330747884473,0.1851851851851852,0.3333333333333333,3.067557153982389,12,2
libemg_contraction_intensity,final,10,Light,F2b_CSP,14,"[1, 2, 3, 4, 5, 6]",0,2.619286060333252,2.170135736465454,0.8285218515256387,0.14652014652014653,0.16666666666666666,3.468507928029679,24,4
libemg_contraction_intensity,final,10,Medium,F2b_CSP,14,"[1, 2, 3, 4, 5, 6]",0,2.4102730751037598,3.122358798980713,1.2954377788569682,0.24074074074074073,0.3333333333333333,3.1803217165634323,24,4
libemg_contraction_intensity,final,10,Hard,F2b_CSP,14,"[1, 2, 3, 4, 5, 6]",0,1.8273143768310547,3.609937906265259,1.9755428796702688,0.29343434343434344,0.4166666666666667,2.791524154872324,24,4
libemg_contraction_intensity,final,9,ALL,F3_Ring,40,"[1, 2, 3, 4, 5, 6]",0,4.947597980499268,5.660753466866233,1.1441417611259892,0.2656173485404772,0.28174603174603174,2.6202165734740577,252,42
libemg_contraction_intensity,final,9,20P,F3_Ring,40,"[1, 2, 3, 4, 5, 6]",0,5.979555606842041,7.423804759979248,1.2415311852540492,0.19206349206349205,0.16666666666666666,2.4834190007004953,24,4
libemg_contraction_intensity,final,9,30P,F3_Ring,40,"[1, 2, 3, 4, 5, 6]",0,4.5487895011901855,4.769288539886475,1.0484742234244404,0.4169312169312169,0.4583333333333333,1.8500010816869363,24,4
libemg_contraction_intensity,final,9,40P,F3_Ring,40,"[1, 2, 3, 4, 5, 6]",0,4.188144207000732,4.931885719299316,1.177582593965513,0.3126984126984127,0.3333333333333333,2.303894605666753,24,4
libemg_contraction_intensity,final,9,50P,F3_Ring,40,"[1, 2, 3, 4, 5, 6]",0,4.473494529724121,4.831388473510742,1.080003214779988,0.24170274170274167,0.25,2.5730515220568626,24,4
libemg_contraction_intensity,final,9,60P,F3_Ring,40,"[1, 2, 3, 4, 5, 6]",0,4.576848030090332,5.351693153381348,1.1692966683796127,0.19528619528619529,0.25,2.8022557010279634,24,4
libemg_contraction_intensity,final,9,70P,F3_Ring,40,"[1, 2, 3, 4, 5, 6]",0,4.4945902824401855,4.9856085777282715,1.109246508429369,0.1037037037037037,0.125,3.3137071756918606,24,4
libemg_contraction_intensity,final,9,80P,F3_Ring,40,"[1, 2, 3, 4, 5, 6]",0,4.509045600891113,5.940169334411621,1.3173895010300936,0.27368927368927365,0.2916666666666667,2.319275514525229,24,4
libemg_contraction_intensity,final,9,MVC,F3_Ring,40,"[1, 2, 3, 4, 5, 6]",0,5.509260177612305,5.532846450805664,1.004281205158685,0.21428571428571427,0.25,3.68421525198142,12,2
libemg_contraction_intensity,final,9,Light,F3_Ring,40,"[1, 2, 3, 4, 5, 6]",0,6.623769283294678,6.248785495758057,0.9433881568645999,0.32738095238095233,0.375,2.6577218216333423,24,4
libemg_contraction_intensity,final,9,Medium,F3_Ring,40,"[1, 2, 3, 4, 5, 6]",0,4.714903831481934,6.925974369049072,1.4689534752875937,0.3161375661375661,0.375,2.0883454192385535,24,4
libemg_contraction_intensity,final,9,Hard,F3_Ring,40,"[1, 2, 3, 4, 5, 6]",0,4.805176734924316,5.32684326171875,1.1085634421918498,0.18625541125541126,0.20833333333333334,3.278494553258899,24,4
libemg_contraction_intensity,final,10,ALL,F3_Ring,40,"[1, 2, 3, 4, 5, 6]",0,4.733768463134766,5.60477217760953,1.1839979545133001,0.18012081465995325,0.1746031746031746,3.3951102494908048,252,42
libemg_contraction_intensity,final,10,20P,F3_Ring,40,"[1, 2, 3, 4, 5, 6]",0,5.631375312805176,4.12642765045166,0.7327566395717414,0.10317460317460318,0.125,3.677255857746822,24,4
libemg_contraction_intensity,final,10,30P,F3_Ring,40,"[1, 2, 3, 4, 5, 6]",0,4.620556354522705,5.095957279205322,1.1028882429075872,0.17500000000000002,0.16666666666666666,3.485366077366642,24,4
libemg_contraction_intensity,final,10,40P,F3_Ring,40,"[1, 2, 3, 4, 5, 6]",0,4.338218688964844,5.7857184410095215,1.3336622368976756,0.12037037037037036,0.16666666666666666,2.8606891712356064,24,4
libemg_contraction_intensity,final,10,50P,F3_Ring,40,"[1, 2, 3, 4, 5, 6]",0,4.717247009277344,6.513986110687256,1.3808872203932085,0.14989177489177488,0.16666666666666666,3.121705225365888,24,4
libemg_contraction_intensity,final,10,60P,F3_Ring,40,"[1, 2, 3, 4, 5, 6]",0,4.171141147613525,6.037356853485107,1.4474113053677353,0.1722222222222222,0.16666666666666666,3.303299790805593,24,4
libemg_contraction_intensity,final,10,70P,F3_Ring,40,"[1, 2, 3, 4, 5, 6]",0,4.313182830810547,5.590824604034424,1.2962178565600375,0.23164983164983166,0.2916666666666667,2.9977516728719595,24,4
libemg_contraction_intensity,final,10,80P,F3_Ring,40,"[1, 2, 3, 4, 5, 6]",0,4.495224475860596,5.928584098815918,1.3188627465704088,0.20370370370370372,0.25,3.562137832948556,24,4
libemg_contraction_intensity,final,10,MVC,F3_Ring,40,"[1, 2, 3, 4, 5, 6]",0,5.302013874053955,5.867608070373535,1.1066753519783712,0.19444444444444442,0.25,4.19333789680627,12,2
libemg_contraction_intensity,final,10,Light,F3_Ring,40,"[1, 2, 3, 4, 5, 6]",0,5.493556976318359,4.914641380310059,0.8946191695847784,0.18888888888888888,0.16666666666666666,3.868818455929297,24,4
libemg_contraction_intensity,final,10,Medium,F3_Ring,40,"[1, 2, 3, 4, 5, 6]",0,4.678223609924316,5.823463439941406,1.2448022850945206,0.09722222222222221,0.08333333333333333,3.537018814094054,24,4
libemg_contraction_intensity,final,10,Hard,F3_Ring,40,"[1, 2, 3, 4, 5, 6]",0,4.3107194900512695,5.967926025390625,1.3844385001217516,0.14444444444444446,0.125,3.1379457728858946,24,4
libemg_contraction_intensity,final,9,ALL,F4_Spectral,72,"[1, 2, 3, 4, 5, 6]",0,7.552189350128174,10.804834452542392,1.4306890295614672,0.5769484057678748,0.5833333333333334,1.7577959459808594,252,42
libemg_contraction_intensity,final,9,20P,F4_Spectral,72,"[1, 2, 3, 4, 5, 6]",0,8.175363540649414,9.664997100830078,1.1822100696385807,0.77989417989418,0.7916666666666666,0.503362986362792,24,4
libemg_contraction_intensity,final,9,30P,F4_Spectral,72,"[1, 2, 3, 4, 5, 6]",0,6.7906622886657715,8.041614532470703,1.1842165300687184,0.7911856661856662,0.7916666666666666,1.3184671574868585,24,4
libemg_contraction_intensity,final,9,40P,F4_Spectral,72,"[1, 2, 3, 4, 5, 6]",0,6.008930206298828,8.439953804016113,1.4045684529716322,0.6804232804232804,0.7083333333333334,1.2314715566214618,24,4
libemg_contraction_intensity,final,9,50P,F4_Spectral,72,"[1, 2, 3, 4, 5, 6]",0,5.825829982757568,9.470000267028809,1.6255195044987865,0.4155982905982906,0.5,1.6431853464324166,24,4
libemg_contraction_intensity,final,9,60P,F4_Spectral,72,"[1, 2, 3, 4, 5, 6]",0,5.943072319030762,9.829911231994629,1.6540117138322759,0.27301587301587305,0.3333333333333333,2.4652345267659985,24,4
libemg_contraction_intensity,final,9,70P,F4_Spectral,72,"[1, 2, 3, 4, 5, 6]",0,6.414841651916504,11.607651710510254,1.809499336099963,0.22474747474747472,0.3333333333333333,3.2258846365992686,24,4
libemg_contraction_intensity,final,9,80P,F4_Spectral,72,"[1, 2, 3, 4, 5, 6]",0,7.963045597076416,13.761757850646973,1.7282028192236771,0.21832358674463936,0.3333333333333333,3.3446243904200874,24,4
libemg_contraction_intensity,final,9,MVC,F4_Spectral,72,"[1, 2, 3, 4, 5, 6]",0,12.75131893157959,16.48985481262207,1.2931881714333409,0.3111111111111111,0.4166666666666667,3.9660591043700553,12,2
libemg_contraction_intensity,final,9,Light,F4_Spectral,72,"[1, 2, 3, 4, 5, 6]",0,9.60075569152832,9.544154167175293,0.9941044719529336,0.8412698412698411,0.8333333333333334,0.4185689732478703,24,4
libemg_contraction_intensity,final,9,Medium,F4_Spectral,72,"[1, 2, 3, 4, 5, 6]",0,6.7489142417907715,9.256032943725586,1.3714847473202476,0.8767195767195767,0.875,0.3492535311060205,24,4
libemg_contraction_intensity,final,9,Hard,F4_Spectral,72,"[1, 2, 3, 4, 5, 6]",0,6.851354122161865,12.7472505569458,1.8605446937163277,0.35555555555555557,0.4166666666666667,1.9737747755712227,24,4
libemg_contraction_intensity,final,10,ALL,F4_Spectral,72,"[1, 2, 3, 4, 5, 6]",0,7.202330589294434,8.251337094740434,1.1456482026652153,0.19029973649538867,0.28174603174603174,4.163196370011372,252,42
libemg_contraction_intensity,final,10,20P,F4_Spectral,72,"[1, 2, 3, 4, 5, 6]",0,7.5705742835998535,6.091959476470947,0.8046892148707264,0.07692307692307693,0.125,4.7273174700604415,24,4
libemg_contraction_intensity,final,10,30P,F4_Spectral,72,"[1, 2, 3, 4, 5, 6]",0,6.716037750244141,7.185481548309326,1.0698989218667108,0.13333333333333333,0.20833333333333334,4.589706997208097,24,4
libemg_contraction_intensity,final,10,40P,F4_Spectral,72,"[1, 2, 3, 4, 5, 6]",0,5.8397216796875,7.4842119216918945,1.28160421541943,0.1895424836601307,0.2916666666666667,4.377616612629531,24,4
libemg_contraction_intensity,final,10,50P,F4_Spectral,72,"[1, 2, 3, 4, 5, 6]",0,5.824648857116699,7.852692127227783,1.34818292393684,0.2563492063492063,0.375,3.843627412354453,24,4
libemg_contraction_intensity,final,10,60P,F4_Spectral,72,"[1, 2, 3, 4, 5, 6]",0,5.997289657592773,8.696320533752441,1.4500417738865754,0.2112794612794613,0.3333333333333333,3.645116351815888,24,4
libemg_contraction_intensity,final,10,70P,F4_Spectral,72,"[1, 2, 3, 4, 5, 6]",0,6.614126682281494,9.212727546691895,1.3928864669666023,0.21666666666666665,0.3333333333333333,3.495647053010815,24,4
libemg_contraction_intensity,final,10,80P,F4_Spectral,72,"[1, 2, 3, 4, 5, 6]",0,8.144990921020508,10.545424461364746,1.2947128564649169,0.19145299145299144,0.3333333333333333,3.021355053839596,24,4
libemg_contraction_intensity,final,10,MVC,F4_Spectral,72,"[1, 2, 3, 4, 5, 6]",0,11.736326217651367,13.579903602600098,1.1570830045657978,0.24523809523809526,0.3333333333333333,3.3847956650764,12,2
libemg_contraction_intensity,final,10,Light,F4_Spectral,72,"[1, 2, 3, 4, 5, 6]",0,8.116052627563477,5.205937385559082,0.6414371153551545,0.06349206349206349,0.16666666666666666,5.3844627341567275,24,4
libemg_contraction_intensity,final,10,Medium,F4_Spectral,72,"[1, 2, 3, 4, 5, 6]",0,6.632590293884277,6.75699520111084,1.0187566096520988,0.18591617933723195,0.2916666666666667,4.737393742077919,24,4
libemg_contraction_intensity,final,10,Hard,F4_Spectral,72,"[1, 2, 3, 4, 5, 6]",0,6.033284664154053,8.153054237365723,1.3513458573686834,0.2157407407407407,0.3333333333333333,4.198920625427744,24,4
libemg_contraction_intensity,final,9,ALL,F5_Temporal,57,"[1, 2, 3, 4, 5, 6]",0,8.459904670715332,9.342278523878617,1.104300685101957,0.4862133160986601,0.5119047619047619,3.0644402716097106,252,42
libemg_contraction_intensity,final,9,20P,F5_Temporal,57,"[1, 2, 3, 4, 5, 6]",0,8.769450187683105,7.175548076629639,0.8182437807362241,0.5886243386243386,0.5833333333333334,1.2107870716781823,24,4
libemg_contraction_intensity,final,9,30P,F5_Temporal,57,"[1, 2, 3, 4, 5, 6]",0,7.7839035987854,7.203462600708008,0.9254306029354593,0.5810004810004811,0.625,2.0304310954194364,24,4
libemg_contraction_intensity,final,9,40P,F5_Temporal,57,"[1, 2, 3, 4, 5, 6]",0,7.00447940826416,7.634298801422119,1.0899166599456174,0.4514670514670514,0.5,2.3836825052832795,24,4
libemg_contraction_intensity,final,9,50P,F5_Temporal,57,"[1, 2, 3, 4, 5, 6]",0,7.13198709487915,8.806329727172852,1.2347652358165961,0.4120879120879121,0.4583333333333333,2.930367884536414,24,4
libemg_contraction_intensity,final,9,60P,F5_Temporal,57,"[1, 2, 3, 4, 5, 6]",0,7.445237636566162,9.372069358825684,1.2588005670457445,0.17857142857142858,0.25,5.299632304020466,24,4
libemg_contraction_intensity,final,9,70P,F5_Temporal,57,"[1, 2, 3, 4, 5, 6]",0,7.8951616287231445,10.317599296569824,1.3068255954258112,0.3868353868353868,0.4583333333333333,5.3533059977906206,24,4
libemg_contraction_intensity,final,9,80P,F5_Temporal,57,"[1, 2, 3, 4, 5, 6]",0,8.937074661254883,11.682202339172363,1.307161770695257,0.3686609686609687,0.4583333333333333,5.282386381072874,24,4
libemg_contraction_intensity,final,9,MVC,F5_Temporal,57,"[1, 2, 3, 4, 5, 6]",0,12.818756103515625,15.072347640991211,1.175804229299592,0.484126984126984,0.5833333333333334,4.018470480972025,12,2
libemg_contraction_intensity,final,9,Light,F5_Temporal,57,"[1, 2, 3, 4, 5, 6]",0,9.767366409301758,6.006652355194092,0.6149715392485203,0.5331168831168831,0.5416666666666666,1.4241438715156223,24,4
libemg_contraction_intensity,final,9,Medium,F5_Temporal,57,"[1, 2, 3, 4, 5, 6]",0,7.2967119216918945,7.804385185241699,1.0695756210319363,0.6444444444444445,0.7083333333333334,0.9865244400604745,24,4
libemg_contraction_intensity,final,9,Hard,F5_Temporal,57,"[1, 2, 3, 4, 5, 6]",0,8.20882797241211,11.690168380737305,1.4240971329747354,0.4259259259259259,0.5,3.2661260600385815,24,4
libemg_contraction_intensity,final,10,ALL,F5_Temporal,57,"[1, 2, 3, 4, 5, 6]",0,7.221347332000732,7.353338891809637,1.0182779685893473,0.16869893415161807,0.24603174603174602,5.606536783854809,252,42
libemg_contraction_intensity,final,10,20P,F5_Temporal,57,"[1, 2, 3, 4, 5, 6]",0,7.562623023986816,4.753908634185791,0.6286057918059222,0.08814102564102565,0.16666666666666666,4.990803507257122,24,4
libemg_contraction_intensity,final,10,30P,F5_Temporal,57,"[1, 2, 3, 4, 5, 6]",0,6.867973327636719,5.503814220428467,0.8013738489928296,0.19629629629629627,0.25,5.413174205509319,24,4
libemg_contraction_intensity,final,10,40P,F5_Temporal,57,"[1, 2, 3, 4, 5, 6]",0,6.067671775817871,6.172239303588867,1.0172335504511,0.1724941724941725,0.25,4.904268514972395,24,4
libemg_contraction_intensity,final,10,50P,F5_Temporal,57,"[1, 2, 3, 4, 5, 6]",0,6.484376430511475,7.490235328674316,1.1551203741526137,0.13333333333333333,0.16666666666666666,4.905659219043421,24,4
libemg_contraction_intensity,final,10,60P,F5_Temporal,57,"[1, 2, 3, 4, 5, 6]",0,6.371741771697998,7.91369104385376,1.241998079533071,0.14444444444444446,0.20833333333333334,5.5718953398559234,24,4
libemg_contraction_intensity,final,10,70P,F5_Temporal,57,"[1, 2, 3, 4, 5, 6]",0,6.796167850494385,7.955575942993164,1.170597330420169,0.2686868686868687,0.3333333333333333,5.523321526078704,24,4
libemg_contraction_intensity,final,10,80P,F5_Temporal,57,"[1, 2, 3, 4, 5, 6]",0,7.7940778732299805,9.041501998901367,1.1600476856716895,0.19264069264069264,0.2916666666666667,5.253395648294094,24,4
libemg_contraction_intensity,final,10,MVC,F5_Temporal,57,"[1, 2, 3, 4, 5, 6]",0,12.09896469116211,14.16761302947998,1.1709773018605345,0.17777777777777778,0.25,9.318850672611616,12,2
libemg_contraction_intensity,final,10,Light,F5_Temporal,57,"[1, 2, 3, 4, 5, 6]",0,7.085945129394531,4.481088161468506,0.6323910331758609,0.13392857142857142,0.25,6.234634258192273,24,4
libemg_contraction_intensity,final,10,Medium,F5_Temporal,57,"[1, 2, 3, 4, 5, 6]",0,6.2650885581970215,6.5542168617248535,1.0461491167662638,0.12605042016806722,0.25,6.115276257130638,24,4
libemg_contraction_intensity,final,10,Hard,F5_Temporal,57,"[1, 2, 3, 4, 5, 6]",0,6.040191650390625,6.852843284606934,1.134540703530541,0.16176470588235295,0.2916666666666667,5.296782417835789,24,4
libemg_contraction_intensity,final,9,ALL,F9_Quality,53,"[1, 2, 3, 4, 5, 6]",0,8.368461608886719,9.340719179673629,1.1161811592279784,0.463941302644232,0.46825396825396826,2.9604216277819657,252,42
libemg_contraction_intensity,final,9,20P,F9_Quality,53,"[1, 2, 3, 4, 5, 6]",0,8.7438325881958,5.2712273597717285,0.6028509016546835,0.6888888888888888,0.75,0.8438602444716808,24,4
libemg_contraction_intensity,final,9,30P,F9_Quality,53,"[1, 2, 3, 4, 5, 6]",0,7.492917537689209,5.625621318817139,0.7507918364836272,0.5968253968253968,0.625,1.509918393424205,24,4
libemg_contraction_intensity,final,9,40P,F9_Quality,53,"[1, 2, 3, 4, 5, 6]",0,6.63806676864624,6.798402786254883,1.0241540230151867,0.3194444444444444,0.375,1.97603625495461,24,4
libemg_contraction_intensity,final,9,50P,F9_Quality,53,"[1, 2, 3, 4, 5, 6]",0,6.447157382965088,8.381726264953613,1.300065403548253,0.5158730158730158,0.5416666666666666,3.008949852106929,24,4
libemg_contraction_intensity,final,9,60P,F9_Quality,53,"[1, 2, 3, 4, 5, 6]",0,6.888009548187256,9.366532325744629,1.359831495598561,0.21367521367521367,0.2916666666666667,4.321435226097885,24,4
libemg_contraction_intensity,final,9,70P,F9_Quality,53,"[1, 2, 3, 4, 5, 6]",0,7.4568376541137695,11.497284889221191,1.5418446025473296,0.19444444444444442,0.2916666666666667,5.133039656819576,24,4
libemg_contraction_intensity,final,9,80P,F9_Quality,53,"[1, 2, 3, 4, 5, 6]",0,9.214698791503906,14.050447463989258,1.5247864072118675,0.25071225071225073,0.3333333333333333,5.7975532025636225,24,4
libemg_contraction_intensity,final,9,MVC,F9_Quality,53,"[1, 2, 3, 4, 5, 6]",0,14.13970947265625,16.979248046875,1.2008201497767577,0.25396825396825395,0.3333333333333333,7.32806144020052,12,2
libemg_contraction_intensity,final,9,Light,F9_Quality,53,"[1, 2, 3, 4, 5, 6]",0,10.139263153076172,4.648937702178955,0.45850843714640677,0.45150590150590153,0.4583333333333333,0.9120602576853706,24,4
libemg_contraction_intensity,final,9,Medium,F9_Quality,53,"[1, 2, 3, 4, 5, 6]",0,7.182758331298828,7.4076738357543945,1.0313132495871908,0.5952861952861953,0.6666666666666666,0.8384310697888275,24,4
libemg_contraction_intensity,final,9,Hard,F9_Quality,53,"[1, 2, 3, 4, 5, 6]",0,7.7098188400268555,12.720808982849121,1.64994914233806,0.35555555555555557,0.4166666666666667,3.0791122136976745,24,4
libemg_contraction_intensity,final,10,ALL,F9_Quality,53,"[1, 2, 3, 4, 5, 6]",0,7.178874969482422,6.267297766425393,0.8730194902377505,0.22180600527672845,0.2896825396825397,3.1636598170466335,252,42
libemg_contraction_intensity,final,10,20P,F9_Quality,53,"[1, 2, 3, 4, 5, 6]",0,7.314955234527588,2.686167001724243,0.3672157813090156,0.11616161616161617,0.16666666666666666,2.825244583811708,24,4
libemg_contraction_intensity,final,10,30P,F9_Quality,53,"[1, 2, 3, 4, 5, 6]",0,9.289280891418457,10.174365997314453,1.0952802607792944,0.2814814814814815,0.3333333333333333,2.5375418531642495,24,4
libemg_contraction_intensity,final,10,40P,F9_Quality,53,"[1, 2, 3, 4, 5, 6]",0,5.621623992919922,4.058697700500488,0.7219795748595,0.271969696969697,0.3333333333333333,2.4370395253977795,24,4
libemg_contraction_intensity,final,10,50P,F9_Quality,53,"[1, 2, 3, 4, 5, 6]",0,5.396096229553223,4.756584644317627,0.8814862526318042,0.28795518207282916,0.3333333333333333,2.746943845705578,24,4
libemg_contraction_intensity,final,10,60P,F9_Quality,53,"[1, 2, 3, 4, 5, 6]",0,5.652296543121338,5.8195271492004395,1.029586311457713,0.21766381766381768,0.3333333333333333,3.10066652481497,24,4
libemg_contraction_intensity,final,10,70P,F9_Quality,53,"[1, 2, 3, 4, 5, 6]",0,6.921536922454834,7.833407402038574,1.1317439305296888,0.12222222222222223,0.25,4.534602967394876,24,4
libemg_contraction_intensity,final,10,80P,F9_Quality,53,"[1, 2, 3, 4, 5, 6]",0,7.738180637359619,8.029829978942871,1.0376896527940187,0.09581646423751687,0.20833333333333334,3.9368259781368664,24,4
libemg_contraction_intensity,final,10,MVC,F9_Quality,53,"[1, 2, 3, 4, 5, 6]",0,12.821698188781738,12.400312423706055,0.9671349489772668,0.12222222222222223,0.25,5.113252517188589,12,2
libemg_contraction_intensity,final,10,Light,F9_Quality,53,"[1, 2, 3, 4, 5, 6]",0,6.948111534118652,3.4312186241149902,0.4938347070591242,0.3096153846153846,0.375,2.3659764674980495,24,4
libemg_contraction_intensity,final,10,Medium,F9_Quality,53,"[1, 2, 3, 4, 5, 6]",0,5.741538047790527,4.633481979370117,0.8070105850944389,0.21097883597883596,0.2916666666666667,3.0370471236745327,24,4
libemg_contraction_intensity,final,10,Hard,F9_Quality,53,"[1, 2, 3, 4, 5, 6]",0,5.522305965423584,5.116682529449463,0.926548177770939,0.21461988304093568,0.2916666666666667,3.139912950796742,24,4
