run_id,dataset,phase,family,shots_per_class,view,D_cross_user,D_gesture,J,comparison
feature_bank_epn_calibration_diagnostics_validation_20260915_v2,epn612,validation,F0,1,raw_source_standardized,2.9817757606506348,3.5271410942077637,1.1828995126839938,"same evaluation trials; compare dimensionless J, not raw distances across coordinate systems"
feature_bank_epn_calibration_diagnostics_validation_20260915_v2,epn612,validation,F0,1,personal_anchor_distances,60257812480.0,15258478592.0,0.2532199222642607,"same evaluation trials; compare dimensionless J, not raw distances across coordinate systems"
feature_bank_epn_calibration_diagnostics_validation_20260915_v2,epn612,validation,F0,2,raw_source_standardized,3.004499673843384,3.551795482635498,1.1821587179907482,"same evaluation trials; compare dimensionless J, not raw distances across coordinate systems"
feature_bank_epn_calibration_diagnostics_validation_20260915_v2,epn612,validation,F0,2,personal_anchor_distances,32089595904.0,20334825472.0,0.6336890477784185,"same evaluation trials; compare dimensionless J, not raw distances across coordinate systems"
feature_bank_epn_calibration_diagnostics_validation_20260915_v2,epn612,validation,F0,5,raw_source_standardized,3.1190836429595947,3.7945356369018555,1.2165546266980292,"same evaluation trials; compare dimensionless J, not raw distances across coordinate systems"
feature_bank_epn_calibration_diagnostics_validation_20260915_v2,epn612,validation,F0,5,personal_anchor_distances,20921147392.0,21840490496.0,1.043943244926975,"same evaluation trials; compare dimensionless J, not raw distances across coordinate systems"
feature_bank_epn_calibration_diagnostics_validation_20260915_v2,epn612,validation,F1_X1H,1,raw_source_standardized,2.8198585510253906,1.9233417510986328,0.682070294057325,"same evaluation trials; compare dimensionless J, not raw distances across coordinate systems"
feature_bank_epn_calibration_diagnostics_validation_20260915_v2,epn612,validation,F1_X1H,1,personal_anchor_distances,5.456029415130615,4.121308326721191,0.7553676883213383,"same evaluation trials; compare dimensionless J, not raw distances across coordinate systems"
feature_bank_epn_calibration_diagnostics_validation_20260915_v2,epn612,validation,F1_X1H,2,raw_source_standardized,2.830702781677246,1.927878975868225,0.6810601905457692,"same evaluation trials; compare dimensionless J, not raw distances across coordinate systems"
feature_bank_epn_calibration_diagnostics_validation_20260915_v2,epn612,validation,F1_X1H,2,personal_anchor_distances,2.8927862644195557,3.088831901550293,1.0677705226760008,"same evaluation trials; compare dimensionless J, not raw distances across coordinate systems"
feature_bank_epn_calibration_diagnostics_validation_20260915_v2,epn612,validation,F1_X1H,5,raw_source_standardized,2.8759946823120117,1.9533437490463257,0.6791889293325652,"same evaluation trials; compare dimensionless J, not raw distances across coordinate systems"
feature_bank_epn_calibration_diagnostics_validation_20260915_v2,epn612,validation,F1_X1H,5,personal_anchor_distances,2.3393852710723877,2.713667392730713,1.159991655194782,"same evaluation trials; compare dimensionless J, not raw distances across coordinate systems"
feature_bank_epn_calibration_diagnostics_validation_20260915_v2,epn612,validation,F2b_CSP,1,raw_source_standardized,2.6210968494415283,2.0918102264404297,0.798066743274034,"same evaluation trials; compare dimensionless J, not raw distances across coordinate systems"
feature_bank_epn_calibration_diagnostics_validation_20260915_v2,epn612,validation,F2b_CSP,1,personal_anchor_distances,8.614770889282227,6.256110191345215,0.7262073793660392,"same evaluation trials; compare dimensionless J, not raw distances across coordinate systems"
feature_bank_epn_calibration_diagnostics_validation_20260915_v2,epn612,validation,F2b_CSP,2,raw_source_standardized,2.629812240600586,2.098017454147339,0.7977822225313713,"same evaluation trials; compare dimensionless J, not raw distances across coordinate systems"
feature_bank_epn_calibration_diagnostics_validation_20260915_v2,epn612,validation,F2b_CSP,2,personal_anchor_distances,4.329288959503174,4.129850387573242,0.9539327187913618,"same evaluation trials; compare dimensionless J, not raw distances across coordinate systems"
feature_bank_epn_calibration_diagnostics_validation_20260915_v2,epn612,validation,F2b_CSP,5,raw_source_standardized,2.653642416000366,2.113520383834839,0.7964601300802205,"same evaluation trials; compare dimensionless J, not raw distances across coordinate systems"
feature_bank_epn_calibration_diagnostics_validation_20260915_v2,epn612,validation,F2b_CSP,5,personal_anchor_distances,5.042102336883545,4.218734264373779,0.8367014357309703,"same evaluation trials; compare dimensionless J, not raw distances across coordinate systems"
feature_bank_epn_calibration_diagnostics_validation_20260915_v2,epn612,validation,F3_Ring,1,raw_source_standardized,2.7511088848114014,3.043830633163452,1.106401367814641,"same evaluation trials; compare dimensionless J, not raw distances across coordinate systems"
feature_bank_epn_calibration_diagnostics_validation_20260915_v2,epn612,validation,F3_Ring,1,personal_anchor_distances,10.452150344848633,4.651777267456055,0.44505456905795937,"same evaluation trials; compare dimensionless J, not raw distances across coordinate systems"
feature_bank_epn_calibration_diagnostics_validation_20260915_v2,epn612,validation,F3_Ring,2,raw_source_standardized,2.7725627422332764,3.0742249488830566,1.1088026619032199,"same evaluation trials; compare dimensionless J, not raw distances across coordinate systems"
feature_bank_epn_calibration_diagnostics_validation_20260915_v2,epn612,validation,F3_Ring,2,personal_anchor_distances,5.755219459533691,3.37105131149292,0.585738100031631,"same evaluation trials; compare dimensionless J, not raw distances across coordinate systems"
feature_bank_epn_calibration_diagnostics_validation_20260915_v2,epn612,validation,F3_Ring,5,raw_source_standardized,2.957702875137329,3.251969337463379,1.0994915563691594,"same evaluation trials; compare dimensionless J, not raw distances across coordinate systems"
feature_bank_epn_calibration_diagnostics_validation_20260915_v2,epn612,validation,F3_Ring,5,personal_anchor_distances,3.7316157817840576,3.6084845066070557,0.9670032279906638,"same evaluation trials; compare dimensionless J, not raw distances across coordinate systems"
feature_bank_epn_calibration_diagnostics_validation_20260915_v2,epn612,validation,F4_Spectral,1,raw_source_standardized,7.924432754516602,6.188047409057617,0.7808820644644758,"same evaluation trials; compare dimensionless J, not raw distances across coordinate systems"
feature_bank_epn_calibration_diagnostics_validation_20260915_v2,epn612,validation,F4_Spectral,1,personal_anchor_distances,1785.5242919921875,1079.3189697265625,0.6044829379063326,"same evaluation trials; compare dimensionless J, not raw distances across coordinate systems"
feature_bank_epn_calibration_diagnostics_validation_20260915_v2,epn612,validation,F4_Spectral,2,raw_source_standardized,7.949483871459961,6.224583148956299,0.7830172687440576,"same evaluation trials; compare dimensionless J, not raw distances across coordinate systems"
feature_bank_epn_calibration_diagnostics_validation_20260915_v2,epn612,validation,F4_Spectral,2,personal_anchor_distances,1264.529296875,1228.7801513671875,0.9717292864655969,"same evaluation trials; compare dimensionless J, not raw distances across coordinate systems"
feature_bank_epn_calibration_diagnostics_validation_20260915_v2,epn612,validation,F4_Spectral,5,raw_source_standardized,8.008594512939453,6.321027755737305,0.7892805342465095,"same evaluation trials; compare dimensionless J, not raw distances across coordinate systems"
feature_bank_epn_calibration_diagnostics_validation_20260915_v2,epn612,validation,F4_Spectral,5,personal_anchor_distances,1167.67138671875,1188.9649658203125,1.0182359346505854,"same evaluation trials; compare dimensionless J, not raw distances across coordinate systems"
feature_bank_epn_calibration_diagnostics_validation_20260915_v2,epn612,validation,F5_Temporal,1,raw_source_standardized,3.292917251586914,3.2235515117645264,0.9789348670119365,"same evaluation trials; compare dimensionless J, not raw distances across coordinate systems"
feature_bank_epn_calibration_diagnostics_validation_20260915_v2,epn612,validation,F5_Temporal,1,personal_anchor_distances,230.132080078125,88.62863159179688,0.3851207165976553,"same evaluation trials; compare dimensionless J, not raw distances across coordinate systems"
feature_bank_epn_calibration_diagnostics_validation_20260915_v2,epn612,validation,F5_Temporal,2,raw_source_standardized,3.3343818187713623,3.305751323699951,0.9914135523078901,"same evaluation trials; compare dimensionless J, not raw distances across coordinate systems"
feature_bank_epn_calibration_diagnostics_validation_20260915_v2,epn612,validation,F5_Temporal,2,personal_anchor_distances,99.30330657958984,69.15519714355469,0.6964037706853933,"same evaluation trials; compare dimensionless J, not raw distances across coordinate systems"
feature_bank_epn_calibration_diagnostics_validation_20260915_v2,epn612,validation,F5_Temporal,5,raw_source_standardized,3.5423128604888916,3.5680880546569824,1.0072763742735942,"same evaluation trials; compare dimensionless J, not raw distances across coordinate systems"
feature_bank_epn_calibration_diagnostics_validation_20260915_v2,epn612,validation,F5_Temporal,5,personal_anchor_distances,46.59210205078125,70.63602447509766,1.5160514629305446,"same evaluation trials; compare dimensionless J, not raw distances across coordinate systems"
feature_bank_epn_calibration_diagnostics_validation_20260915_v2,epn612,validation,F6_IMU,1,raw_source_standardized,5.382534503936768,2.499912977218628,0.4644490389034637,"same evaluation trials; compare dimensionless J, not raw distances across coordinate systems"
feature_bank_epn_calibration_diagnostics_validation_20260915_v2,epn612,validation,F6_IMU,1,personal_anchor_distances,198.03610229492188,37.53230285644531,0.1895225285768894,"same evaluation trials; compare dimensionless J, not raw distances across coordinate systems"
feature_bank_epn_calibration_diagnostics_validation_20260915_v2,epn612,validation,F6_IMU,2,raw_source_standardized,5.421370029449463,2.548438310623169,0.470072748544982,"same evaluation trials; compare dimensionless J, not raw distances across coordinate systems"
feature_bank_epn_calibration_diagnostics_validation_20260915_v2,epn612,validation,F6_IMU,2,personal_anchor_distances,46.00052261352539,17.246055603027344,0.3749099928259546,"same evaluation trials; compare dimensionless J, not raw distances across coordinate systems"
feature_bank_epn_calibration_diagnostics_validation_20260915_v2,epn612,validation,F6_IMU,5,raw_source_standardized,5.613179683685303,2.6785547733306885,0.47719027793024804,"same evaluation trials; compare dimensionless J, not raw distances across coordinate systems"
feature_bank_epn_calibration_diagnostics_validation_20260915_v2,epn612,validation,F6_IMU,5,personal_anchor_distances,130.30943298339844,42.69025802612305,0.3276068128664293,"same evaluation trials; compare dimensionless J, not raw distances across coordinate systems"
feature_bank_epn_calibration_diagnostics_validation_20260915_v2,epn612,validation,F9_Quality,1,raw_source_standardized,3.9872207641601562,3.8469088077545166,0.964809584242783,"same evaluation trials; compare dimensionless J, not raw distances across coordinate systems"
feature_bank_epn_calibration_diagnostics_validation_20260915_v2,epn612,validation,F9_Quality,1,personal_anchor_distances,1808.675048828125,935.1021118164062,0.5170094608328214,"same evaluation trials; compare dimensionless J, not raw distances across coordinate systems"
feature_bank_epn_calibration_diagnostics_validation_20260915_v2,epn612,validation,F9_Quality,2,raw_source_standardized,4.006707668304443,3.879751682281494,0.9683141380569841,"same evaluation trials; compare dimensionless J, not raw distances across coordinate systems"
feature_bank_epn_calibration_diagnostics_validation_20260915_v2,epn612,validation,F9_Quality,2,personal_anchor_distances,17220286464.0,2133943936.0,0.12392035059702013,"same evaluation trials; compare dimensionless J, not raw distances across coordinate systems"
feature_bank_epn_calibration_diagnostics_validation_20260915_v2,epn612,validation,F9_Quality,5,raw_source_standardized,4.108491897583008,4.070035934448242,0.9906398834184437,"same evaluation trials; compare dimensionless J, not raw distances across coordinate systems"
feature_bank_epn_calibration_diagnostics_validation_20260915_v2,epn612,validation,F9_Quality,5,personal_anchor_distances,13697484800.0,2302967040.0,0.16813065125649929,"same evaluation trials; compare dimensionless J, not raw distances across coordinate systems"
feature_bank_epn_calibration_diagnostics_final_20260915_v2,epn612,final,F0,1,raw_source_standardized,3.576626777648926,4.14478063583374,1.1588518717508256,"same evaluation trials; compare dimensionless J, not raw distances across coordinate systems"
feature_bank_epn_calibration_diagnostics_final_20260915_v2,epn612,final,F0,1,personal_anchor_distances,48271831040.0,19121391616.0,0.39611904508356516,"same evaluation trials; compare dimensionless J, not raw distances across coordinate systems"
feature_bank_epn_calibration_diagnostics_final_20260915_v2,epn612,final,F0,2,raw_source_standardized,3.552669048309326,4.102044582366943,1.1546374082657387,"same evaluation trials; compare dimensionless J, not raw distances across coordinate systems"
feature_bank_epn_calibration_diagnostics_final_20260915_v2,epn612,final,F0,2,personal_anchor_distances,56824496128.0,18320363520.0,0.32240256875718654,"same evaluation trials; compare dimensionless J, not raw distances across coordinate systems"
feature_bank_epn_calibration_diagnostics_final_20260915_v2,epn612,final,F0,5,raw_source_standardized,3.550837516784668,3.9944684505462646,1.1249369850530884,"same evaluation trials; compare dimensionless J, not raw distances across coordinate systems"
feature_bank_epn_calibration_diagnostics_final_20260915_v2,epn612,final,F0,5,personal_anchor_distances,52235386880.0,7430166528.0,0.14224392642231734,"same evaluation trials; compare dimensionless J, not raw distances across coordinate systems"
feature_bank_epn_calibration_diagnostics_final_20260915_v2,epn612,final,F1_X1H,1,raw_source_standardized,2.4318408966064453,1.3971790075302124,0.5745355337511412,"same evaluation trials; compare dimensionless J, not raw distances across coordinate systems"
feature_bank_epn_calibration_diagnostics_final_20260915_v2,epn612,final,F1_X1H,1,personal_anchor_distances,6.183023452758789,3.661484718322754,0.5921835403500616,"same evaluation trials; compare dimensionless J, not raw distances across coordinate systems"
feature_bank_epn_calibration_diagnostics_final_20260915_v2,epn612,final,F1_X1H,2,raw_source_standardized,2.4420676231384277,1.3873261213302612,0.5680948832804099,"same evaluation trials; compare dimensionless J, not raw distances across coordinate systems"
feature_bank_epn_calibration_diagnostics_final_20260915_v2,epn612,final,F1_X1H,2,personal_anchor_distances,6.950627326965332,3.3052783012390137,0.47553668838142615,"same evaluation trials; compare dimensionless J, not raw distances across coordinate systems"
feature_bank_epn_calibration_diagnostics_final_20260915_v2,epn612,final,F1_X1H,5,raw_source_standardized,2.4578118324279785,1.4064103364944458,0.5722205084774673,"same evaluation trials; compare dimensionless J, not raw distances across coordinate systems"
feature_bank_epn_calibration_diagnostics_final_20260915_v2,epn612,final,F1_X1H,5,personal_anchor_distances,4.033851146697998,3.0230729579925537,0.7494260070717806,"same evaluation trials; compare dimensionless J, not raw distances across coordinate systems"
feature_bank_epn_calibration_diagnostics_final_20260915_v2,epn612,final,F2b_CSP,1,raw_source_standardized,2.548820734024048,1.5491548776626587,0.6077927949119684,"same evaluation trials; compare dimensionless J, not raw distances across coordinate systems"
feature_bank_epn_calibration_diagnostics_final_20260915_v2,epn612,final,F2b_CSP,1,personal_anchor_distances,15.117928504943848,6.317686080932617,0.41789363396355506,"same evaluation trials; compare dimensionless J, not raw distances across coordinate systems"
feature_bank_epn_calibration_diagnostics_final_20260915_v2,epn612,final,F2b_CSP,2,raw_source_standardized,2.5525691509246826,1.547312617301941,0.606178530654424,"same evaluation trials; compare dimensionless J, not raw distances across coordinate systems"
feature_bank_epn_calibration_diagnostics_final_20260915_v2,epn612,final,F2b_CSP,2,personal_anchor_distances,8.453341484069824,4.93608283996582,0.583920908585936,"same evaluation trials; compare dimensionless J, not raw distances across coordinate systems"
feature_bank_epn_calibration_diagnostics_final_20260915_v2,epn612,final,F2b_CSP,5,raw_source_standardized,2.593146324157715,1.5436896085739136,0.5952959901230129,"same evaluation trials; compare dimensionless J, not raw distances across coordinate systems"
feature_bank_epn_calibration_diagnostics_final_20260915_v2,epn612,final,F2b_CSP,5,personal_anchor_distances,4.16322660446167,3.3752946853637695,0.8107400836038337,"same evaluation trials; compare dimensionless J, not raw distances across coordinate systems"
feature_bank_epn_calibration_diagnostics_final_20260915_v2,epn612,final,F3_Ring,1,raw_source_standardized,3.161207437515259,2.938096761703491,0.9294223235195017,"same evaluation trials; compare dimensionless J, not raw distances across coordinate systems"
feature_bank_epn_calibration_diagnostics_final_20260915_v2,epn612,final,F3_Ring,1,personal_anchor_distances,12.04012680053711,6.502121925354004,0.5400376618179308,"same evaluation trials; compare dimensionless J, not raw distances across coordinate systems"
feature_bank_epn_calibration_diagnostics_final_20260915_v2,epn612,final,F3_Ring,2,raw_source_standardized,3.1412978172302246,2.9300687313079834,0.9327573830266686,"same evaluation trials; compare dimensionless J, not raw distances across coordinate systems"
feature_bank_epn_calibration_diagnostics_final_20260915_v2,epn612,final,F3_Ring,2,personal_anchor_distances,4.6994709968566895,2.9878365993499756,0.6357814744144178,"same evaluation trials; compare dimensionless J, not raw distances across coordinate systems"
feature_bank_epn_calibration_diagnostics_final_20260915_v2,epn612,final,F3_Ring,5,raw_source_standardized,3.068873405456543,3.0410993099212646,0.9909497421800175,"same evaluation trials; compare dimensionless J, not raw distances across coordinate systems"
feature_bank_epn_calibration_diagnostics_final_20260915_v2,epn612,final,F3_Ring,5,personal_anchor_distances,4.03993034362793,2.5859644412994385,0.6401012446607077,"same evaluation trials; compare dimensionless J, not raw distances across coordinate systems"
feature_bank_epn_calibration_diagnostics_final_20260915_v2,epn612,final,F4_Spectral,1,raw_source_standardized,6.312190055847168,4.176784992218018,0.6617013992391241,"same evaluation trials; compare dimensionless J, not raw distances across coordinate systems"
feature_bank_epn_calibration_diagnostics_final_20260915_v2,epn612,final,F4_Spectral,1,personal_anchor_distances,2231.140380859375,1281.857666015625,0.5745302613015715,"same evaluation trials; compare dimensionless J, not raw distances across coordinate systems"
feature_bank_epn_calibration_diagnostics_final_20260915_v2,epn612,final,F4_Spectral,2,raw_source_standardized,6.2899298667907715,4.121798515319824,0.6553011881867262,"same evaluation trials; compare dimensionless J, not raw distances across coordinate systems"
feature_bank_epn_calibration_diagnostics_final_20260915_v2,epn612,final,F4_Spectral,2,personal_anchor_distances,2532.692138671875,866.70068359375,0.3422053041346909,"same evaluation trials; compare dimensionless J, not raw distances across coordinate systems"
feature_bank_epn_calibration_diagnostics_final_20260915_v2,epn612,final,F4_Spectral,5,raw_source_standardized,6.239315986633301,4.136157035827637,0.6629183462879591,"same evaluation trials; compare dimensionless J, not raw distances across coordinate systems"
feature_bank_epn_calibration_diagnostics_final_20260915_v2,epn612,final,F4_Spectral,5,personal_anchor_distances,1065.40625,217.710693359375,0.20434523765875676,"same evaluation trials; compare dimensionless J, not raw distances across coordinate systems"
feature_bank_epn_calibration_diagnostics_final_20260915_v2,epn612,final,F5_Temporal,1,raw_source_standardized,2.961353302001953,3.3525733947753906,1.1321085506777695,"same evaluation trials; compare dimensionless J, not raw distances across coordinate systems"
feature_bank_epn_calibration_diagnostics_final_20260915_v2,epn612,final,F5_Temporal,1,personal_anchor_distances,218.95089721679688,115.78961944580078,0.5288382962466227,"same evaluation trials; compare dimensionless J, not raw distances across coordinate systems"
feature_bank_epn_calibration_diagnostics_final_20260915_v2,epn612,final,F5_Temporal,2,raw_source_standardized,2.990797758102417,3.338508129119873,1.1162600747825064,"same evaluation trials; compare dimensionless J, not raw distances across coordinate systems"
feature_bank_epn_calibration_diagnostics_final_20260915_v2,epn612,final,F5_Temporal,2,personal_anchor_distances,224.6852569580078,85.7574462890625,0.3816781192060573,"same evaluation trials; compare dimensionless J, not raw distances across coordinate systems"
feature_bank_epn_calibration_diagnostics_final_20260915_v2,epn612,final,F5_Temporal,5,raw_source_standardized,2.9616756439208984,3.287475347518921,1.1100051939400066,"same evaluation trials; compare dimensionless J, not raw distances across coordinate systems"
feature_bank_epn_calibration_diagnostics_final_20260915_v2,epn612,final,F5_Temporal,5,personal_anchor_distances,90.21719360351562,31.05054473876953,0.3441754669872506,"same evaluation trials; compare dimensionless J, not raw distances across coordinate systems"
feature_bank_epn_calibration_diagnostics_final_20260915_v2,epn612,final,F6_IMU,1,raw_source_standardized,2.7905778884887695,1.8156509399414062,0.6506361809252408,"same evaluation trials; compare dimensionless J, not raw distances across coordinate systems"
feature_bank_epn_calibration_diagnostics_final_20260915_v2,epn612,final,F6_IMU,1,personal_anchor_distances,13.259220123291016,12.005826950073242,0.9054700682571081,"same evaluation trials; compare dimensionless J, not raw distances across coordinate systems"
feature_bank_epn_calibration_diagnostics_final_20260915_v2,epn612,final,F6_IMU,2,raw_source_standardized,2.8096249103546143,1.844786524772644,0.6565953049366826,"same evaluation trials; compare dimensionless J, not raw distances across coordinate systems"
feature_bank_epn_calibration_diagnostics_final_20260915_v2,epn612,final,F6_IMU,2,personal_anchor_distances,11.352460861206055,10.064566612243652,0.8865537380213028,"same evaluation trials; compare dimensionless J, not raw distances across coordinate systems"
feature_bank_epn_calibration_diagnostics_final_20260915_v2,epn612,final,F6_IMU,5,raw_source_standardized,2.800055742263794,1.897911548614502,0.6778120592268628,"same evaluation trials; compare dimensionless J, not raw distances across coordinate systems"
feature_bank_epn_calibration_diagnostics_final_20260915_v2,epn612,final,F6_IMU,5,personal_anchor_distances,11.070821762084961,8.650327682495117,0.7813627450962796,"same evaluation trials; compare dimensionless J, not raw distances across coordinate systems"
feature_bank_epn_calibration_diagnostics_final_20260915_v2,epn612,final,F9_Quality,1,raw_source_standardized,4.070291996002197,3.7537600994110107,0.9222336144672167,"same evaluation trials; compare dimensionless J, not raw distances across coordinate systems"
feature_bank_epn_calibration_diagnostics_final_20260915_v2,epn612,final,F9_Quality,1,personal_anchor_distances,20890320896.0,7828797952.0,0.37475718975188305,"same evaluation trials; compare dimensionless J, not raw distances across coordinate systems"
feature_bank_epn_calibration_diagnostics_final_20260915_v2,epn612,final,F9_Quality,2,raw_source_standardized,4.05959939956665,3.72826886177063,0.9183834400428014,"same evaluation trials; compare dimensionless J, not raw distances across coordinate systems"
feature_bank_epn_calibration_diagnostics_final_20260915_v2,epn612,final,F9_Quality,2,personal_anchor_distances,12549750784.0,3252225024.0,0.25914658226889614,"same evaluation trials; compare dimensionless J, not raw distances across coordinate systems"
feature_bank_epn_calibration_diagnostics_final_20260915_v2,epn612,final,F9_Quality,5,raw_source_standardized,4.106196880340576,3.759626626968384,0.915598237621679,"same evaluation trials; compare dimensionless J, not raw distances across coordinate systems"
feature_bank_epn_calibration_diagnostics_final_20260915_v2,epn612,final,F9_Quality,5,personal_anchor_distances,13365335040.0,2038128512.0,0.15249363415883363,"same evaluation trials; compare dimensionless J, not raw distances across coordinate systems"
