run_id,dataset,phase,subject,family,factor,D_nuisance,D_gesture,J,feature_dimension,definition
feature_bank_unibo_audited_validation_20260915,unibo_inail,validation,u01,F0,day,1.5857853889465332,5.08846378326416,3.2087972425078983,24,source-standardized window-pooled class/posture centroids; day matched by posture and class
feature_bank_unibo_audited_validation_20260915,unibo_inail,validation,u01,F0,posture,1.2554908990859985,5.08846378326416,4.052967478270472,24,source-standardized window-pooled class/posture centroids; day matched by posture and class
feature_bank_unibo_audited_validation_20260915,unibo_inail,validation,u02,F0,day,1.535530686378479,3.833486795425415,2.496522426695442,24,source-standardized window-pooled class/posture centroids; day matched by posture and class
feature_bank_unibo_audited_validation_20260915,unibo_inail,validation,u02,F0,posture,1.3309873342514038,3.833486795425415,2.8801827761784287,24,source-standardized window-pooled class/posture centroids; day matched by posture and class
feature_bank_unibo_audited_validation_20260915,unibo_inail,validation,u03,F0,day,1.274444818496704,2.915144681930542,2.2873839962462004,24,source-standardized window-pooled class/posture centroids; day matched by posture and class
feature_bank_unibo_audited_validation_20260915,unibo_inail,validation,u03,F0,posture,1.0059870481491089,2.915144681930542,2.897795441095537,24,source-standardized window-pooled class/posture centroids; day matched by posture and class
feature_bank_unibo_audited_validation_20260915,unibo_inail,validation,u04,F0,day,1.8370463848114014,5.308168411254883,2.8895124560488172,24,source-standardized window-pooled class/posture centroids; day matched by posture and class
feature_bank_unibo_audited_validation_20260915,unibo_inail,validation,u04,F0,posture,1.5446535348892212,5.308168411254883,3.436478337281075,24,source-standardized window-pooled class/posture centroids; day matched by posture and class
feature_bank_unibo_audited_validation_20260915,unibo_inail,validation,u05,F0,day,2.061506748199463,4.340156555175781,2.105332208572397,24,source-standardized window-pooled class/posture centroids; day matched by posture and class
feature_bank_unibo_audited_validation_20260915,unibo_inail,validation,u05,F0,posture,1.240395188331604,4.340156555175781,3.499011118392049,24,source-standardized window-pooled class/posture centroids; day matched by posture and class
feature_bank_unibo_audited_validation_20260915,unibo_inail,validation,u06,F0,day,2.810812473297119,5.974451541900635,2.1255247721632604,24,source-standardized window-pooled class/posture centroids; day matched by posture and class
feature_bank_unibo_audited_validation_20260915,unibo_inail,validation,u06,F0,posture,1.4679765701293945,5.974451541900635,4.069854835196687,24,source-standardized window-pooled class/posture centroids; day matched by posture and class
feature_bank_unibo_audited_validation_20260915,unibo_inail,validation,u07,F0,day,2.2098617553710938,2.0771191120147705,0.9399316979740335,24,source-standardized window-pooled class/posture centroids; day matched by posture and class
feature_bank_unibo_audited_validation_20260915,unibo_inail,validation,u07,F0,posture,0.8617181777954102,2.0771191120147705,2.4104390107289944,24,source-standardized window-pooled class/posture centroids; day matched by posture and class
feature_bank_unibo_audited_validation_20260915,unibo_inail,validation,u01,F1_X1H,day,0.8767200112342834,1.9148807525634766,2.184141719162361,4,source-standardized window-pooled class/posture centroids; day matched by posture and class
feature_bank_unibo_audited_validation_20260915,unibo_inail,validation,u01,F1_X1H,posture,0.5562575459480286,1.9148807525634766,3.4424355525757533,4,source-standardized window-pooled class/posture centroids; day matched by posture and class
feature_bank_unibo_audited_validation_20260915,unibo_inail,validation,u02,F1_X1H,day,1.0682966709136963,1.4779925346374512,1.3835038289241932,4,source-standardized window-pooled class/posture centroids; day matched by posture and class
feature_bank_unibo_audited_validation_20260915,unibo_inail,validation,u02,F1_X1H,posture,1.1141053438186646,1.4779925346374512,1.3266182976649354,4,source-standardized window-pooled class/posture centroids; day matched by posture and class
feature_bank_unibo_audited_validation_20260915,unibo_inail,validation,u03,F1_X1H,day,0.7301068305969238,0.6508449912071228,0.8914380251368293,4,source-standardized window-pooled class/posture centroids; day matched by posture and class
feature_bank_unibo_audited_validation_20260915,unibo_inail,validation,u03,F1_X1H,posture,0.5263795256614685,0.6508449912071228,1.2364557500370286,4,source-standardized window-pooled class/posture centroids; day matched by posture and class
feature_bank_unibo_audited_validation_20260915,unibo_inail,validation,u04,F1_X1H,day,0.680570125579834,1.7496973276138306,2.5709287872730937,4,source-standardized window-pooled class/posture centroids; day matched by posture and class
feature_bank_unibo_audited_validation_20260915,unibo_inail,validation,u04,F1_X1H,posture,0.7499291300773621,1.7496973276138306,2.3331502370510666,4,source-standardized window-pooled class/posture centroids; day matched by posture and class
feature_bank_unibo_audited_validation_20260915,unibo_inail,validation,u05,F1_X1H,day,1.217296838760376,1.8814363479614258,1.5455855039234514,4,source-standardized window-pooled class/posture centroids; day matched by posture and class
feature_bank_unibo_audited_validation_20260915,unibo_inail,validation,u05,F1_X1H,posture,1.0022269487380981,1.8814363479614258,1.8772557955345952,4,source-standardized window-pooled class/posture centroids; day matched by posture and class
feature_bank_unibo_audited_validation_20260915,unibo_inail,validation,u06,F1_X1H,day,1.3963871002197266,1.5531383752822876,1.1122548862251616,4,source-standardized window-pooled class/posture centroids; day matched by posture and class
feature_bank_unibo_audited_validation_20260915,unibo_inail,validation,u06,F1_X1H,posture,0.7881273627281189,1.5531383752822876,1.970669270895629,4,source-standardized window-pooled class/posture centroids; day matched by posture and class
feature_bank_unibo_audited_validation_20260915,unibo_inail,validation,u07,F1_X1H,day,1.6427371501922607,2.391721487045288,1.4559368105627322,4,source-standardized window-pooled class/posture centroids; day matched by posture and class
feature_bank_unibo_audited_validation_20260915,unibo_inail,validation,u07,F1_X1H,posture,0.7481662631034851,2.391721487045288,3.196778049201174,4,source-standardized window-pooled class/posture centroids; day matched by posture and class
feature_bank_unibo_audited_validation_20260915,unibo_inail,validation,u01,F2a_Cov,day,0.8029016256332397,1.2551660537719727,1.5632874734566313,10,source-standardized window-pooled class/posture centroids; day matched by posture and class
feature_bank_unibo_audited_validation_20260915,unibo_inail,validation,u01,F2a_Cov,posture,0.7180997729301453,1.2551660537719727,1.7478992489422829,10,source-standardized window-pooled class/posture centroids; day matched by posture and class
feature_bank_unibo_audited_validation_20260915,unibo_inail,validation,u02,F2a_Cov,day,0.8716030120849609,1.3805198669433594,1.5838860671665589,10,source-standardized window-pooled class/posture centroids; day matched by posture and class
feature_bank_unibo_audited_validation_20260915,unibo_inail,validation,u02,F2a_Cov,posture,0.8977730870246887,1.3805198669433594,1.5377158069162051,10,source-standardized window-pooled class/posture centroids; day matched by posture and class
feature_bank_unibo_audited_validation_20260915,unibo_inail,validation,u03,F2a_Cov,day,0.8460599184036255,0.9108216166496277,1.076545049394516,10,source-standardized window-pooled class/posture centroids; day matched by posture and class
feature_bank_unibo_audited_validation_20260915,unibo_inail,validation,u03,F2a_Cov,posture,0.7202207446098328,0.9108216166496277,1.264642296774977,10,source-standardized window-pooled class/posture centroids; day matched by posture and class
feature_bank_unibo_audited_validation_20260915,unibo_inail,validation,u04,F2a_Cov,day,0.6288995742797852,1.4196877479553223,2.257415660646438,10,source-standardized window-pooled class/posture centroids; day matched by posture and class
feature_bank_unibo_audited_validation_20260915,unibo_inail,validation,u04,F2a_Cov,posture,0.6954160332679749,1.4196877479553223,2.041494127309273,10,source-standardized window-pooled class/posture centroids; day matched by posture and class
feature_bank_unibo_audited_validation_20260915,unibo_inail,validation,u05,F2a_Cov,day,0.9477928876876831,1.500761866569519,1.5834280738583333,10,source-standardized window-pooled class/posture centroids; day matched by posture and class
feature_bank_unibo_audited_validation_20260915,unibo_inail,validation,u05,F2a_Cov,posture,0.7551023364067078,1.500761866569519,1.987494666894001,10,source-standardized window-pooled class/posture centroids; day matched by posture and class
feature_bank_unibo_audited_validation_20260915,unibo_inail,validation,u06,F2a_Cov,day,1.0711380243301392,1.4105552434921265,1.3168753339448787,10,source-standardized window-pooled class/posture centroids; day matched by posture and class
feature_bank_unibo_audited_validation_20260915,unibo_inail,validation,u06,F2a_Cov,posture,0.8164936900138855,1.4105552434921265,1.7275764169915515,10,source-standardized window-pooled class/posture centroids; day matched by posture and class
feature_bank_unibo_audited_validation_20260915,unibo_inail,validation,u07,F2a_Cov,day,1.34001624584198,1.7329376935958862,1.2932214060626752,10,source-standardized window-pooled class/posture centroids; day matched by posture and class
feature_bank_unibo_audited_validation_20260915,unibo_inail,validation,u07,F2a_Cov,posture,0.7669768333435059,1.7329376935958862,2.2594394227517642,10,source-standardized window-pooled class/posture centroids; day matched by posture and class
feature_bank_unibo_audited_validation_20260915,unibo_inail,validation,u01,F2b_CSP,day,0.7812633514404297,1.332865834236145,1.7060391118782285,8,source-standardized window-pooled class/posture centroids; day matched by posture and class
feature_bank_unibo_audited_validation_20260915,unibo_inail,validation,u01,F2b_CSP,posture,0.8012636303901672,1.332865834236145,1.663454802741335,8,source-standardized window-pooled class/posture centroids; day matched by posture and class
feature_bank_unibo_audited_validation_20260915,unibo_inail,validation,u02,F2b_CSP,day,0.9263253808021545,1.7624993324279785,1.902678442104041,8,source-standardized window-pooled class/posture centroids; day matched by posture and class
feature_bank_unibo_audited_validation_20260915,unibo_inail,validation,u02,F2b_CSP,posture,0.8561800122261047,1.7624993324279785,2.0585616427126654,8,source-standardized window-pooled class/posture centroids; day matched by posture and class
feature_bank_unibo_audited_validation_20260915,unibo_inail,validation,u03,F2b_CSP,day,0.957107424736023,0.8905999064445496,0.9305119607543039,8,source-standardized window-pooled class/posture centroids; day matched by posture and class
feature_bank_unibo_audited_validation_20260915,unibo_inail,validation,u03,F2b_CSP,posture,0.6458272933959961,0.8905999064445496,1.3790063002139017,8,source-standardized window-pooled class/posture centroids; day matched by posture and class
feature_bank_unibo_audited_validation_20260915,unibo_inail,validation,u04,F2b_CSP,day,0.611051082611084,1.574808120727539,2.577211898546428,8,source-standardized window-pooled class/posture centroids; day matched by posture and class
feature_bank_unibo_audited_validation_20260915,unibo_inail,validation,u04,F2b_CSP,posture,0.656546413898468,1.574808120727539,2.398624205978342,8,source-standardized window-pooled class/posture centroids; day matched by posture and class
feature_bank_unibo_audited_validation_20260915,unibo_inail,validation,u05,F2b_CSP,day,0.8440693616867065,1.7765318155288696,2.1047225455224625,8,source-standardized window-pooled class/posture centroids; day matched by posture and class
feature_bank_unibo_audited_validation_20260915,unibo_inail,validation,u05,F2b_CSP,posture,0.740757942199707,1.7765318155288696,2.398262258587464,8,source-standardized window-pooled class/posture centroids; day matched by posture and class
feature_bank_unibo_audited_validation_20260915,unibo_inail,validation,u06,F2b_CSP,day,1.0783281326293945,1.3939892053604126,1.2927319274885443,8,source-standardized window-pooled class/posture centroids; day matched by posture and class
feature_bank_unibo_audited_validation_20260915,unibo_inail,validation,u06,F2b_CSP,posture,0.8269054293632507,1.3939892053604126,1.6857903647242378,8,source-standardized window-pooled class/posture centroids; day matched by posture and class
feature_bank_unibo_audited_validation_20260915,unibo_inail,validation,u07,F2b_CSP,day,1.1990925073623657,1.7264442443847656,1.4397923711332092,8,source-standardized window-pooled class/posture centroids; day matched by posture and class
feature_bank_unibo_audited_validation_20260915,unibo_inail,validation,u07,F2b_CSP,posture,0.9721212387084961,1.7264442443847656,1.7759556891038029,8,source-standardized window-pooled class/posture centroids; day matched by posture and class
feature_bank_unibo_audited_validation_20260915,unibo_inail,validation,u01,F2c_SPD,day,0.8346791863441467,1.3637748956680298,1.6338911020887703,10,source-standardized window-pooled class/posture centroids; day matched by posture and class
feature_bank_unibo_audited_validation_20260915,unibo_inail,validation,u01,F2c_SPD,posture,0.7627723813056946,1.3637748956680298,1.7879185574755163,10,source-standardized window-pooled class/posture centroids; day matched by posture and class
feature_bank_unibo_audited_validation_20260915,unibo_inail,validation,u02,F2c_SPD,day,0.9676588773727417,1.4670463800430298,1.5160780460410206,10,source-standardized window-pooled class/posture centroids; day matched by posture and class
feature_bank_unibo_audited_validation_20260915,unibo_inail,validation,u02,F2c_SPD,posture,0.8982722163200378,1.4670463800430298,1.6331868596041659,10,source-standardized window-pooled class/posture centroids; day matched by posture and class
feature_bank_unibo_audited_validation_20260915,unibo_inail,validation,u03,F2c_SPD,day,0.9294666647911072,1.002851963043213,1.0789542014048668,10,source-standardized window-pooled class/posture centroids; day matched by posture and class
feature_bank_unibo_audited_validation_20260915,unibo_inail,validation,u03,F2c_SPD,posture,0.764514148235321,1.002851963043213,1.3117506920659612,10,source-standardized window-pooled class/posture centroids; day matched by posture and class
feature_bank_unibo_audited_validation_20260915,unibo_inail,validation,u04,F2c_SPD,day,0.6648825407028198,1.497589111328125,2.2524115458691893,10,source-standardized window-pooled class/posture centroids; day matched by posture and class
feature_bank_unibo_audited_validation_20260915,unibo_inail,validation,u04,F2c_SPD,posture,0.7357333302497864,1.497589111328125,2.0355053247589696,10,source-standardized window-pooled class/posture centroids; day matched by posture and class
feature_bank_unibo_audited_validation_20260915,unibo_inail,validation,u05,F2c_SPD,day,0.9786146879196167,1.610909104347229,1.6461117171357056,10,source-standardized window-pooled class/posture centroids; day matched by posture and class
feature_bank_unibo_audited_validation_20260915,unibo_inail,validation,u05,F2c_SPD,posture,0.787651538848877,1.610909104347229,2.045205303222624,10,source-standardized window-pooled class/posture centroids; day matched by posture and class
feature_bank_unibo_audited_validation_20260915,unibo_inail,validation,u06,F2c_SPD,day,1.1787357330322266,1.5168272256851196,1.2868255226147138,10,source-standardized window-pooled class/posture centroids; day matched by posture and class
feature_bank_unibo_audited_validation_20260915,unibo_inail,validation,u06,F2c_SPD,posture,0.9231751561164856,1.5168272256851196,1.643054642051139,10,source-standardized window-pooled class/posture centroids; day matched by posture and class
feature_bank_unibo_audited_validation_20260915,unibo_inail,validation,u07,F2c_SPD,day,1.3236503601074219,1.7767120599746704,1.3422820055208065,10,source-standardized window-pooled class/posture centroids; day matched by posture and class
feature_bank_unibo_audited_validation_20260915,unibo_inail,validation,u07,F2c_SPD,posture,0.8039301037788391,1.7767120599746704,2.210033001154082,10,source-standardized window-pooled class/posture centroids; day matched by posture and class
feature_bank_unibo_audited_validation_20260915,unibo_inail,validation,u01,F4_Spectral,day,1.7037806510925293,3.7465951442718506,2.1989891374028643,40,source-standardized window-pooled class/posture centroids; day matched by posture and class
feature_bank_unibo_audited_validation_20260915,unibo_inail,validation,u01,F4_Spectral,posture,1.3323894739151,3.7465951442718506,2.811936913055928,40,source-standardized window-pooled class/posture centroids; day matched by posture and class
feature_bank_unibo_audited_validation_20260915,unibo_inail,validation,u02,F4_Spectral,day,2.1509172916412354,3.164794683456421,1.4713697712849225,40,source-standardized window-pooled class/posture centroids; day matched by posture and class
feature_bank_unibo_audited_validation_20260915,unibo_inail,validation,u02,F4_Spectral,posture,2.0358216762542725,3.164794683456421,1.554553977083986,40,source-standardized window-pooled class/posture centroids; day matched by posture and class
feature_bank_unibo_audited_validation_20260915,unibo_inail,validation,u03,F4_Spectral,day,1.4896926879882812,2.0784008502960205,1.3951876565235413,40,source-standardized window-pooled class/posture centroids; day matched by posture and class
feature_bank_unibo_audited_validation_20260915,unibo_inail,validation,u03,F4_Spectral,posture,1.1771409511566162,2.0784008502960205,1.765634649148934,40,source-standardized window-pooled class/posture centroids; day matched by posture and class
feature_bank_unibo_audited_validation_20260915,unibo_inail,validation,u04,F4_Spectral,day,1.481154203414917,3.412367582321167,2.303857069339156,40,source-standardized window-pooled class/posture centroids; day matched by posture and class
feature_bank_unibo_audited_validation_20260915,unibo_inail,validation,u04,F4_Spectral,posture,1.462137222290039,3.412367582321167,2.3338217031191437,40,source-standardized window-pooled class/posture centroids; day matched by posture and class
feature_bank_unibo_audited_validation_20260915,unibo_inail,validation,u05,F4_Spectral,day,2.265488386154175,3.5702297687530518,1.5759205787906028,40,source-standardized window-pooled class/posture centroids; day matched by posture and class
feature_bank_unibo_audited_validation_20260915,unibo_inail,validation,u05,F4_Spectral,posture,1.8638519048690796,3.5702297687530518,1.915511505728732,40,source-standardized window-pooled class/posture centroids; day matched by posture and class
feature_bank_unibo_audited_validation_20260915,unibo_inail,validation,u06,F4_Spectral,day,2.853071689605713,3.8087360858917236,1.3349598258488717,40,source-standardized window-pooled class/posture centroids; day matched by posture and class
feature_bank_unibo_audited_validation_20260915,unibo_inail,validation,u06,F4_Spectral,posture,1.694381594657898,3.8087360858917236,2.2478620506135005,40,source-standardized window-pooled class/posture centroids; day matched by posture and class
feature_bank_unibo_audited_validation_20260915,unibo_inail,validation,u07,F4_Spectral,day,3.051825523376465,3.9476919174194336,1.2935509868370556,40,source-standardized window-pooled class/posture centroids; day matched by posture and class
feature_bank_unibo_audited_validation_20260915,unibo_inail,validation,u07,F4_Spectral,posture,1.709794044494629,3.9476919174194336,2.30886984904896,40,source-standardized window-pooled class/posture centroids; day matched by posture and class
feature_bank_unibo_audited_validation_20260915,unibo_inail,validation,u01,F5_Temporal,day,1.5072081089019775,4.601390361785889,3.0529230400273084,29,source-standardized window-pooled class/posture centroids; day matched by posture and class
feature_bank_unibo_audited_validation_20260915,unibo_inail,validation,u01,F5_Temporal,posture,1.080908179283142,4.601390361785889,4.256966919089531,29,source-standardized window-pooled class/posture centroids; day matched by posture and class
feature_bank_unibo_audited_validation_20260915,unibo_inail,validation,u02,F5_Temporal,day,1.3734238147735596,3.3737411499023438,2.4564457916117655,29,source-standardized window-pooled class/posture centroids; day matched by posture and class
feature_bank_unibo_audited_validation_20260915,unibo_inail,validation,u02,F5_Temporal,posture,1.2462302446365356,3.3737411499023438,2.707157176147327,29,source-standardized window-pooled class/posture centroids; day matched by posture and class
feature_bank_unibo_audited_validation_20260915,unibo_inail,validation,u03,F5_Temporal,day,1.3149855136871338,2.9015369415283203,2.2065162781834706,29,source-standardized window-pooled class/posture centroids; day matched by posture and class
feature_bank_unibo_audited_validation_20260915,unibo_inail,validation,u03,F5_Temporal,posture,1.0469666719436646,2.9015369415283203,2.7713746953749023,29,source-standardized window-pooled class/posture centroids; day matched by posture and class
feature_bank_unibo_audited_validation_20260915,unibo_inail,validation,u04,F5_Temporal,day,1.96931791305542,4.779346942901611,2.4269047222974636,29,source-standardized window-pooled class/posture centroids; day matched by posture and class
feature_bank_unibo_audited_validation_20260915,unibo_inail,validation,u04,F5_Temporal,posture,1.541224479675293,4.779346942901611,3.101006378970459,29,source-standardized window-pooled class/posture centroids; day matched by posture and class
feature_bank_unibo_audited_validation_20260915,unibo_inail,validation,u05,F5_Temporal,day,1.8887290954589844,3.904270887374878,2.067141813381143,29,source-standardized window-pooled class/posture centroids; day matched by posture and class
feature_bank_unibo_audited_validation_20260915,unibo_inail,validation,u05,F5_Temporal,posture,1.191367745399475,3.904270887374878,3.277133280171579,29,source-standardized window-pooled class/posture centroids; day matched by posture and class
feature_bank_unibo_audited_validation_20260915,unibo_inail,validation,u06,F5_Temporal,day,2.6450681686401367,5.295349597930908,2.0019709362164804,29,source-standardized window-pooled class/posture centroids; day matched by posture and class
feature_bank_unibo_audited_validation_20260915,unibo_inail,validation,u06,F5_Temporal,posture,1.4103660583496094,5.295349597930908,3.7545923390440192,29,source-standardized window-pooled class/posture centroids; day matched by posture and class
feature_bank_unibo_audited_validation_20260915,unibo_inail,validation,u07,F5_Temporal,day,1.7770922183990479,2.1156978607177734,1.1905391508734302,29,source-standardized window-pooled class/posture centroids; day matched by posture and class
feature_bank_unibo_audited_validation_20260915,unibo_inail,validation,u07,F5_Temporal,posture,0.8233591914176941,2.1156978607177734,2.5695928129159613,29,source-standardized window-pooled class/posture centroids; day matched by posture and class
feature_bank_unibo_audited_validation_20260915,unibo_inail,validation,u01,F9_Quality,day,1.3766705989837646,4.470664024353027,3.2474464317389717,29,source-standardized window-pooled class/posture centroids; day matched by posture and class
feature_bank_unibo_audited_validation_20260915,unibo_inail,validation,u01,F9_Quality,posture,1.2060316801071167,4.470664024353027,3.7069208861513876,29,source-standardized window-pooled class/posture centroids; day matched by posture and class
feature_bank_unibo_audited_validation_20260915,unibo_inail,validation,u02,F9_Quality,day,1.2595826387405396,3.628504514694214,2.880719694834382,29,source-standardized window-pooled class/posture centroids; day matched by posture and class
feature_bank_unibo_audited_validation_20260915,unibo_inail,validation,u02,F9_Quality,posture,1.1568392515182495,3.628504514694214,3.136567599974659,29,source-standardized window-pooled class/posture centroids; day matched by posture and class
feature_bank_unibo_audited_validation_20260915,unibo_inail,validation,u03,F9_Quality,day,1.1545307636260986,2.6885881423950195,2.3287280227583484,29,source-standardized window-pooled class/posture centroids; day matched by posture and class
feature_bank_unibo_audited_validation_20260915,unibo_inail,validation,u03,F9_Quality,posture,1.1447372436523438,2.6885881423950195,2.3486508867437474,29,source-standardized window-pooled class/posture centroids; day matched by posture and class
feature_bank_unibo_audited_validation_20260915,unibo_inail,validation,u04,F9_Quality,day,1.6698188781738281,4.682739734649658,2.804339917253816,29,source-standardized window-pooled class/posture centroids; day matched by posture and class
feature_bank_unibo_audited_validation_20260915,unibo_inail,validation,u04,F9_Quality,posture,1.4193938970565796,4.682739734649658,3.299112208638513,29,source-standardized window-pooled class/posture centroids; day matched by posture and class
feature_bank_unibo_audited_validation_20260915,unibo_inail,validation,u05,F9_Quality,day,1.8155758380889893,3.8656511306762695,2.129159823333509,29,source-standardized window-pooled class/posture centroids; day matched by posture and class
feature_bank_unibo_audited_validation_20260915,unibo_inail,validation,u05,F9_Quality,posture,1.04790461063385,3.8656511306762695,3.6889341753486025,29,source-standardized window-pooled class/posture centroids; day matched by posture and class
feature_bank_unibo_audited_validation_20260915,unibo_inail,validation,u06,F9_Quality,day,2.5643110275268555,5.343070983886719,2.0836282832031294,29,source-standardized window-pooled class/posture centroids; day matched by posture and class
feature_bank_unibo_audited_validation_20260915,unibo_inail,validation,u06,F9_Quality,posture,1.347195029258728,5.343070983886719,3.9660708864274015,29,source-standardized window-pooled class/posture centroids; day matched by posture and class
feature_bank_unibo_audited_validation_20260915,unibo_inail,validation,u07,F9_Quality,day,1.8109309673309326,1.9640007019042969,1.0845254387569967,29,source-standardized window-pooled class/posture centroids; day matched by posture and class
feature_bank_unibo_audited_validation_20260915,unibo_inail,validation,u07,F9_Quality,posture,1.0300167798995972,1.9640007019042969,1.906765734528941,29,source-standardized window-pooled class/posture centroids; day matched by posture and class
feature_bank_unibo_audited_validation_20260915,unibo_inail,validation,u01,F6_Posture,day,3.5835200833389536e-06,3.6527414977172157e-06,1.0193163128577902,4,source-standardized window-pooled class/posture centroids; day matched by posture and class
feature_bank_unibo_audited_validation_20260915,unibo_inail,validation,u01,F6_Posture,posture,3.265998125076294,3.6527414977172157e-06,1.1184150626635063e-06,4,source-standardized window-pooled class/posture centroids; day matched by posture and class
feature_bank_unibo_audited_validation_20260915,unibo_inail,validation,u02,F6_Posture,day,3.611427928262856e-06,3.7714592053816887e-06,1.0443121767858823,4,source-standardized window-pooled class/posture centroids; day matched by posture and class
feature_bank_unibo_audited_validation_20260915,unibo_inail,validation,u02,F6_Posture,posture,3.265998125076294,3.7714592053816887e-06,1.1547646572186664e-06,4,source-standardized window-pooled class/posture centroids; day matched by posture and class
feature_bank_unibo_audited_validation_20260915,unibo_inail,validation,u03,F6_Posture,day,4.1707357922859956e-06,1.9165843241353286e-06,0.45953135371192816,4,source-standardized window-pooled class/posture centroids; day matched by posture and class
feature_bank_unibo_audited_validation_20260915,unibo_inail,validation,u03,F6_Posture,posture,3.265996217727661,1.9165843241353286e-06,5.868299276440125e-07,4,source-standardized window-pooled class/posture centroids; day matched by posture and class
feature_bank_unibo_audited_validation_20260915,unibo_inail,validation,u04,F6_Posture,day,2.8024680887028808e-06,4.6288041630759835e-06,1.6516878568742466,4,source-standardized window-pooled class/posture centroids; day matched by posture and class
feature_bank_unibo_audited_validation_20260915,unibo_inail,validation,u04,F6_Posture,posture,3.2659995555877686,4.6288041630759835e-06,1.4172702978955363e-06,4,source-standardized window-pooled class/posture centroids; day matched by posture and class
feature_bank_unibo_audited_validation_20260915,unibo_inail,validation,u05,F6_Posture,day,3.762294227271923e-06,3.0504561436828226e-06,0.8107965907541866,4,source-standardized window-pooled class/posture centroids; day matched by posture and class
feature_bank_unibo_audited_validation_20260915,unibo_inail,validation,u05,F6_Posture,posture,3.2659976482391357,3.0504561436828226e-06,9.340043907645015e-07,4,source-standardized window-pooled class/posture centroids; day matched by posture and class
feature_bank_unibo_audited_validation_20260915,unibo_inail,validation,u06,F6_Posture,day,4.400802026793826e-06,1.6190853102671099e-06,0.36790678892226697,4,source-standardized window-pooled class/posture centroids; day matched by posture and class
feature_bank_unibo_audited_validation_20260915,unibo_inail,validation,u06,F6_Posture,posture,3.265996217727661,1.6190853102671099e-06,4.957401057228117e-07,4,source-standardized window-pooled class/posture centroids; day matched by posture and class
feature_bank_unibo_audited_validation_20260915,unibo_inail,validation,u07,F6_Posture,day,3.7061840885144193e-06,3.7093284390721237e-06,1.0008481364213153,4,source-standardized window-pooled class/posture centroids; day matched by posture and class
feature_bank_unibo_audited_validation_20260915,unibo_inail,validation,u07,F6_Posture,posture,3.265998125076294,3.7093284390721237e-06,1.13574114161022e-06,4,source-standardized window-pooled class/posture centroids; day matched by posture and class
