run_id,dataset,phase,subject,family,D_nuisance,D_gesture,J,feature_dimension,definition
feature_bank_manus_calibration_diagnostics_validation_20260915,semg_manus,validation,3,F0,5.784276962280273,3.129492998123169,0.5410344315340186,48,train-standardized same-user class centroid session displacement / target within-user class separation
feature_bank_manus_calibration_diagnostics_validation_20260915,semg_manus,validation,4,F0,4.327551364898682,5.834131240844727,1.3481367981359522,48,train-standardized same-user class centroid session displacement / target within-user class separation
feature_bank_manus_calibration_diagnostics_validation_20260915,semg_manus,validation,5,F0,4.924217700958252,5.7850189208984375,1.1748097407983198,48,train-standardized same-user class centroid session displacement / target within-user class separation
feature_bank_manus_calibration_diagnostics_validation_20260915,semg_manus,validation,6,F0,5.1509504318237305,6.3863091468811035,1.2398312178319189,48,train-standardized same-user class centroid session displacement / target within-user class separation
feature_bank_manus_calibration_diagnostics_validation_20260915,semg_manus,validation,7,F0,4.746879577636719,4.969735145568848,1.0469478031380843,48,train-standardized same-user class centroid session displacement / target within-user class separation
feature_bank_manus_calibration_diagnostics_validation_20260915,semg_manus,validation,8,F0,4.96962308883667,3.851783037185669,0.7750654261562019,48,train-standardized same-user class centroid session displacement / target within-user class separation
feature_bank_manus_calibration_diagnostics_validation_20260915,semg_manus,validation,3,F1_X1H,1.7237415313720703,2.867319345474243,1.6634276620290283,8,train-standardized same-user class centroid session displacement / target within-user class separation
feature_bank_manus_calibration_diagnostics_validation_20260915,semg_manus,validation,4,F1_X1H,2.485825300216675,3.076334238052368,1.2375504577023109,8,train-standardized same-user class centroid session displacement / target within-user class separation
feature_bank_manus_calibration_diagnostics_validation_20260915,semg_manus,validation,5,F1_X1H,2.924962043762207,2.5458943843841553,0.870402537295373,8,train-standardized same-user class centroid session displacement / target within-user class separation
feature_bank_manus_calibration_diagnostics_validation_20260915,semg_manus,validation,6,F1_X1H,2.144317150115967,2.1541833877563477,1.004601109326968,8,train-standardized same-user class centroid session displacement / target within-user class separation
feature_bank_manus_calibration_diagnostics_validation_20260915,semg_manus,validation,7,F1_X1H,2.8076868057250977,2.5877909660339355,0.9216807803335832,8,train-standardized same-user class centroid session displacement / target within-user class separation
feature_bank_manus_calibration_diagnostics_validation_20260915,semg_manus,validation,8,F1_X1H,2.2133262157440186,2.749621629714966,1.242302924058317,8,train-standardized same-user class centroid session displacement / target within-user class separation
feature_bank_manus_calibration_diagnostics_validation_20260915,semg_manus,validation,3,F2b_CSP,1.9570447206497192,3.281183958053589,1.6766014202080124,12,train-standardized same-user class centroid session displacement / target within-user class separation
feature_bank_manus_calibration_diagnostics_validation_20260915,semg_manus,validation,4,F2b_CSP,3.3508012294769287,4.06199836730957,1.2122468893633687,12,train-standardized same-user class centroid session displacement / target within-user class separation
feature_bank_manus_calibration_diagnostics_validation_20260915,semg_manus,validation,5,F2b_CSP,4.144988536834717,3.6641345024108887,0.8839914682147922,12,train-standardized same-user class centroid session displacement / target within-user class separation
feature_bank_manus_calibration_diagnostics_validation_20260915,semg_manus,validation,6,F2b_CSP,2.802239418029785,2.997525453567505,1.0696892757557286,12,train-standardized same-user class centroid session displacement / target within-user class separation
feature_bank_manus_calibration_diagnostics_validation_20260915,semg_manus,validation,7,F2b_CSP,4.259349822998047,2.2666118144989014,0.5321497197201237,12,train-standardized same-user class centroid session displacement / target within-user class separation
feature_bank_manus_calibration_diagnostics_validation_20260915,semg_manus,validation,8,F2b_CSP,3.3946197032928467,3.5925979614257812,1.0583211892453912,12,train-standardized same-user class centroid session displacement / target within-user class separation
feature_bank_manus_calibration_diagnostics_validation_20260915,semg_manus,validation,3,F3_Ring,5.09266471862793,5.19520902633667,1.0201356879695287,40,train-standardized same-user class centroid session displacement / target within-user class separation
feature_bank_manus_calibration_diagnostics_validation_20260915,semg_manus,validation,4,F3_Ring,4.506841659545898,3.9722933769226074,0.8813918209236504,40,train-standardized same-user class centroid session displacement / target within-user class separation
feature_bank_manus_calibration_diagnostics_validation_20260915,semg_manus,validation,5,F3_Ring,4.135727882385254,6.157421588897705,1.4888362493871246,40,train-standardized same-user class centroid session displacement / target within-user class separation
feature_bank_manus_calibration_diagnostics_validation_20260915,semg_manus,validation,6,F3_Ring,4.698473930358887,5.9693193435668945,1.2704804649431491,40,train-standardized same-user class centroid session displacement / target within-user class separation
feature_bank_manus_calibration_diagnostics_validation_20260915,semg_manus,validation,7,F3_Ring,3.937959671020508,4.1886372566223145,1.0636567173212774,40,train-standardized same-user class centroid session displacement / target within-user class separation
feature_bank_manus_calibration_diagnostics_validation_20260915,semg_manus,validation,8,F3_Ring,5.258033752441406,4.52886438369751,0.8613228056198402,40,train-standardized same-user class centroid session displacement / target within-user class separation
feature_bank_manus_calibration_diagnostics_validation_20260915,semg_manus,validation,3,F4_Spectral,6.989461421966553,8.253580093383789,1.1808606693847927,72,train-standardized same-user class centroid session displacement / target within-user class separation
feature_bank_manus_calibration_diagnostics_validation_20260915,semg_manus,validation,4,F4_Spectral,8.312102317810059,9.053628921508789,1.0892104759236176,72,train-standardized same-user class centroid session displacement / target within-user class separation
feature_bank_manus_calibration_diagnostics_validation_20260915,semg_manus,validation,5,F4_Spectral,7.257994174957275,7.316110134124756,1.0080071653084255,72,train-standardized same-user class centroid session displacement / target within-user class separation
feature_bank_manus_calibration_diagnostics_validation_20260915,semg_manus,validation,6,F4_Spectral,7.083327770233154,6.870909690856934,0.9700115417120957,72,train-standardized same-user class centroid session displacement / target within-user class separation
feature_bank_manus_calibration_diagnostics_validation_20260915,semg_manus,validation,7,F4_Spectral,7.63829231262207,7.067791938781738,0.9253104816506537,72,train-standardized same-user class centroid session displacement / target within-user class separation
feature_bank_manus_calibration_diagnostics_validation_20260915,semg_manus,validation,8,F4_Spectral,6.139522552490234,7.216551303863525,1.1754254898754732,72,train-standardized same-user class centroid session displacement / target within-user class separation
feature_bank_manus_calibration_diagnostics_validation_20260915,semg_manus,validation,3,F5_Temporal,6.939847469329834,5.791887283325195,0.8345842338641012,57,train-standardized same-user class centroid session displacement / target within-user class separation
feature_bank_manus_calibration_diagnostics_validation_20260915,semg_manus,validation,4,F5_Temporal,4.607155799865723,5.615138530731201,1.2187863347042958,57,train-standardized same-user class centroid session displacement / target within-user class separation
feature_bank_manus_calibration_diagnostics_validation_20260915,semg_manus,validation,5,F5_Temporal,5.2372283935546875,5.653709411621094,1.0795231727105654,57,train-standardized same-user class centroid session displacement / target within-user class separation
feature_bank_manus_calibration_diagnostics_validation_20260915,semg_manus,validation,6,F5_Temporal,5.658443927764893,5.829251766204834,1.0301863622966714,57,train-standardized same-user class centroid session displacement / target within-user class separation
feature_bank_manus_calibration_diagnostics_validation_20260915,semg_manus,validation,7,F5_Temporal,4.607753276824951,4.348984241485596,0.943840518405836,57,train-standardized same-user class centroid session displacement / target within-user class separation
feature_bank_manus_calibration_diagnostics_validation_20260915,semg_manus,validation,8,F5_Temporal,5.065370559692383,4.70083475112915,0.9280337333136199,57,train-standardized same-user class centroid session displacement / target within-user class separation
feature_bank_manus_calibration_diagnostics_validation_20260915,semg_manus,validation,3,F6_IMU,3.9873569011688232,2.116075038909912,0.5306961707614113,13,train-standardized same-user class centroid session displacement / target within-user class separation
feature_bank_manus_calibration_diagnostics_validation_20260915,semg_manus,validation,4,F6_IMU,3.3258445262908936,1.5474127531051636,0.4652691191281966,13,train-standardized same-user class centroid session displacement / target within-user class separation
feature_bank_manus_calibration_diagnostics_validation_20260915,semg_manus,validation,5,F6_IMU,3.4449949264526367,2.3100156784057617,0.6705425487473066,13,train-standardized same-user class centroid session displacement / target within-user class separation
feature_bank_manus_calibration_diagnostics_validation_20260915,semg_manus,validation,6,F6_IMU,3.3177802562713623,3.7212071418762207,1.1215954205650502,13,train-standardized same-user class centroid session displacement / target within-user class separation
feature_bank_manus_calibration_diagnostics_validation_20260915,semg_manus,validation,7,F6_IMU,2.7207820415496826,1.1945258378982544,0.439037680951998,13,train-standardized same-user class centroid session displacement / target within-user class separation
feature_bank_manus_calibration_diagnostics_validation_20260915,semg_manus,validation,8,F6_IMU,4.546088695526123,1.5246444940567017,0.3353749995148121,13,train-standardized same-user class centroid session displacement / target within-user class separation
feature_bank_manus_calibration_diagnostics_validation_20260915,semg_manus,validation,3,F9_Quality,8.25881290435791,6.22442626953125,0.7536708170548417,53,train-standardized same-user class centroid session displacement / target within-user class separation
feature_bank_manus_calibration_diagnostics_validation_20260915,semg_manus,validation,4,F9_Quality,4.7260637283325195,5.609743118286133,1.1869799987365408,53,train-standardized same-user class centroid session displacement / target within-user class separation
feature_bank_manus_calibration_diagnostics_validation_20260915,semg_manus,validation,5,F9_Quality,5.7475762367248535,6.003094673156738,1.044456728524656,53,train-standardized same-user class centroid session displacement / target within-user class separation
feature_bank_manus_calibration_diagnostics_validation_20260915,semg_manus,validation,6,F9_Quality,4.856370449066162,5.31744384765625,1.0949419743458106,53,train-standardized same-user class centroid session displacement / target within-user class separation
feature_bank_manus_calibration_diagnostics_validation_20260915,semg_manus,validation,7,F9_Quality,4.991220951080322,5.458117961883545,1.0935436470110729,53,train-standardized same-user class centroid session displacement / target within-user class separation
feature_bank_manus_calibration_diagnostics_validation_20260915,semg_manus,validation,8,F9_Quality,6.273086071014404,6.283227920532227,1.0016167241134601,53,train-standardized same-user class centroid session displacement / target within-user class separation
feature_bank_manus_calibration_diagnostics_final_20260915,semg_manus,final,3,F0,6.232799053192139,2.4714467525482178,0.3965227711427766,48,train-standardized same-user class centroid session displacement / target within-user class separation
feature_bank_manus_calibration_diagnostics_final_20260915,semg_manus,final,4,F0,4.245396137237549,4.715462684631348,1.1107238364094234,48,train-standardized same-user class centroid session displacement / target within-user class separation
feature_bank_manus_calibration_diagnostics_final_20260915,semg_manus,final,5,F0,4.1247029304504395,7.159947872161865,1.7358699506095643,48,train-standardized same-user class centroid session displacement / target within-user class separation
feature_bank_manus_calibration_diagnostics_final_20260915,semg_manus,final,6,F0,7.894687652587891,6.9010910987854,0.8741436523485939,48,train-standardized same-user class centroid session displacement / target within-user class separation
feature_bank_manus_calibration_diagnostics_final_20260915,semg_manus,final,7,F0,6.544954776763916,5.356245040893555,0.8183777006234831,48,train-standardized same-user class centroid session displacement / target within-user class separation
feature_bank_manus_calibration_diagnostics_final_20260915,semg_manus,final,8,F0,4.185969352722168,6.114527702331543,1.4607196534665878,48,train-standardized same-user class centroid session displacement / target within-user class separation
feature_bank_manus_calibration_diagnostics_final_20260915,semg_manus,final,3,F1_X1H,3.422452926635742,3.34006667137146,0.9759277170405837,8,train-standardized same-user class centroid session displacement / target within-user class separation
feature_bank_manus_calibration_diagnostics_final_20260915,semg_manus,final,4,F1_X1H,2.423983573913574,2.5797505378723145,1.064260734121307,8,train-standardized same-user class centroid session displacement / target within-user class separation
feature_bank_manus_calibration_diagnostics_final_20260915,semg_manus,final,5,F1_X1H,2.1035163402557373,2.782362699508667,1.3227197936428083,8,train-standardized same-user class centroid session displacement / target within-user class separation
feature_bank_manus_calibration_diagnostics_final_20260915,semg_manus,final,6,F1_X1H,3.4533326625823975,3.6235151290893555,1.0492806465910083,8,train-standardized same-user class centroid session displacement / target within-user class separation
feature_bank_manus_calibration_diagnostics_final_20260915,semg_manus,final,7,F1_X1H,3.6910159587860107,2.481062889099121,0.672189694328626,8,train-standardized same-user class centroid session displacement / target within-user class separation
feature_bank_manus_calibration_diagnostics_final_20260915,semg_manus,final,8,F1_X1H,2.8972368240356445,3.492112636566162,1.2053252283673146,8,train-standardized same-user class centroid session displacement / target within-user class separation
feature_bank_manus_calibration_diagnostics_final_20260915,semg_manus,final,3,F2b_CSP,3.6805496215820312,2.9794764518737793,0.8095194354674357,12,train-standardized same-user class centroid session displacement / target within-user class separation
feature_bank_manus_calibration_diagnostics_final_20260915,semg_manus,final,4,F2b_CSP,2.7995870113372803,3.35621976852417,1.198826739419613,12,train-standardized same-user class centroid session displacement / target within-user class separation
feature_bank_manus_calibration_diagnostics_final_20260915,semg_manus,final,5,F2b_CSP,2.197824478149414,4.157832145690918,1.8917944481125963,12,train-standardized same-user class centroid session displacement / target within-user class separation
feature_bank_manus_calibration_diagnostics_final_20260915,semg_manus,final,6,F2b_CSP,3.105912923812866,4.3705363273620605,1.4071664063251703,12,train-standardized same-user class centroid session displacement / target within-user class separation
feature_bank_manus_calibration_diagnostics_final_20260915,semg_manus,final,7,F2b_CSP,3.525764226913452,3.780684232711792,1.0723020569133266,12,train-standardized same-user class centroid session displacement / target within-user class separation
feature_bank_manus_calibration_diagnostics_final_20260915,semg_manus,final,8,F2b_CSP,3.349836587905884,4.226838111877441,1.2618042704341421,12,train-standardized same-user class centroid session displacement / target within-user class separation
feature_bank_manus_calibration_diagnostics_final_20260915,semg_manus,final,3,F3_Ring,4.727589130401611,5.821351051330566,1.2313572289719703,40,train-standardized same-user class centroid session displacement / target within-user class separation
feature_bank_manus_calibration_diagnostics_final_20260915,semg_manus,final,4,F3_Ring,4.201077938079834,4.052018165588379,0.9645186843259209,40,train-standardized same-user class centroid session displacement / target within-user class separation
feature_bank_manus_calibration_diagnostics_final_20260915,semg_manus,final,5,F3_Ring,4.630210876464844,6.57285737991333,1.4195589694027657,40,train-standardized same-user class centroid session displacement / target within-user class separation
feature_bank_manus_calibration_diagnostics_final_20260915,semg_manus,final,6,F3_Ring,4.979506969451904,4.998147964477539,1.003743542310311,40,train-standardized same-user class centroid session displacement / target within-user class separation
feature_bank_manus_calibration_diagnostics_final_20260915,semg_manus,final,7,F3_Ring,4.005585193634033,3.8195996284484863,0.9535684410152898,40,train-standardized same-user class centroid session displacement / target within-user class separation
feature_bank_manus_calibration_diagnostics_final_20260915,semg_manus,final,8,F3_Ring,3.9772636890411377,4.321683883666992,1.086597274295334,40,train-standardized same-user class centroid session displacement / target within-user class separation
feature_bank_manus_calibration_diagnostics_final_20260915,semg_manus,final,3,F4_Spectral,10.650382041931152,10.459564208984375,0.9820834752972711,72,train-standardized same-user class centroid session displacement / target within-user class separation
feature_bank_manus_calibration_diagnostics_final_20260915,semg_manus,final,4,F4_Spectral,7.621879577636719,8.243669509887695,1.0815796059116811,72,train-standardized same-user class centroid session displacement / target within-user class separation
feature_bank_manus_calibration_diagnostics_final_20260915,semg_manus,final,5,F4_Spectral,6.792948246002197,8.353944778442383,1.2297966178908601,72,train-standardized same-user class centroid session displacement / target within-user class separation
feature_bank_manus_calibration_diagnostics_final_20260915,semg_manus,final,6,F4_Spectral,9.809510231018066,9.480222702026367,0.9664318073749039,72,train-standardized same-user class centroid session displacement / target within-user class separation
feature_bank_manus_calibration_diagnostics_final_20260915,semg_manus,final,7,F4_Spectral,9.397604942321777,7.6244401931762695,0.8113173771371326,72,train-standardized same-user class centroid session displacement / target within-user class separation
feature_bank_manus_calibration_diagnostics_final_20260915,semg_manus,final,8,F4_Spectral,7.214664936065674,8.800394058227539,1.2197924832563853,72,train-standardized same-user class centroid session displacement / target within-user class separation
feature_bank_manus_calibration_diagnostics_final_20260915,semg_manus,final,3,F5_Temporal,6.753111362457275,4.921037673950195,0.72870672639979,57,train-standardized same-user class centroid session displacement / target within-user class separation
feature_bank_manus_calibration_diagnostics_final_20260915,semg_manus,final,4,F5_Temporal,4.931524276733398,5.098034858703613,1.0337645264679658,57,train-standardized same-user class centroid session displacement / target within-user class separation
feature_bank_manus_calibration_diagnostics_final_20260915,semg_manus,final,5,F5_Temporal,5.267837047576904,6.5360260009765625,1.240741872222824,57,train-standardized same-user class centroid session displacement / target within-user class separation
feature_bank_manus_calibration_diagnostics_final_20260915,semg_manus,final,6,F5_Temporal,7.710550785064697,6.162505149841309,0.7992302134598808,57,train-standardized same-user class centroid session displacement / target within-user class separation
feature_bank_manus_calibration_diagnostics_final_20260915,semg_manus,final,7,F5_Temporal,5.21412992477417,5.04258394241333,0.967099787531812,57,train-standardized same-user class centroid session displacement / target within-user class separation
feature_bank_manus_calibration_diagnostics_final_20260915,semg_manus,final,8,F5_Temporal,5.627127170562744,6.161956787109375,1.0950448782006201,57,train-standardized same-user class centroid session displacement / target within-user class separation
feature_bank_manus_calibration_diagnostics_final_20260915,semg_manus,final,3,F6_IMU,5.029651165008545,2.305824041366577,0.45844611598669416,13,train-standardized same-user class centroid session displacement / target within-user class separation
feature_bank_manus_calibration_diagnostics_final_20260915,semg_manus,final,4,F6_IMU,2.7372663021087646,1.8426111936569214,0.6731574462582313,13,train-standardized same-user class centroid session displacement / target within-user class separation
feature_bank_manus_calibration_diagnostics_final_20260915,semg_manus,final,5,F6_IMU,3.0574264526367188,3.065375328063965,1.002599858262948,13,train-standardized same-user class centroid session displacement / target within-user class separation
feature_bank_manus_calibration_diagnostics_final_20260915,semg_manus,final,6,F6_IMU,3.9685771465301514,3.5349934101104736,0.8907457961855009,13,train-standardized same-user class centroid session displacement / target within-user class separation
feature_bank_manus_calibration_diagnostics_final_20260915,semg_manus,final,7,F6_IMU,1.0233126878738403,1.0535247325897217,1.0295237663647305,13,train-standardized same-user class centroid session displacement / target within-user class separation
feature_bank_manus_calibration_diagnostics_final_20260915,semg_manus,final,8,F6_IMU,3.721968412399292,2.7762303352355957,0.7459037873578321,13,train-standardized same-user class centroid session displacement / target within-user class separation
feature_bank_manus_calibration_diagnostics_final_20260915,semg_manus,final,3,F9_Quality,8.782822608947754,7.03321647644043,0.800792272551917,53,train-standardized same-user class centroid session displacement / target within-user class separation
feature_bank_manus_calibration_diagnostics_final_20260915,semg_manus,final,4,F9_Quality,4.677587985992432,4.889486789703369,1.045300869667112,53,train-standardized same-user class centroid session displacement / target within-user class separation
feature_bank_manus_calibration_diagnostics_final_20260915,semg_manus,final,5,F9_Quality,4.715822696685791,6.951117992401123,1.4739990113039638,53,train-standardized same-user class centroid session displacement / target within-user class separation
feature_bank_manus_calibration_diagnostics_final_20260915,semg_manus,final,6,F9_Quality,7.046823978424072,6.68708610534668,0.9489503534954491,53,train-standardized same-user class centroid session displacement / target within-user class separation
feature_bank_manus_calibration_diagnostics_final_20260915,semg_manus,final,7,F9_Quality,5.455770492553711,5.826305866241455,1.067916231848902,53,train-standardized same-user class centroid session displacement / target within-user class separation
feature_bank_manus_calibration_diagnostics_final_20260915,semg_manus,final,8,F9_Quality,5.483809947967529,7.294097900390625,1.330115005734784,53,train-standardized same-user class centroid session displacement / target within-user class separation
