run_id,dataset,phase,subject,scenario,condition,family,D_nuisance,D_gesture,J,feature_dimension,definition
feature_bank_emg_fmg_audited_validation_20260915,emg_fmg,validation,1,load_shift,250,F0,3.063643455505371,4.836745738983154,1.5787560821707034,48,source-standardized EMG-window class centroids; external load is not voluntary force
feature_bank_emg_fmg_audited_validation_20260915,emg_fmg,validation,1,load_shift,500,F0,6.526406288146973,8.635115623474121,1.3231042080778188,48,source-standardized EMG-window class centroids; external load is not voluntary force
feature_bank_emg_fmg_audited_validation_20260915,emg_fmg,validation,1,load_shift,750,F0,9.982203483581543,11.998391151428223,1.2019782176512077,48,source-standardized EMG-window class centroids; external load is not voluntary force
feature_bank_emg_fmg_audited_validation_20260915,emg_fmg,validation,1,load_shift,1000,F0,15.333911895751953,16.55384635925293,1.0795579413651035,48,source-standardized EMG-window class centroids; external load is not voluntary force
feature_bank_emg_fmg_audited_validation_20260915,emg_fmg,validation,1,load_shift,250,F1_X1H,0.6893680691719055,2.286595582962036,3.316944438267155,8,source-standardized EMG-window class centroids; external load is not voluntary force
feature_bank_emg_fmg_audited_validation_20260915,emg_fmg,validation,1,load_shift,500,F1_X1H,1.3190011978149414,2.2724030017852783,1.7228210296912696,8,source-standardized EMG-window class centroids; external load is not voluntary force
feature_bank_emg_fmg_audited_validation_20260915,emg_fmg,validation,1,load_shift,750,F1_X1H,1.4889960289001465,2.4886817932128906,1.6713824247399067,8,source-standardized EMG-window class centroids; external load is not voluntary force
feature_bank_emg_fmg_audited_validation_20260915,emg_fmg,validation,1,load_shift,1000,F1_X1H,1.9633612632751465,2.3424198627471924,1.1930661496491648,8,source-standardized EMG-window class centroids; external load is not voluntary force
feature_bank_emg_fmg_audited_validation_20260915,emg_fmg,validation,1,load_shift,250,F2a_Cov,1.5222854614257812,3.6085662841796875,2.3704925098591647,36,source-standardized EMG-window class centroids; external load is not voluntary force
feature_bank_emg_fmg_audited_validation_20260915,emg_fmg,validation,1,load_shift,500,F2a_Cov,1.8781787157058716,3.376387357711792,1.7976922693648214,36,source-standardized EMG-window class centroids; external load is not voluntary force
feature_bank_emg_fmg_audited_validation_20260915,emg_fmg,validation,1,load_shift,750,F2a_Cov,2.3724570274353027,4.4660797119140625,1.8824702240192506,36,source-standardized EMG-window class centroids; external load is not voluntary force
feature_bank_emg_fmg_audited_validation_20260915,emg_fmg,validation,1,load_shift,1000,F2a_Cov,2.5702567100524902,3.973129987716675,1.5458105691061454,36,source-standardized EMG-window class centroids; external load is not voluntary force
feature_bank_emg_fmg_audited_validation_20260915,emg_fmg,validation,1,load_shift,250,F2b_CSP,0.7994285821914673,1.9571083784103394,2.4481341072930936,8,source-standardized EMG-window class centroids; external load is not voluntary force
feature_bank_emg_fmg_audited_validation_20260915,emg_fmg,validation,1,load_shift,500,F2b_CSP,1.1910722255706787,1.2700070142745972,1.06627204212157,8,source-standardized EMG-window class centroids; external load is not voluntary force
feature_bank_emg_fmg_audited_validation_20260915,emg_fmg,validation,1,load_shift,750,F2b_CSP,1.1787041425704956,1.3678202629089355,1.1604440957718691,8,source-standardized EMG-window class centroids; external load is not voluntary force
feature_bank_emg_fmg_audited_validation_20260915,emg_fmg,validation,1,load_shift,1000,F2b_CSP,1.3294745683670044,1.288760781288147,0.9693760316680328,8,source-standardized EMG-window class centroids; external load is not voluntary force
feature_bank_emg_fmg_audited_validation_20260915,emg_fmg,validation,1,load_shift,250,F2c_SPD,1.444671869277954,3.1359052658081055,2.1706695703663543,36,source-standardized EMG-window class centroids; external load is not voluntary force
feature_bank_emg_fmg_audited_validation_20260915,emg_fmg,validation,1,load_shift,500,F2c_SPD,1.8573169708251953,2.9201278686523438,1.5722291426397592,36,source-standardized EMG-window class centroids; external load is not voluntary force
feature_bank_emg_fmg_audited_validation_20260915,emg_fmg,validation,1,load_shift,750,F2c_SPD,1.8848850727081299,3.230172872543335,1.7137240457322067,36,source-standardized EMG-window class centroids; external load is not voluntary force
feature_bank_emg_fmg_audited_validation_20260915,emg_fmg,validation,1,load_shift,1000,F2c_SPD,2.0913562774658203,2.926074981689453,1.3991279311020577,36,source-standardized EMG-window class centroids; external load is not voluntary force
feature_bank_emg_fmg_audited_validation_20260915,emg_fmg,validation,1,load_shift,250,F3_Ring,1.5209990739822388,2.9478046894073486,1.9380713241905845,40,source-standardized EMG-window class centroids; external load is not voluntary force
feature_bank_emg_fmg_audited_validation_20260915,emg_fmg,validation,1,load_shift,500,F3_Ring,2.2748498916625977,2.4628612995147705,1.0826478303206548,40,source-standardized EMG-window class centroids; external load is not voluntary force
feature_bank_emg_fmg_audited_validation_20260915,emg_fmg,validation,1,load_shift,750,F3_Ring,2.830199956893921,2.690300941467285,0.9505692115192023,40,source-standardized EMG-window class centroids; external load is not voluntary force
feature_bank_emg_fmg_audited_validation_20260915,emg_fmg,validation,1,load_shift,1000,F3_Ring,3.893115997314453,3.4386355876922607,0.8832605013730428,40,source-standardized EMG-window class centroids; external load is not voluntary force
feature_bank_emg_fmg_audited_validation_20260915,emg_fmg,validation,1,load_shift,250,F4_Spectral,3.329017400741577,6.376487731933594,1.915426374915085,72,source-standardized EMG-window class centroids; external load is not voluntary force
feature_bank_emg_fmg_audited_validation_20260915,emg_fmg,validation,1,load_shift,500,F4_Spectral,5.410643577575684,8.089875221252441,1.4951779959743219,72,source-standardized EMG-window class centroids; external load is not voluntary force
feature_bank_emg_fmg_audited_validation_20260915,emg_fmg,validation,1,load_shift,750,F4_Spectral,8.905821800231934,13.19327449798584,1.4814213436923662,72,source-standardized EMG-window class centroids; external load is not voluntary force
feature_bank_emg_fmg_audited_validation_20260915,emg_fmg,validation,1,load_shift,1000,F4_Spectral,12.534793853759766,15.632346153259277,1.2471163335940436,72,source-standardized EMG-window class centroids; external load is not voluntary force
feature_bank_emg_fmg_audited_validation_20260915,emg_fmg,validation,1,load_shift,250,F5_Temporal,3.8392815589904785,5.955383777618408,1.5511714069709432,57,source-standardized EMG-window class centroids; external load is not voluntary force
feature_bank_emg_fmg_audited_validation_20260915,emg_fmg,validation,1,load_shift,500,F5_Temporal,4.767770767211914,6.0222625732421875,1.2631191530130148,57,source-standardized EMG-window class centroids; external load is not voluntary force
feature_bank_emg_fmg_audited_validation_20260915,emg_fmg,validation,1,load_shift,750,F5_Temporal,7.085524082183838,8.268906593322754,1.1670141117879056,57,source-standardized EMG-window class centroids; external load is not voluntary force
feature_bank_emg_fmg_audited_validation_20260915,emg_fmg,validation,1,load_shift,1000,F5_Temporal,11.34862232208252,11.952033042907715,1.0531703940530301,57,source-standardized EMG-window class centroids; external load is not voluntary force
feature_bank_emg_fmg_audited_validation_20260915,emg_fmg,validation,1,load_shift,250,F9_Quality,2.6653947830200195,3.5092926025390625,1.3166126927589878,53,source-standardized EMG-window class centroids; external load is not voluntary force
feature_bank_emg_fmg_audited_validation_20260915,emg_fmg,validation,1,load_shift,500,F9_Quality,5.510272979736328,6.655859470367432,1.2079001339575581,53,source-standardized EMG-window class centroids; external load is not voluntary force
feature_bank_emg_fmg_audited_validation_20260915,emg_fmg,validation,1,load_shift,750,F9_Quality,9.014796257019043,10.524096488952637,1.1674247746594677,53,source-standardized EMG-window class centroids; external load is not voluntary force
feature_bank_emg_fmg_audited_validation_20260915,emg_fmg,validation,1,load_shift,1000,F9_Quality,14.489206314086914,15.578173637390137,1.075157141094983,53,source-standardized EMG-window class centroids; external load is not voluntary force
feature_bank_emg_fmg_audited_validation_20260915,emg_fmg,validation,1,position_shift,2,F0,4.452130317687988,6.738854885101318,1.5136248052593668,48,source-standardized EMG-window class centroids; external load is not voluntary force
feature_bank_emg_fmg_audited_validation_20260915,emg_fmg,validation,1,position_shift,3,F0,4.984177112579346,3.846165657043457,0.7716751572361898,48,source-standardized EMG-window class centroids; external load is not voluntary force
feature_bank_emg_fmg_audited_validation_20260915,emg_fmg,validation,1,position_shift,4,F0,6.3341569900512695,2.8146677017211914,0.4443634261262547,48,source-standardized EMG-window class centroids; external load is not voluntary force
feature_bank_emg_fmg_audited_validation_20260915,emg_fmg,validation,1,position_shift,5,F0,4.253838539123535,4.2147698402404785,0.9908156601326722,48,source-standardized EMG-window class centroids; external load is not voluntary force
feature_bank_emg_fmg_audited_validation_20260915,emg_fmg,validation,1,position_shift,6,F0,4.353400230407715,6.766445159912109,1.554289705009927,48,source-standardized EMG-window class centroids; external load is not voluntary force
feature_bank_emg_fmg_audited_validation_20260915,emg_fmg,validation,1,position_shift,7,F0,4.049459934234619,7.112339019775391,1.756367302129617,48,source-standardized EMG-window class centroids; external load is not voluntary force
feature_bank_emg_fmg_audited_validation_20260915,emg_fmg,validation,1,position_shift,8,F0,3.92387056350708,7.503437042236328,1.912253964750557,48,source-standardized EMG-window class centroids; external load is not voluntary force
feature_bank_emg_fmg_audited_validation_20260915,emg_fmg,validation,1,position_shift,2,F1_X1H,1.5421946048736572,2.445908546447754,1.585992156059025,8,source-standardized EMG-window class centroids; external load is not voluntary force
feature_bank_emg_fmg_audited_validation_20260915,emg_fmg,validation,1,position_shift,3,F1_X1H,2.9113621711730957,2.2539761066436768,0.7741998329718944,8,source-standardized EMG-window class centroids; external load is not voluntary force
feature_bank_emg_fmg_audited_validation_20260915,emg_fmg,validation,1,position_shift,4,F1_X1H,4.063642501831055,2.277477502822876,0.5604522301841505,8,source-standardized EMG-window class centroids; external load is not voluntary force
feature_bank_emg_fmg_audited_validation_20260915,emg_fmg,validation,1,position_shift,5,F1_X1H,2.534823417663574,1.9608265161514282,0.7735554683955104,8,source-standardized EMG-window class centroids; external load is not voluntary force
feature_bank_emg_fmg_audited_validation_20260915,emg_fmg,validation,1,position_shift,6,F1_X1H,2.1466004848480225,3.834907293319702,1.7865025748326073,8,source-standardized EMG-window class centroids; external load is not voluntary force
feature_bank_emg_fmg_audited_validation_20260915,emg_fmg,validation,1,position_shift,7,F1_X1H,1.8812006711959839,3.6315853595733643,1.930461441555107,8,source-standardized EMG-window class centroids; external load is not voluntary force
feature_bank_emg_fmg_audited_validation_20260915,emg_fmg,validation,1,position_shift,8,F1_X1H,1.744945764541626,3.8436214923858643,2.2027168812283,8,source-standardized EMG-window class centroids; external load is not voluntary force
feature_bank_emg_fmg_audited_validation_20260915,emg_fmg,validation,1,position_shift,2,F2a_Cov,1.7702174186706543,3.1370849609375,1.7721467023477395,36,source-standardized EMG-window class centroids; external load is not voluntary force
feature_bank_emg_fmg_audited_validation_20260915,emg_fmg,validation,1,position_shift,3,F2a_Cov,2.51460337638855,2.8403193950653076,1.1295297786259313,36,source-standardized EMG-window class centroids; external load is not voluntary force
feature_bank_emg_fmg_audited_validation_20260915,emg_fmg,validation,1,position_shift,4,F2a_Cov,3.8027896881103516,2.9406535625457764,0.7732885075761964,36,source-standardized EMG-window class centroids; external load is not voluntary force
feature_bank_emg_fmg_audited_validation_20260915,emg_fmg,validation,1,position_shift,5,F2a_Cov,3.2208266258239746,3.702831268310547,1.1496524645632276,36,source-standardized EMG-window class centroids; external load is not voluntary force
feature_bank_emg_fmg_audited_validation_20260915,emg_fmg,validation,1,position_shift,6,F2a_Cov,2.508629083633423,3.8177719116210938,1.5218558759950378,36,source-standardized EMG-window class centroids; external load is not voluntary force
feature_bank_emg_fmg_audited_validation_20260915,emg_fmg,validation,1,position_shift,7,F2a_Cov,2.1753666400909424,3.553339958190918,1.6334441710666001,36,source-standardized EMG-window class centroids; external load is not voluntary force
feature_bank_emg_fmg_audited_validation_20260915,emg_fmg,validation,1,position_shift,8,F2a_Cov,2.0232601165771484,3.6203880310058594,1.7893833824633798,36,source-standardized EMG-window class centroids; external load is not voluntary force
feature_bank_emg_fmg_audited_validation_20260915,emg_fmg,validation,1,position_shift,2,F2b_CSP,1.0916388034820557,2.476365804672241,2.2684845910304605,8,source-standardized EMG-window class centroids; external load is not voluntary force
feature_bank_emg_fmg_audited_validation_20260915,emg_fmg,validation,1,position_shift,3,F2b_CSP,2.7845234870910645,2.316300630569458,0.8318481209826025,8,source-standardized EMG-window class centroids; external load is not voluntary force
feature_bank_emg_fmg_audited_validation_20260915,emg_fmg,validation,1,position_shift,4,F2b_CSP,4.549760341644287,1.237929344177246,0.2720867147322281,8,source-standardized EMG-window class centroids; external load is not voluntary force
feature_bank_emg_fmg_audited_validation_20260915,emg_fmg,validation,1,position_shift,5,F2b_CSP,3.7782230377197266,2.477804183959961,0.6558120468861298,8,source-standardized EMG-window class centroids; external load is not voluntary force
feature_bank_emg_fmg_audited_validation_20260915,emg_fmg,validation,1,position_shift,6,F2b_CSP,4.0203962326049805,3.366652250289917,0.8373931462242185,8,source-standardized EMG-window class centroids; external load is not voluntary force
feature_bank_emg_fmg_audited_validation_20260915,emg_fmg,validation,1,position_shift,7,F2b_CSP,2.9887337684631348,3.5485565662384033,1.1873110290656477,8,source-standardized EMG-window class centroids; external load is not voluntary force
feature_bank_emg_fmg_audited_validation_20260915,emg_fmg,validation,1,position_shift,8,F2b_CSP,1.9974055290222168,3.4834702014923096,1.7439974761638999,8,source-standardized EMG-window class centroids; external load is not voluntary force
feature_bank_emg_fmg_audited_validation_20260915,emg_fmg,validation,1,position_shift,2,F2c_SPD,2.0926077365875244,3.728348970413208,1.7816759946091723,36,source-standardized EMG-window class centroids; external load is not voluntary force
feature_bank_emg_fmg_audited_validation_20260915,emg_fmg,validation,1,position_shift,3,F2c_SPD,2.9690003395080566,3.1404359340667725,1.0577418575122373,36,source-standardized EMG-window class centroids; external load is not voluntary force
feature_bank_emg_fmg_audited_validation_20260915,emg_fmg,validation,1,position_shift,4,F2c_SPD,4.199575901031494,2.75826358795166,0.6567957462736945,36,source-standardized EMG-window class centroids; external load is not voluntary force
feature_bank_emg_fmg_audited_validation_20260915,emg_fmg,validation,1,position_shift,5,F2c_SPD,3.996961832046509,3.668354034423828,0.9177856053092841,36,source-standardized EMG-window class centroids; external load is not voluntary force
feature_bank_emg_fmg_audited_validation_20260915,emg_fmg,validation,1,position_shift,6,F2c_SPD,3.420485496520996,4.49562406539917,1.3143233818621338,36,source-standardized EMG-window class centroids; external load is not voluntary force
feature_bank_emg_fmg_audited_validation_20260915,emg_fmg,validation,1,position_shift,7,F2c_SPD,3.073932647705078,4.262959003448486,1.3868095017077615,36,source-standardized EMG-window class centroids; external load is not voluntary force
feature_bank_emg_fmg_audited_validation_20260915,emg_fmg,validation,1,position_shift,8,F2c_SPD,2.7222986221313477,3.948284149169922,1.4503493911616767,36,source-standardized EMG-window class centroids; external load is not voluntary force
feature_bank_emg_fmg_audited_validation_20260915,emg_fmg,validation,1,position_shift,2,F3_Ring,2.6530022621154785,3.0979995727539062,1.1677334833037132,40,source-standardized EMG-window class centroids; external load is not voluntary force
feature_bank_emg_fmg_audited_validation_20260915,emg_fmg,validation,1,position_shift,3,F3_Ring,4.057220458984375,2.4202845096588135,0.5965375887570269,40,source-standardized EMG-window class centroids; external load is not voluntary force
feature_bank_emg_fmg_audited_validation_20260915,emg_fmg,validation,1,position_shift,4,F3_Ring,4.345269680023193,2.8096282482147217,0.646594677686168,40,source-standardized EMG-window class centroids; external load is not voluntary force
feature_bank_emg_fmg_audited_validation_20260915,emg_fmg,validation,1,position_shift,5,F3_Ring,3.571157932281494,2.558337450027466,0.7163887732045254,40,source-standardized EMG-window class centroids; external load is not voluntary force
feature_bank_emg_fmg_audited_validation_20260915,emg_fmg,validation,1,position_shift,6,F3_Ring,2.8004794120788574,4.031727313995361,1.4396561162365702,40,source-standardized EMG-window class centroids; external load is not voluntary force
feature_bank_emg_fmg_audited_validation_20260915,emg_fmg,validation,1,position_shift,7,F3_Ring,2.492227077484131,4.698770999908447,1.885370334973612,40,source-standardized EMG-window class centroids; external load is not voluntary force
feature_bank_emg_fmg_audited_validation_20260915,emg_fmg,validation,1,position_shift,8,F3_Ring,1.883594036102295,4.553584575653076,2.417497872882074,40,source-standardized EMG-window class centroids; external load is not voluntary force
feature_bank_emg_fmg_audited_validation_20260915,emg_fmg,validation,1,position_shift,2,F4_Spectral,4.666296482086182,7.257021427154541,1.5551993867111842,72,source-standardized EMG-window class centroids; external load is not voluntary force
feature_bank_emg_fmg_audited_validation_20260915,emg_fmg,validation,1,position_shift,3,F4_Spectral,5.230301856994629,5.596890926361084,1.0700894669922607,72,source-standardized EMG-window class centroids; external load is not voluntary force
feature_bank_emg_fmg_audited_validation_20260915,emg_fmg,validation,1,position_shift,4,F4_Spectral,7.8340606689453125,4.025008678436279,0.5137831896542673,72,source-standardized EMG-window class centroids; external load is not voluntary force
feature_bank_emg_fmg_audited_validation_20260915,emg_fmg,validation,1,position_shift,5,F4_Spectral,5.99148416519165,4.4120917320251465,0.736393789982299,72,source-standardized EMG-window class centroids; external load is not voluntary force
feature_bank_emg_fmg_audited_validation_20260915,emg_fmg,validation,1,position_shift,6,F4_Spectral,5.826929092407227,6.703453540802002,1.1504264827138155,72,source-standardized EMG-window class centroids; external load is not voluntary force
feature_bank_emg_fmg_audited_validation_20260915,emg_fmg,validation,1,position_shift,7,F4_Spectral,5.062625885009766,6.746891498565674,1.3326861695511847,72,source-standardized EMG-window class centroids; external load is not voluntary force
feature_bank_emg_fmg_audited_validation_20260915,emg_fmg,validation,1,position_shift,8,F4_Spectral,4.5377197265625,6.880543231964111,1.5162997378806546,72,source-standardized EMG-window class centroids; external load is not voluntary force
feature_bank_emg_fmg_audited_validation_20260915,emg_fmg,validation,1,position_shift,2,F5_Temporal,3.1183922290802,4.52639627456665,1.451516019170014,57,source-standardized EMG-window class centroids; external load is not voluntary force
feature_bank_emg_fmg_audited_validation_20260915,emg_fmg,validation,1,position_shift,3,F5_Temporal,3.6013073921203613,2.9529526233673096,0.8199668347743744,57,source-standardized EMG-window class centroids; external load is not voluntary force
feature_bank_emg_fmg_audited_validation_20260915,emg_fmg,validation,1,position_shift,4,F5_Temporal,4.233381271362305,2.7466065883636475,0.6487973589676554,57,source-standardized EMG-window class centroids; external load is not voluntary force
feature_bank_emg_fmg_audited_validation_20260915,emg_fmg,validation,1,position_shift,5,F5_Temporal,3.0739870071411133,2.719424247741699,0.884657040326904,57,source-standardized EMG-window class centroids; external load is not voluntary force
feature_bank_emg_fmg_audited_validation_20260915,emg_fmg,validation,1,position_shift,6,F5_Temporal,3.1103098392486572,4.839540481567383,1.5559673253436679,57,source-standardized EMG-window class centroids; external load is not voluntary force
feature_bank_emg_fmg_audited_validation_20260915,emg_fmg,validation,1,position_shift,7,F5_Temporal,3.1369500160217285,5.288000583648682,1.6857140077587924,57,source-standardized EMG-window class centroids; external load is not voluntary force
feature_bank_emg_fmg_audited_validation_20260915,emg_fmg,validation,1,position_shift,8,F5_Temporal,2.9816737174987793,5.494384288787842,1.842718154082615,57,source-standardized EMG-window class centroids; external load is not voluntary force
feature_bank_emg_fmg_audited_validation_20260915,emg_fmg,validation,1,position_shift,2,F9_Quality,2.4855093955993652,3.9541404247283936,1.5908772792119283,53,source-standardized EMG-window class centroids; external load is not voluntary force
feature_bank_emg_fmg_audited_validation_20260915,emg_fmg,validation,1,position_shift,3,F9_Quality,3.6655659675598145,3.369805097579956,0.9193137232835923,53,source-standardized EMG-window class centroids; external load is not voluntary force
feature_bank_emg_fmg_audited_validation_20260915,emg_fmg,validation,1,position_shift,4,F9_Quality,4.721219062805176,2.862476110458374,0.6063002102590404,53,source-standardized EMG-window class centroids; external load is not voluntary force
feature_bank_emg_fmg_audited_validation_20260915,emg_fmg,validation,1,position_shift,5,F9_Quality,3.5833542346954346,2.631394386291504,0.7343383360798053,53,source-standardized EMG-window class centroids; external load is not voluntary force
feature_bank_emg_fmg_audited_validation_20260915,emg_fmg,validation,1,position_shift,6,F9_Quality,3.519744396209717,4.951740264892578,1.406846551193751,53,source-standardized EMG-window class centroids; external load is not voluntary force
feature_bank_emg_fmg_audited_validation_20260915,emg_fmg,validation,1,position_shift,7,F9_Quality,3.665750026702881,5.941896915435791,1.6209225594082706,53,source-standardized EMG-window class centroids; external load is not voluntary force
feature_bank_emg_fmg_audited_validation_20260915,emg_fmg,validation,1,position_shift,8,F9_Quality,3.4079089164733887,6.012169361114502,1.764181352397857,53,source-standardized EMG-window class centroids; external load is not voluntary force
feature_bank_emg_fmg_audited_validation_20260915,emg_fmg,validation,2,load_shift,250,F0,5.598276138305664,8.212261199951172,1.466926781935264,48,source-standardized EMG-window class centroids; external load is not voluntary force
feature_bank_emg_fmg_audited_validation_20260915,emg_fmg,validation,2,load_shift,500,F0,8.437542915344238,10.71535873413086,1.269961983202834,48,source-standardized EMG-window class centroids; external load is not voluntary force
feature_bank_emg_fmg_audited_validation_20260915,emg_fmg,validation,2,load_shift,750,F0,4.961495399475098,5.919240474700928,1.1930355665201184,48,source-standardized EMG-window class centroids; external load is not voluntary force
feature_bank_emg_fmg_audited_validation_20260915,emg_fmg,validation,2,load_shift,1000,F0,4.8230061531066895,5.74794340133667,1.1917760871262832,48,source-standardized EMG-window class centroids; external load is not voluntary force
feature_bank_emg_fmg_audited_validation_20260915,emg_fmg,validation,2,load_shift,250,F1_X1H,1.5446953773498535,2.92912220954895,1.8962458569484315,8,source-standardized EMG-window class centroids; external load is not voluntary force
feature_bank_emg_fmg_audited_validation_20260915,emg_fmg,validation,2,load_shift,500,F1_X1H,1.822159767150879,2.7258265018463135,1.49593166910216,8,source-standardized EMG-window class centroids; external load is not voluntary force
feature_bank_emg_fmg_audited_validation_20260915,emg_fmg,validation,2,load_shift,750,F1_X1H,1.8777819871902466,2.0488855838775635,1.0911200543265678,8,source-standardized EMG-window class centroids; external load is not voluntary force
feature_bank_emg_fmg_audited_validation_20260915,emg_fmg,validation,2,load_shift,1000,F1_X1H,1.8585491180419922,2.3043501377105713,1.2398650728892207,8,source-standardized EMG-window class centroids; external load is not voluntary force
feature_bank_emg_fmg_audited_validation_20260915,emg_fmg,validation,2,load_shift,250,F2a_Cov,2.6488261222839355,4.9151506423950195,1.8555958056450692,36,source-standardized EMG-window class centroids; external load is not voluntary force
feature_bank_emg_fmg_audited_validation_20260915,emg_fmg,validation,2,load_shift,500,F2a_Cov,2.2184882164001465,4.406243324279785,1.9861468236363393,36,source-standardized EMG-window class centroids; external load is not voluntary force
feature_bank_emg_fmg_audited_validation_20260915,emg_fmg,validation,2,load_shift,750,F2a_Cov,2.3471453189849854,3.623887777328491,1.5439554372773496,36,source-standardized EMG-window class centroids; external load is not voluntary force
feature_bank_emg_fmg_audited_validation_20260915,emg_fmg,validation,2,load_shift,1000,F2a_Cov,2.4438371658325195,4.221960067749023,1.7275946723353146,36,source-standardized EMG-window class centroids; external load is not voluntary force
feature_bank_emg_fmg_audited_validation_20260915,emg_fmg,validation,2,load_shift,250,F2b_CSP,1.1714445352554321,2.8522446155548096,2.434809783743151,8,source-standardized EMG-window class centroids; external load is not voluntary force
feature_bank_emg_fmg_audited_validation_20260915,emg_fmg,validation,2,load_shift,500,F2b_CSP,1.1047146320343018,2.435319662094116,2.204478506460385,8,source-standardized EMG-window class centroids; external load is not voluntary force
feature_bank_emg_fmg_audited_validation_20260915,emg_fmg,validation,2,load_shift,750,F2b_CSP,0.9644636511802673,2.0089433193206787,2.0829642639825163,8,source-standardized EMG-window class centroids; external load is not voluntary force
feature_bank_emg_fmg_audited_validation_20260915,emg_fmg,validation,2,load_shift,1000,F2b_CSP,1.0148565769195557,1.93195378780365,1.903671742135131,8,source-standardized EMG-window class centroids; external load is not voluntary force
feature_bank_emg_fmg_audited_validation_20260915,emg_fmg,validation,2,load_shift,250,F2c_SPD,2.4848034381866455,4.290834903717041,1.7268307173812791,36,source-standardized EMG-window class centroids; external load is not voluntary force
feature_bank_emg_fmg_audited_validation_20260915,emg_fmg,validation,2,load_shift,500,F2c_SPD,2.4329166412353516,4.129575252532959,1.6973763845991883,36,source-standardized EMG-window class centroids; external load is not voluntary force
feature_bank_emg_fmg_audited_validation_20260915,emg_fmg,validation,2,load_shift,750,F2c_SPD,2.3940086364746094,3.6053850650787354,1.506003366130909,36,source-standardized EMG-window class centroids; external load is not voluntary force
feature_bank_emg_fmg_audited_validation_20260915,emg_fmg,validation,2,load_shift,1000,F2c_SPD,2.396148920059204,3.7004165649414062,1.5443182741949244,36,source-standardized EMG-window class centroids; external load is not voluntary force
feature_bank_emg_fmg_audited_validation_20260915,emg_fmg,validation,2,load_shift,250,F3_Ring,2.909006118774414,2.1678097248077393,0.7452063131858617,40,source-standardized EMG-window class centroids; external load is not voluntary force
feature_bank_emg_fmg_audited_validation_20260915,emg_fmg,validation,2,load_shift,500,F3_Ring,3.5436198711395264,1.7923914194107056,0.5058080394028883,40,source-standardized EMG-window class centroids; external load is not voluntary force
feature_bank_emg_fmg_audited_validation_20260915,emg_fmg,validation,2,load_shift,750,F3_Ring,4.252584934234619,2.790961980819702,0.656297763355869,40,source-standardized EMG-window class centroids; external load is not voluntary force
feature_bank_emg_fmg_audited_validation_20260915,emg_fmg,validation,2,load_shift,1000,F3_Ring,3.2174906730651855,2.4887943267822266,0.7735202925733643,40,source-standardized EMG-window class centroids; external load is not voluntary force
feature_bank_emg_fmg_audited_validation_20260915,emg_fmg,validation,2,load_shift,250,F4_Spectral,16.648818969726562,22.08943748474121,1.3267870546797518,72,source-standardized EMG-window class centroids; external load is not voluntary force
feature_bank_emg_fmg_audited_validation_20260915,emg_fmg,validation,2,load_shift,500,F4_Spectral,12.79859447479248,15.280623435974121,1.1939298073760314,72,source-standardized EMG-window class centroids; external load is not voluntary force
feature_bank_emg_fmg_audited_validation_20260915,emg_fmg,validation,2,load_shift,750,F4_Spectral,5.7381591796875,6.328937530517578,1.1029560756906622,72,source-standardized EMG-window class centroids; external load is not voluntary force
feature_bank_emg_fmg_audited_validation_20260915,emg_fmg,validation,2,load_shift,1000,F4_Spectral,5.80972146987915,6.77269983291626,1.1657529311910326,72,source-standardized EMG-window class centroids; external load is not voluntary force
feature_bank_emg_fmg_audited_validation_20260915,emg_fmg,validation,2,load_shift,250,F5_Temporal,5.199440956115723,6.456986904144287,1.241861761416516,57,source-standardized EMG-window class centroids; external load is not voluntary force
feature_bank_emg_fmg_audited_validation_20260915,emg_fmg,validation,2,load_shift,500,F5_Temporal,7.789959907531738,11.085990905761719,1.4231127037049038,57,source-standardized EMG-window class centroids; external load is not voluntary force
feature_bank_emg_fmg_audited_validation_20260915,emg_fmg,validation,2,load_shift,750,F5_Temporal,4.581104278564453,4.764190196990967,1.0399654553340238,57,source-standardized EMG-window class centroids; external load is not voluntary force
feature_bank_emg_fmg_audited_validation_20260915,emg_fmg,validation,2,load_shift,1000,F5_Temporal,4.350387096405029,4.49998140335083,1.0343864358802426,57,source-standardized EMG-window class centroids; external load is not voluntary force
feature_bank_emg_fmg_audited_validation_20260915,emg_fmg,validation,2,load_shift,250,F9_Quality,8.56136417388916,9.37983226776123,1.0956001960957549,53,source-standardized EMG-window class centroids; external load is not voluntary force
feature_bank_emg_fmg_audited_validation_20260915,emg_fmg,validation,2,load_shift,500,F9_Quality,20.78360366821289,33.86112976074219,1.6292232233300743,53,source-standardized EMG-window class centroids; external load is not voluntary force
feature_bank_emg_fmg_audited_validation_20260915,emg_fmg,validation,2,load_shift,750,F9_Quality,4.324359893798828,4.294440746307373,0.9930812540521078,53,source-standardized EMG-window class centroids; external load is not voluntary force
feature_bank_emg_fmg_audited_validation_20260915,emg_fmg,validation,2,load_shift,1000,F9_Quality,4.415131092071533,4.493646144866943,1.0177831758915121,53,source-standardized EMG-window class centroids; external load is not voluntary force
feature_bank_emg_fmg_audited_validation_20260915,emg_fmg,validation,2,position_shift,2,F0,3.5609211921691895,5.75950813293457,1.6174208363832001,48,source-standardized EMG-window class centroids; external load is not voluntary force
feature_bank_emg_fmg_audited_validation_20260915,emg_fmg,validation,2,position_shift,3,F0,6.342329978942871,7.096884250640869,1.1189711469132118,48,source-standardized EMG-window class centroids; external load is not voluntary force
feature_bank_emg_fmg_audited_validation_20260915,emg_fmg,validation,2,position_shift,4,F0,7.966024398803711,6.400533199310303,0.803478985109648,48,source-standardized EMG-window class centroids; external load is not voluntary force
feature_bank_emg_fmg_audited_validation_20260915,emg_fmg,validation,2,position_shift,5,F0,8.171526908874512,5.284907817840576,0.6467466700868804,48,source-standardized EMG-window class centroids; external load is not voluntary force
feature_bank_emg_fmg_audited_validation_20260915,emg_fmg,validation,2,position_shift,6,F0,6.175114631652832,6.761712551116943,1.0949938510381965,48,source-standardized EMG-window class centroids; external load is not voluntary force
feature_bank_emg_fmg_audited_validation_20260915,emg_fmg,validation,2,position_shift,7,F0,4.056388854980469,6.142908096313477,1.5143785065797248,48,source-standardized EMG-window class centroids; external load is not voluntary force
feature_bank_emg_fmg_audited_validation_20260915,emg_fmg,validation,2,position_shift,8,F0,4.016800880432129,7.175188064575195,1.7862941873786633,48,source-standardized EMG-window class centroids; external load is not voluntary force
feature_bank_emg_fmg_audited_validation_20260915,emg_fmg,validation,2,position_shift,2,F1_X1H,1.2290104627609253,1.973836064338684,1.6060368273048955,8,source-standardized EMG-window class centroids; external load is not voluntary force
feature_bank_emg_fmg_audited_validation_20260915,emg_fmg,validation,2,position_shift,3,F1_X1H,1.4985064268112183,1.7239123582839966,1.1504203968956515,8,source-standardized EMG-window class centroids; external load is not voluntary force
feature_bank_emg_fmg_audited_validation_20260915,emg_fmg,validation,2,position_shift,4,F1_X1H,2.705915689468384,2.3439414501190186,0.8662285596114243,8,source-standardized EMG-window class centroids; external load is not voluntary force
feature_bank_emg_fmg_audited_validation_20260915,emg_fmg,validation,2,position_shift,5,F1_X1H,3.0737051963806152,1.8683671951293945,0.6078550400112698,8,source-standardized EMG-window class centroids; external load is not voluntary force
feature_bank_emg_fmg_audited_validation_20260915,emg_fmg,validation,2,position_shift,6,F1_X1H,1.8159892559051514,2.2847914695739746,1.2581525260367787,8,source-standardized EMG-window class centroids; external load is not voluntary force
feature_bank_emg_fmg_audited_validation_20260915,emg_fmg,validation,2,position_shift,7,F1_X1H,1.303445816040039,2.445439577102661,1.8761344330600591,8,source-standardized EMG-window class centroids; external load is not voluntary force
feature_bank_emg_fmg_audited_validation_20260915,emg_fmg,validation,2,position_shift,8,F1_X1H,1.437039852142334,2.919846773147583,2.0318481556323253,8,source-standardized EMG-window class centroids; external load is not voluntary force
feature_bank_emg_fmg_audited_validation_20260915,emg_fmg,validation,2,position_shift,2,F2a_Cov,3.11490535736084,5.427627086639404,1.7424693414236885,36,source-standardized EMG-window class centroids; external load is not voluntary force
feature_bank_emg_fmg_audited_validation_20260915,emg_fmg,validation,2,position_shift,3,F2a_Cov,3.339165687561035,5.287572860717773,1.5835011962459082,36,source-standardized EMG-window class centroids; external load is not voluntary force
feature_bank_emg_fmg_audited_validation_20260915,emg_fmg,validation,2,position_shift,4,F2a_Cov,3.8261899948120117,2.6206300258636475,0.684918947939416,36,source-standardized EMG-window class centroids; external load is not voluntary force
feature_bank_emg_fmg_audited_validation_20260915,emg_fmg,validation,2,position_shift,5,F2a_Cov,3.6273021697998047,2.5474555492401123,0.702300340580671,36,source-standardized EMG-window class centroids; external load is not voluntary force
feature_bank_emg_fmg_audited_validation_20260915,emg_fmg,validation,2,position_shift,6,F2a_Cov,3.0105631351470947,3.230224370956421,1.0729635041510335,36,source-standardized EMG-window class centroids; external load is not voluntary force
feature_bank_emg_fmg_audited_validation_20260915,emg_fmg,validation,2,position_shift,7,F2a_Cov,2.513273000717163,3.731597900390625,1.4847562916262291,36,source-standardized EMG-window class centroids; external load is not voluntary force
feature_bank_emg_fmg_audited_validation_20260915,emg_fmg,validation,2,position_shift,8,F2a_Cov,2.20773983001709,4.100526332855225,1.857341285010755,36,source-standardized EMG-window class centroids; external load is not voluntary force
feature_bank_emg_fmg_audited_validation_20260915,emg_fmg,validation,2,position_shift,2,F2b_CSP,1.283820629119873,2.921618700027466,2.2757218833818817,8,source-standardized EMG-window class centroids; external load is not voluntary force
feature_bank_emg_fmg_audited_validation_20260915,emg_fmg,validation,2,position_shift,3,F2b_CSP,2.6173629760742188,2.4300377368927,0.9284297818472942,8,source-standardized EMG-window class centroids; external load is not voluntary force
feature_bank_emg_fmg_audited_validation_20260915,emg_fmg,validation,2,position_shift,4,F2b_CSP,3.579228639602661,1.5970687866210938,0.44620474058285975,8,source-standardized EMG-window class centroids; external load is not voluntary force
feature_bank_emg_fmg_audited_validation_20260915,emg_fmg,validation,2,position_shift,5,F2b_CSP,3.6014182567596436,1.7830580472946167,0.49509885277763277,8,source-standardized EMG-window class centroids; external load is not voluntary force
feature_bank_emg_fmg_audited_validation_20260915,emg_fmg,validation,2,position_shift,6,F2b_CSP,3.159318208694458,2.3204469680786133,0.7344771291767946,8,source-standardized EMG-window class centroids; external load is not voluntary force
feature_bank_emg_fmg_audited_validation_20260915,emg_fmg,validation,2,position_shift,7,F2b_CSP,1.9502594470977783,2.946754217147827,1.5109549765450143,8,source-standardized EMG-window class centroids; external load is not voluntary force
feature_bank_emg_fmg_audited_validation_20260915,emg_fmg,validation,2,position_shift,8,F2b_CSP,1.2840526103973389,3.067019462585449,2.3885465733635307,8,source-standardized EMG-window class centroids; external load is not voluntary force
feature_bank_emg_fmg_audited_validation_20260915,emg_fmg,validation,2,position_shift,2,F2c_SPD,2.6554646492004395,4.560577869415283,1.7174312114404369,36,source-standardized EMG-window class centroids; external load is not voluntary force
feature_bank_emg_fmg_audited_validation_20260915,emg_fmg,validation,2,position_shift,3,F2c_SPD,3.7246646881103516,4.4080963134765625,1.1834880942562793,36,source-standardized EMG-window class centroids; external load is not voluntary force
feature_bank_emg_fmg_audited_validation_20260915,emg_fmg,validation,2,position_shift,4,F2c_SPD,4.7034101486206055,3.3328769207000732,0.7086086085171236,36,source-standardized EMG-window class centroids; external load is not voluntary force
feature_bank_emg_fmg_audited_validation_20260915,emg_fmg,validation,2,position_shift,5,F2c_SPD,4.535641193389893,2.9328906536102295,0.6466319817987123,36,source-standardized EMG-window class centroids; external load is not voluntary force
feature_bank_emg_fmg_audited_validation_20260915,emg_fmg,validation,2,position_shift,6,F2c_SPD,3.781048059463501,3.5990025997161865,0.9518531748644059,36,source-standardized EMG-window class centroids; external load is not voluntary force
feature_bank_emg_fmg_audited_validation_20260915,emg_fmg,validation,2,position_shift,7,F2c_SPD,2.8169655799865723,4.07298469543457,1.4458766285147648,36,source-standardized EMG-window class centroids; external load is not voluntary force
feature_bank_emg_fmg_audited_validation_20260915,emg_fmg,validation,2,position_shift,8,F2c_SPD,2.3631787300109863,4.28359842300415,1.81264259389404,36,source-standardized EMG-window class centroids; external load is not voluntary force
feature_bank_emg_fmg_audited_validation_20260915,emg_fmg,validation,2,position_shift,2,F3_Ring,2.6987953186035156,1.4548745155334473,0.5390829402674854,40,source-standardized EMG-window class centroids; external load is not voluntary force
feature_bank_emg_fmg_audited_validation_20260915,emg_fmg,validation,2,position_shift,3,F3_Ring,2.6047916412353516,2.4860222339630127,0.9544034903240991,40,source-standardized EMG-window class centroids; external load is not voluntary force
feature_bank_emg_fmg_audited_validation_20260915,emg_fmg,validation,2,position_shift,4,F3_Ring,2.6291351318359375,3.061861276626587,1.164588780374826,40,source-standardized EMG-window class centroids; external load is not voluntary force
feature_bank_emg_fmg_audited_validation_20260915,emg_fmg,validation,2,position_shift,5,F3_Ring,3.046600103378296,2.4067041873931885,0.7899639288804811,40,source-standardized EMG-window class centroids; external load is not voluntary force
feature_bank_emg_fmg_audited_validation_20260915,emg_fmg,validation,2,position_shift,6,F3_Ring,1.739029884338379,2.2781076431274414,1.3099876337046656,40,source-standardized EMG-window class centroids; external load is not voluntary force
feature_bank_emg_fmg_audited_validation_20260915,emg_fmg,validation,2,position_shift,7,F3_Ring,1.5528080463409424,2.178265333175659,1.4027911165885247,40,source-standardized EMG-window class centroids; external load is not voluntary force
feature_bank_emg_fmg_audited_validation_20260915,emg_fmg,validation,2,position_shift,8,F3_Ring,1.3893529176712036,4.250847339630127,3.059587874009884,40,source-standardized EMG-window class centroids; external load is not voluntary force
feature_bank_emg_fmg_audited_validation_20260915,emg_fmg,validation,2,position_shift,2,F4_Spectral,4.644523620605469,8.424686431884766,1.8138967782415312,72,source-standardized EMG-window class centroids; external load is not voluntary force
feature_bank_emg_fmg_audited_validation_20260915,emg_fmg,validation,2,position_shift,3,F4_Spectral,8.998544692993164,12.275898933410645,1.364209364095071,72,source-standardized EMG-window class centroids; external load is not voluntary force
feature_bank_emg_fmg_audited_validation_20260915,emg_fmg,validation,2,position_shift,4,F4_Spectral,8.803003311157227,6.843070983886719,0.777356402355637,72,source-standardized EMG-window class centroids; external load is not voluntary force
feature_bank_emg_fmg_audited_validation_20260915,emg_fmg,validation,2,position_shift,5,F4_Spectral,9.14500904083252,6.19755744934082,0.6776983403371185,72,source-standardized EMG-window class centroids; external load is not voluntary force
feature_bank_emg_fmg_audited_validation_20260915,emg_fmg,validation,2,position_shift,6,F4_Spectral,7.1299896240234375,7.175187587738037,1.0063391345705897,72,source-standardized EMG-window class centroids; external load is not voluntary force
feature_bank_emg_fmg_audited_validation_20260915,emg_fmg,validation,2,position_shift,7,F4_Spectral,9.424278259277344,14.401911735534668,1.5281713187273274,72,source-standardized EMG-window class centroids; external load is not voluntary force
feature_bank_emg_fmg_audited_validation_20260915,emg_fmg,validation,2,position_shift,8,F4_Spectral,3.9695215225219727,6.712390899658203,1.690982366910534,72,source-standardized EMG-window class centroids; external load is not voluntary force
feature_bank_emg_fmg_audited_validation_20260915,emg_fmg,validation,2,position_shift,2,F5_Temporal,2.866302490234375,4.215059757232666,1.470556499738635,57,source-standardized EMG-window class centroids; external load is not voluntary force
feature_bank_emg_fmg_audited_validation_20260915,emg_fmg,validation,2,position_shift,3,F5_Temporal,5.909735202789307,8.678672790527344,1.4685383511649848,57,source-standardized EMG-window class centroids; external load is not voluntary force
feature_bank_emg_fmg_audited_validation_20260915,emg_fmg,validation,2,position_shift,4,F5_Temporal,4.7629499435424805,4.982929229736328,1.0461855129279798,57,source-standardized EMG-window class centroids; external load is not voluntary force
feature_bank_emg_fmg_audited_validation_20260915,emg_fmg,validation,2,position_shift,5,F5_Temporal,5.280542373657227,5.06757116317749,0.9596686863941979,57,source-standardized EMG-window class centroids; external load is not voluntary force
feature_bank_emg_fmg_audited_validation_20260915,emg_fmg,validation,2,position_shift,6,F5_Temporal,3.6022591590881348,4.7171311378479,1.3094924405829456,57,source-standardized EMG-window class centroids; external load is not voluntary force
feature_bank_emg_fmg_audited_validation_20260915,emg_fmg,validation,2,position_shift,7,F5_Temporal,3.116342544555664,4.362379550933838,1.3998395518341316,57,source-standardized EMG-window class centroids; external load is not voluntary force
feature_bank_emg_fmg_audited_validation_20260915,emg_fmg,validation,2,position_shift,8,F5_Temporal,3.0954737663269043,5.545534610748291,1.7914978544065785,57,source-standardized EMG-window class centroids; external load is not voluntary force
feature_bank_emg_fmg_audited_validation_20260915,emg_fmg,validation,2,position_shift,2,F9_Quality,2.8702480792999268,4.72438383102417,1.6459844934988455,53,source-standardized EMG-window class centroids; external load is not voluntary force
feature_bank_emg_fmg_audited_validation_20260915,emg_fmg,validation,2,position_shift,3,F9_Quality,18.204166412353516,32.47075271606445,1.7836989610261813,53,source-standardized EMG-window class centroids; external load is not voluntary force
feature_bank_emg_fmg_audited_validation_20260915,emg_fmg,validation,2,position_shift,4,F9_Quality,5.64511775970459,5.336384296417236,0.9453096504926666,53,source-standardized EMG-window class centroids; external load is not voluntary force
feature_bank_emg_fmg_audited_validation_20260915,emg_fmg,validation,2,position_shift,5,F9_Quality,6.467123985290527,4.583784580230713,0.7087825423875932,53,source-standardized EMG-window class centroids; external load is not voluntary force
feature_bank_emg_fmg_audited_validation_20260915,emg_fmg,validation,2,position_shift,6,F9_Quality,4.702802658081055,5.775400161743164,1.2280762306319157,53,source-standardized EMG-window class centroids; external load is not voluntary force
feature_bank_emg_fmg_audited_validation_20260915,emg_fmg,validation,2,position_shift,7,F9_Quality,4.492405891418457,6.886428356170654,1.5329043106554119,53,source-standardized EMG-window class centroids; external load is not voluntary force
feature_bank_emg_fmg_audited_validation_20260915,emg_fmg,validation,2,position_shift,8,F9_Quality,3.1958377361297607,5.32877779006958,1.667411874459307,53,source-standardized EMG-window class centroids; external load is not voluntary force
feature_bank_emg_fmg_audited_validation_20260915,emg_fmg,validation,3,load_shift,250,F0,3.0237314701080322,5.621541500091553,1.8591404546544759,48,source-standardized EMG-window class centroids; external load is not voluntary force
feature_bank_emg_fmg_audited_validation_20260915,emg_fmg,validation,3,load_shift,500,F0,6.052334308624268,7.936904430389404,1.3113790523894904,48,source-standardized EMG-window class centroids; external load is not voluntary force
feature_bank_emg_fmg_audited_validation_20260915,emg_fmg,validation,3,load_shift,750,F0,7.015454292297363,8.294726371765137,1.1823505686397489,48,source-standardized EMG-window class centroids; external load is not voluntary force
feature_bank_emg_fmg_audited_validation_20260915,emg_fmg,validation,3,load_shift,1000,F0,10.481735229492188,9.980854988098145,0.9522139960198879,48,source-standardized EMG-window class centroids; external load is not voluntary force
feature_bank_emg_fmg_audited_validation_20260915,emg_fmg,validation,3,load_shift,250,F1_X1H,0.7220361232757568,2.171459436416626,3.007411078772723,8,source-standardized EMG-window class centroids; external load is not voluntary force
feature_bank_emg_fmg_audited_validation_20260915,emg_fmg,validation,3,load_shift,500,F1_X1H,0.8844870328903198,2.2609024047851562,2.5561736019966745,8,source-standardized EMG-window class centroids; external load is not voluntary force
feature_bank_emg_fmg_audited_validation_20260915,emg_fmg,validation,3,load_shift,750,F1_X1H,1.1743568181991577,2.403411388397217,2.046576773898015,8,source-standardized EMG-window class centroids; external load is not voluntary force
feature_bank_emg_fmg_audited_validation_20260915,emg_fmg,validation,3,load_shift,1000,F1_X1H,1.4004592895507812,2.4423086643218994,1.7439340668757055,8,source-standardized EMG-window class centroids; external load is not voluntary force
feature_bank_emg_fmg_audited_validation_20260915,emg_fmg,validation,3,load_shift,250,F2a_Cov,1.0698370933532715,2.1824352741241455,2.0399697184564176,36,source-standardized EMG-window class centroids; external load is not voluntary force
feature_bank_emg_fmg_audited_validation_20260915,emg_fmg,validation,3,load_shift,500,F2a_Cov,1.3446156978607178,2.6146323680877686,1.94452018687994,36,source-standardized EMG-window class centroids; external load is not voluntary force
feature_bank_emg_fmg_audited_validation_20260915,emg_fmg,validation,3,load_shift,750,F2a_Cov,1.3560272455215454,2.744354009628296,2.0238192253805036,36,source-standardized EMG-window class centroids; external load is not voluntary force
feature_bank_emg_fmg_audited_validation_20260915,emg_fmg,validation,3,load_shift,1000,F2a_Cov,2.2899169921875,4.0289530754089355,1.7594319310056818,36,source-standardized EMG-window class centroids; external load is not voluntary force
feature_bank_emg_fmg_audited_validation_20260915,emg_fmg,validation,3,load_shift,250,F2b_CSP,0.3591245710849762,2.4408555030822754,6.796681986145478,8,source-standardized EMG-window class centroids; external load is not voluntary force
feature_bank_emg_fmg_audited_validation_20260915,emg_fmg,validation,3,load_shift,500,F2b_CSP,0.6038557291030884,2.5077834129333496,4.1529512631337075,8,source-standardized EMG-window class centroids; external load is not voluntary force
feature_bank_emg_fmg_audited_validation_20260915,emg_fmg,validation,3,load_shift,750,F2b_CSP,0.6393647789955139,2.3943212032318115,3.744843760379967,8,source-standardized EMG-window class centroids; external load is not voluntary force
feature_bank_emg_fmg_audited_validation_20260915,emg_fmg,validation,3,load_shift,1000,F2b_CSP,0.7616058588027954,2.4726948738098145,3.2466857301931933,8,source-standardized EMG-window class centroids; external load is not voluntary force
feature_bank_emg_fmg_audited_validation_20260915,emg_fmg,validation,3,load_shift,250,F2c_SPD,1.1916998624801636,2.2688515186309814,1.9038783086767734,36,source-standardized EMG-window class centroids; external load is not voluntary force
feature_bank_emg_fmg_audited_validation_20260915,emg_fmg,validation,3,load_shift,500,F2c_SPD,1.407727599143982,2.5661046504974365,1.822870171797458,36,source-standardized EMG-window class centroids; external load is not voluntary force
feature_bank_emg_fmg_audited_validation_20260915,emg_fmg,validation,3,load_shift,750,F2c_SPD,1.264496922492981,2.4304206371307373,1.9220455138294779,36,source-standardized EMG-window class centroids; external load is not voluntary force
feature_bank_emg_fmg_audited_validation_20260915,emg_fmg,validation,3,load_shift,1000,F2c_SPD,1.6656326055526733,2.8298428058624268,1.6989597804623655,36,source-standardized EMG-window class centroids; external load is not voluntary force
feature_bank_emg_fmg_audited_validation_20260915,emg_fmg,validation,3,load_shift,250,F3_Ring,2.1057868003845215,2.990651845932007,1.4202063786250758,40,source-standardized EMG-window class centroids; external load is not voluntary force
feature_bank_emg_fmg_audited_validation_20260915,emg_fmg,validation,3,load_shift,500,F3_Ring,3.6713435649871826,3.5985519886016846,0.980173041531532,40,source-standardized EMG-window class centroids; external load is not voluntary force
feature_bank_emg_fmg_audited_validation_20260915,emg_fmg,validation,3,load_shift,750,F3_Ring,3.680678367614746,3.144721746444702,0.8543864560710792,40,source-standardized EMG-window class centroids; external load is not voluntary force
feature_bank_emg_fmg_audited_validation_20260915,emg_fmg,validation,3,load_shift,1000,F3_Ring,4.769859313964844,3.8595476150512695,0.8091533441564535,40,source-standardized EMG-window class centroids; external load is not voluntary force
feature_bank_emg_fmg_audited_validation_20260915,emg_fmg,validation,3,load_shift,250,F4_Spectral,2.1857433319091797,5.092405796051025,2.3298278996009265,72,source-standardized EMG-window class centroids; external load is not voluntary force
feature_bank_emg_fmg_audited_validation_20260915,emg_fmg,validation,3,load_shift,500,F4_Spectral,4.244823932647705,6.976836681365967,1.6436103810347036,72,source-standardized EMG-window class centroids; external load is not voluntary force
feature_bank_emg_fmg_audited_validation_20260915,emg_fmg,validation,3,load_shift,750,F4_Spectral,4.338381767272949,6.4562602043151855,1.4881724455457546,72,source-standardized EMG-window class centroids; external load is not voluntary force
feature_bank_emg_fmg_audited_validation_20260915,emg_fmg,validation,3,load_shift,1000,F4_Spectral,7.584863185882568,9.00568675994873,1.1873235599963756,72,source-standardized EMG-window class centroids; external load is not voluntary force
feature_bank_emg_fmg_audited_validation_20260915,emg_fmg,validation,3,load_shift,250,F5_Temporal,2.226250410079956,3.5563862323760986,1.5974780807549736,57,source-standardized EMG-window class centroids; external load is not voluntary force
feature_bank_emg_fmg_audited_validation_20260915,emg_fmg,validation,3,load_shift,500,F5_Temporal,4.794854164123535,5.8359198570251465,1.217121450885815,57,source-standardized EMG-window class centroids; external load is not voluntary force
feature_bank_emg_fmg_audited_validation_20260915,emg_fmg,validation,3,load_shift,750,F5_Temporal,4.682735443115234,5.117648124694824,1.0928757746111677,57,source-standardized EMG-window class centroids; external load is not voluntary force
feature_bank_emg_fmg_audited_validation_20260915,emg_fmg,validation,3,load_shift,1000,F5_Temporal,7.102912902832031,6.181064128875732,0.8702153909856314,57,source-standardized EMG-window class centroids; external load is not voluntary force
feature_bank_emg_fmg_audited_validation_20260915,emg_fmg,validation,3,load_shift,250,F9_Quality,2.493695020675659,3.802244186401367,1.52474306395721,53,source-standardized EMG-window class centroids; external load is not voluntary force
feature_bank_emg_fmg_audited_validation_20260915,emg_fmg,validation,3,load_shift,500,F9_Quality,5.285398483276367,6.055356502532959,1.1456764370163735,53,source-standardized EMG-window class centroids; external load is not voluntary force
feature_bank_emg_fmg_audited_validation_20260915,emg_fmg,validation,3,load_shift,750,F9_Quality,5.550617694854736,5.666384220123291,1.0208565121274422,53,source-standardized EMG-window class centroids; external load is not voluntary force
feature_bank_emg_fmg_audited_validation_20260915,emg_fmg,validation,3,load_shift,1000,F9_Quality,8.51430892944336,6.554694652557373,0.7698445883129507,53,source-standardized EMG-window class centroids; external load is not voluntary force
feature_bank_emg_fmg_audited_validation_20260915,emg_fmg,validation,3,position_shift,2,F0,2.01432204246521,5.744479656219482,2.851817899577915,48,source-standardized EMG-window class centroids; external load is not voluntary force
feature_bank_emg_fmg_audited_validation_20260915,emg_fmg,validation,3,position_shift,3,F0,3.995344638824463,3.921863555908203,0.9816083242974349,48,source-standardized EMG-window class centroids; external load is not voluntary force
feature_bank_emg_fmg_audited_validation_20260915,emg_fmg,validation,3,position_shift,4,F0,11.108663558959961,8.761256217956543,0.7886867913007547,48,source-standardized EMG-window class centroids; external load is not voluntary force
feature_bank_emg_fmg_audited_validation_20260915,emg_fmg,validation,3,position_shift,5,F0,5.319028854370117,4.667922496795654,0.8775892413066361,48,source-standardized EMG-window class centroids; external load is not voluntary force
feature_bank_emg_fmg_audited_validation_20260915,emg_fmg,validation,3,position_shift,6,F0,3.9037022590637207,6.289266586303711,1.6111030424258181,48,source-standardized EMG-window class centroids; external load is not voluntary force
feature_bank_emg_fmg_audited_validation_20260915,emg_fmg,validation,3,position_shift,7,F0,4.28827428817749,7.769670009613037,1.8118407283395397,48,source-standardized EMG-window class centroids; external load is not voluntary force
feature_bank_emg_fmg_audited_validation_20260915,emg_fmg,validation,3,position_shift,8,F0,4.022410869598389,8.427929878234863,2.0952434128327226,48,source-standardized EMG-window class centroids; external load is not voluntary force
feature_bank_emg_fmg_audited_validation_20260915,emg_fmg,validation,3,position_shift,2,F1_X1H,1.120187520980835,3.0137195587158203,2.6903705873051686,8,source-standardized EMG-window class centroids; external load is not voluntary force
feature_bank_emg_fmg_audited_validation_20260915,emg_fmg,validation,3,position_shift,3,F1_X1H,2.027733325958252,1.9737502336502075,0.9733776174519857,8,source-standardized EMG-window class centroids; external load is not voluntary force
feature_bank_emg_fmg_audited_validation_20260915,emg_fmg,validation,3,position_shift,4,F1_X1H,4.810134410858154,1.7612409591674805,0.3661521298014829,8,source-standardized EMG-window class centroids; external load is not voluntary force
feature_bank_emg_fmg_audited_validation_20260915,emg_fmg,validation,3,position_shift,5,F1_X1H,2.7766757011413574,1.7547799348831177,0.6319715097305675,8,source-standardized EMG-window class centroids; external load is not voluntary force
feature_bank_emg_fmg_audited_validation_20260915,emg_fmg,validation,3,position_shift,6,F1_X1H,2.119903564453125,3.4046971797943115,1.6060622930604962,8,source-standardized EMG-window class centroids; external load is not voluntary force
feature_bank_emg_fmg_audited_validation_20260915,emg_fmg,validation,3,position_shift,7,F1_X1H,2.1188302040100098,3.5994651317596436,1.6987982920697218,8,source-standardized EMG-window class centroids; external load is not voluntary force
feature_bank_emg_fmg_audited_validation_20260915,emg_fmg,validation,3,position_shift,8,F1_X1H,1.891833782196045,3.5186192989349365,1.8598987564587495,8,source-standardized EMG-window class centroids; external load is not voluntary force
feature_bank_emg_fmg_audited_validation_20260915,emg_fmg,validation,3,position_shift,2,F2a_Cov,1.9342315196990967,3.586484909057617,1.8542169706828595,36,source-standardized EMG-window class centroids; external load is not voluntary force
feature_bank_emg_fmg_audited_validation_20260915,emg_fmg,validation,3,position_shift,3,F2a_Cov,2.9413816928863525,3.0559089183807373,1.0389365398480335,36,source-standardized EMG-window class centroids; external load is not voluntary force
feature_bank_emg_fmg_audited_validation_20260915,emg_fmg,validation,3,position_shift,4,F2a_Cov,4.801576614379883,1.634482502937317,0.3404053781089293,36,source-standardized EMG-window class centroids; external load is not voluntary force
feature_bank_emg_fmg_audited_validation_20260915,emg_fmg,validation,3,position_shift,5,F2a_Cov,3.805628776550293,1.9208040237426758,0.5047271125281252,36,source-standardized EMG-window class centroids; external load is not voluntary force
feature_bank_emg_fmg_audited_validation_20260915,emg_fmg,validation,3,position_shift,6,F2a_Cov,3.0318055152893066,3.4882471561431885,1.1505510952305185,36,source-standardized EMG-window class centroids; external load is not voluntary force
feature_bank_emg_fmg_audited_validation_20260915,emg_fmg,validation,3,position_shift,7,F2a_Cov,2.8076040744781494,3.358668327331543,1.1962756279852684,36,source-standardized EMG-window class centroids; external load is not voluntary force
feature_bank_emg_fmg_audited_validation_20260915,emg_fmg,validation,3,position_shift,8,F2a_Cov,2.3553919792175293,3.3763554096221924,1.4334579719263534,36,source-standardized EMG-window class centroids; external load is not voluntary force
feature_bank_emg_fmg_audited_validation_20260915,emg_fmg,validation,3,position_shift,2,F2b_CSP,0.8095343112945557,2.8089942932128906,3.469889112812842,8,source-standardized EMG-window class centroids; external load is not voluntary force
feature_bank_emg_fmg_audited_validation_20260915,emg_fmg,validation,3,position_shift,3,F2b_CSP,2.1649656295776367,1.53218412399292,0.7077175281951825,8,source-standardized EMG-window class centroids; external load is not voluntary force
feature_bank_emg_fmg_audited_validation_20260915,emg_fmg,validation,3,position_shift,4,F2b_CSP,5.098324298858643,1.458566665649414,0.2860874632819368,8,source-standardized EMG-window class centroids; external load is not voluntary force
feature_bank_emg_fmg_audited_validation_20260915,emg_fmg,validation,3,position_shift,5,F2b_CSP,3.3150367736816406,1.2876735925674438,0.38843418051648954,8,source-standardized EMG-window class centroids; external load is not voluntary force
feature_bank_emg_fmg_audited_validation_20260915,emg_fmg,validation,3,position_shift,6,F2b_CSP,2.00691556930542,2.5807666778564453,1.2859368462363094,8,source-standardized EMG-window class centroids; external load is not voluntary force
feature_bank_emg_fmg_audited_validation_20260915,emg_fmg,validation,3,position_shift,7,F2b_CSP,1.7792420387268066,2.8225390911102295,1.5863716288585452,8,source-standardized EMG-window class centroids; external load is not voluntary force
feature_bank_emg_fmg_audited_validation_20260915,emg_fmg,validation,3,position_shift,8,F2b_CSP,1.5274631977081299,3.2319984436035156,2.115925574148579,8,source-standardized EMG-window class centroids; external load is not voluntary force
feature_bank_emg_fmg_audited_validation_20260915,emg_fmg,validation,3,position_shift,2,F2c_SPD,1.8455026149749756,3.396718740463257,1.8405385681382382,36,source-standardized EMG-window class centroids; external load is not voluntary force
feature_bank_emg_fmg_audited_validation_20260915,emg_fmg,validation,3,position_shift,3,F2c_SPD,3.1618571281433105,2.912545919418335,0.921150387692471,36,source-standardized EMG-window class centroids; external load is not voluntary force
feature_bank_emg_fmg_audited_validation_20260915,emg_fmg,validation,3,position_shift,4,F2c_SPD,5.333038806915283,2.463056802749634,0.46184865550863,36,source-standardized EMG-window class centroids; external load is not voluntary force
feature_bank_emg_fmg_audited_validation_20260915,emg_fmg,validation,3,position_shift,5,F2c_SPD,4.562497138977051,3.1046884059906006,0.6804800773389672,36,source-standardized EMG-window class centroids; external load is not voluntary force
feature_bank_emg_fmg_audited_validation_20260915,emg_fmg,validation,3,position_shift,6,F2c_SPD,3.406033992767334,3.441477060317993,1.0104059641286351,36,source-standardized EMG-window class centroids; external load is not voluntary force
feature_bank_emg_fmg_audited_validation_20260915,emg_fmg,validation,3,position_shift,7,F2c_SPD,3.200467824935913,3.4055843353271484,1.0640895399078971,36,source-standardized EMG-window class centroids; external load is not voluntary force
feature_bank_emg_fmg_audited_validation_20260915,emg_fmg,validation,3,position_shift,8,F2c_SPD,2.627838134765625,3.306551933288574,1.2582783884374311,36,source-standardized EMG-window class centroids; external load is not voluntary force
feature_bank_emg_fmg_audited_validation_20260915,emg_fmg,validation,3,position_shift,2,F3_Ring,1.1774048805236816,4.27154541015625,3.6279324816903595,40,source-standardized EMG-window class centroids; external load is not voluntary force
feature_bank_emg_fmg_audited_validation_20260915,emg_fmg,validation,3,position_shift,3,F3_Ring,3.060394525527954,2.203943967819214,0.7201502778267738,40,source-standardized EMG-window class centroids; external load is not voluntary force
feature_bank_emg_fmg_audited_validation_20260915,emg_fmg,validation,3,position_shift,4,F3_Ring,5.022913932800293,1.8838053941726685,0.3750423398399871,40,source-standardized EMG-window class centroids; external load is not voluntary force
feature_bank_emg_fmg_audited_validation_20260915,emg_fmg,validation,3,position_shift,5,F3_Ring,3.721384048461914,1.8175381422042847,0.48840380851178294,40,source-standardized EMG-window class centroids; external load is not voluntary force
feature_bank_emg_fmg_audited_validation_20260915,emg_fmg,validation,3,position_shift,6,F3_Ring,1.9654744863510132,5.060060501098633,2.5744727475400992,40,source-standardized EMG-window class centroids; external load is not voluntary force
feature_bank_emg_fmg_audited_validation_20260915,emg_fmg,validation,3,position_shift,7,F3_Ring,1.835996389389038,5.127559185028076,2.792793719344717,40,source-standardized EMG-window class centroids; external load is not voluntary force
feature_bank_emg_fmg_audited_validation_20260915,emg_fmg,validation,3,position_shift,8,F3_Ring,1.8524540662765503,4.591857433319092,2.478796919670072,40,source-standardized EMG-window class centroids; external load is not voluntary force
feature_bank_emg_fmg_audited_validation_20260915,emg_fmg,validation,3,position_shift,2,F4_Spectral,4.034063816070557,7.7582855224609375,1.9231935527524933,72,source-standardized EMG-window class centroids; external load is not voluntary force
feature_bank_emg_fmg_audited_validation_20260915,emg_fmg,validation,3,position_shift,3,F4_Spectral,5.872208595275879,5.854955196380615,0.9970618552429931,72,source-standardized EMG-window class centroids; external load is not voluntary force
feature_bank_emg_fmg_audited_validation_20260915,emg_fmg,validation,3,position_shift,4,F4_Spectral,10.420783996582031,6.653764247894287,0.6385089883905138,72,source-standardized EMG-window class centroids; external load is not voluntary force
feature_bank_emg_fmg_audited_validation_20260915,emg_fmg,validation,3,position_shift,5,F4_Spectral,7.311491012573242,4.490589618682861,0.614182471257912,72,source-standardized EMG-window class centroids; external load is not voluntary force
feature_bank_emg_fmg_audited_validation_20260915,emg_fmg,validation,3,position_shift,6,F4_Spectral,5.673636436462402,7.7573981285095215,1.3672709232220401,72,source-standardized EMG-window class centroids; external load is not voluntary force
feature_bank_emg_fmg_audited_validation_20260915,emg_fmg,validation,3,position_shift,7,F4_Spectral,5.383367538452148,8.130049705505371,1.510216355735104,72,source-standardized EMG-window class centroids; external load is not voluntary force
feature_bank_emg_fmg_audited_validation_20260915,emg_fmg,validation,3,position_shift,8,F4_Spectral,4.603780746459961,8.194355010986328,1.7799186065247632,72,source-standardized EMG-window class centroids; external load is not voluntary force
feature_bank_emg_fmg_audited_validation_20260915,emg_fmg,validation,3,position_shift,2,F5_Temporal,1.8753600120544434,3.927151679992676,2.094078819398743,57,source-standardized EMG-window class centroids; external load is not voluntary force
feature_bank_emg_fmg_audited_validation_20260915,emg_fmg,validation,3,position_shift,3,F5_Temporal,2.966421604156494,2.8105790615081787,0.9474644661328993,57,source-standardized EMG-window class centroids; external load is not voluntary force
feature_bank_emg_fmg_audited_validation_20260915,emg_fmg,validation,3,position_shift,4,F5_Temporal,7.345303535461426,6.98494291305542,0.9509399957854404,57,source-standardized EMG-window class centroids; external load is not voluntary force
feature_bank_emg_fmg_audited_validation_20260915,emg_fmg,validation,3,position_shift,5,F5_Temporal,3.7153425216674805,3.270204544067383,0.8801892490382835,57,source-standardized EMG-window class centroids; external load is not voluntary force
feature_bank_emg_fmg_audited_validation_20260915,emg_fmg,validation,3,position_shift,6,F5_Temporal,2.848951578140259,4.069553852081299,1.428439108374175,57,source-standardized EMG-window class centroids; external load is not voluntary force
feature_bank_emg_fmg_audited_validation_20260915,emg_fmg,validation,3,position_shift,7,F5_Temporal,3.0287468433380127,4.861529350280762,1.6051289862579652,57,source-standardized EMG-window class centroids; external load is not voluntary force
feature_bank_emg_fmg_audited_validation_20260915,emg_fmg,validation,3,position_shift,8,F5_Temporal,2.898521900177002,5.5394511222839355,1.9111296422993218,57,source-standardized EMG-window class centroids; external load is not voluntary force
feature_bank_emg_fmg_audited_validation_20260915,emg_fmg,validation,3,position_shift,2,F9_Quality,1.7363311052322388,4.130392074584961,2.3788044009210623,53,source-standardized EMG-window class centroids; external load is not voluntary force
feature_bank_emg_fmg_audited_validation_20260915,emg_fmg,validation,3,position_shift,3,F9_Quality,3.2787351608276367,3.218674421310425,0.9816817350069126,53,source-standardized EMG-window class centroids; external load is not voluntary force
feature_bank_emg_fmg_audited_validation_20260915,emg_fmg,validation,3,position_shift,4,F9_Quality,7.833885192871094,6.713491439819336,0.8569810859530871,53,source-standardized EMG-window class centroids; external load is not voluntary force
feature_bank_emg_fmg_audited_validation_20260915,emg_fmg,validation,3,position_shift,5,F9_Quality,3.8870925903320312,3.3746681213378906,0.8681728162921795,53,source-standardized EMG-window class centroids; external load is not voluntary force
feature_bank_emg_fmg_audited_validation_20260915,emg_fmg,validation,3,position_shift,6,F9_Quality,3.131967067718506,4.831340312957764,1.5425897554138812,53,source-standardized EMG-window class centroids; external load is not voluntary force
feature_bank_emg_fmg_audited_validation_20260915,emg_fmg,validation,3,position_shift,7,F9_Quality,3.5555179119110107,5.999125003814697,1.6872717709326952,53,source-standardized EMG-window class centroids; external load is not voluntary force
feature_bank_emg_fmg_audited_validation_20260915,emg_fmg,validation,3,position_shift,8,F9_Quality,3.247138023376465,6.380577564239502,1.9649850170529044,53,source-standardized EMG-window class centroids; external load is not voluntary force
feature_bank_emg_fmg_audited_final_20260915,emg_fmg,final,4,load_shift,250,F0,1.844651460647583,4.2512030601501465,2.304610464816706,48,source-standardized EMG-window class centroids; external load is not voluntary force
feature_bank_emg_fmg_audited_final_20260915,emg_fmg,final,4,load_shift,500,F0,1.9180822372436523,4.15463924407959,2.166038120475886,48,source-standardized EMG-window class centroids; external load is not voluntary force
feature_bank_emg_fmg_audited_final_20260915,emg_fmg,final,4,load_shift,750,F0,3.5142641067504883,6.2222723960876465,1.7705762023217384,48,source-standardized EMG-window class centroids; external load is not voluntary force
feature_bank_emg_fmg_audited_final_20260915,emg_fmg,final,4,load_shift,1000,F0,3.4026803970336914,5.672372817993164,1.6670307393360906,48,source-standardized EMG-window class centroids; external load is not voluntary force
feature_bank_emg_fmg_audited_final_20260915,emg_fmg,final,4,load_shift,250,F4_Spectral,1.7651281356811523,5.15651798248291,2.9213278505076454,72,source-standardized EMG-window class centroids; external load is not voluntary force
feature_bank_emg_fmg_audited_final_20260915,emg_fmg,final,4,load_shift,500,F4_Spectral,2.2116641998291016,5.003280162811279,2.262224149215612,72,source-standardized EMG-window class centroids; external load is not voluntary force
feature_bank_emg_fmg_audited_final_20260915,emg_fmg,final,4,load_shift,750,F4_Spectral,2.629812240600586,5.302611827850342,2.0163461657009156,72,source-standardized EMG-window class centroids; external load is not voluntary force
feature_bank_emg_fmg_audited_final_20260915,emg_fmg,final,4,load_shift,1000,F4_Spectral,2.849609375,5.200140476226807,1.8248608113962923,72,source-standardized EMG-window class centroids; external load is not voluntary force
feature_bank_emg_fmg_audited_final_20260915,emg_fmg,final,4,position_shift,2,F0,3.778143882751465,5.292397499084473,1.4007929987115364,48,source-standardized EMG-window class centroids; external load is not voluntary force
feature_bank_emg_fmg_audited_final_20260915,emg_fmg,final,4,position_shift,3,F0,7.157108306884766,9.116692543029785,1.273795526366246,48,source-standardized EMG-window class centroids; external load is not voluntary force
feature_bank_emg_fmg_audited_final_20260915,emg_fmg,final,4,position_shift,4,F0,9.877674102783203,11.205355644226074,1.1344123654644205,48,source-standardized EMG-window class centroids; external load is not voluntary force
feature_bank_emg_fmg_audited_final_20260915,emg_fmg,final,4,position_shift,5,F0,7.999515056610107,7.65502405166626,0.9569360139324762,48,source-standardized EMG-window class centroids; external load is not voluntary force
feature_bank_emg_fmg_audited_final_20260915,emg_fmg,final,4,position_shift,6,F0,4.458247661590576,4.899534702301025,1.0989821728638358,48,source-standardized EMG-window class centroids; external load is not voluntary force
feature_bank_emg_fmg_audited_final_20260915,emg_fmg,final,4,position_shift,7,F0,3.9761476516723633,6.461044788360596,1.6249509209351072,48,source-standardized EMG-window class centroids; external load is not voluntary force
feature_bank_emg_fmg_audited_final_20260915,emg_fmg,final,4,position_shift,8,F0,3.2194416522979736,7.844295024871826,2.43653896298145,48,source-standardized EMG-window class centroids; external load is not voluntary force
feature_bank_emg_fmg_audited_final_20260915,emg_fmg,final,4,position_shift,2,F2c_SPD,3.294414520263672,3.990765333175659,1.211373161643011,36,source-standardized EMG-window class centroids; external load is not voluntary force
feature_bank_emg_fmg_audited_final_20260915,emg_fmg,final,4,position_shift,3,F2c_SPD,4.475812911987305,4.687448978424072,1.0472843862327015,36,source-standardized EMG-window class centroids; external load is not voluntary force
feature_bank_emg_fmg_audited_final_20260915,emg_fmg,final,4,position_shift,4,F2c_SPD,5.351452827453613,3.8229315280914307,0.7143726482047279,36,source-standardized EMG-window class centroids; external load is not voluntary force
feature_bank_emg_fmg_audited_final_20260915,emg_fmg,final,4,position_shift,5,F2c_SPD,4.8193488121032715,3.518287420272827,0.7300337778905523,36,source-standardized EMG-window class centroids; external load is not voluntary force
feature_bank_emg_fmg_audited_final_20260915,emg_fmg,final,4,position_shift,6,F2c_SPD,3.5199103355407715,3.843456268310547,1.091918799607427,36,source-standardized EMG-window class centroids; external load is not voluntary force
feature_bank_emg_fmg_audited_final_20260915,emg_fmg,final,4,position_shift,7,F2c_SPD,2.768096446990967,3.8624210357666016,1.3953347037325288,36,source-standardized EMG-window class centroids; external load is not voluntary force
feature_bank_emg_fmg_audited_final_20260915,emg_fmg,final,4,position_shift,8,F2c_SPD,2.1661643981933594,4.600606918334961,2.123849381962823,36,source-standardized EMG-window class centroids; external load is not voluntary force
feature_bank_emg_fmg_audited_final_20260915,emg_fmg,final,5,load_shift,250,F0,3.922276258468628,7.537447452545166,1.9217023370725257,48,source-standardized EMG-window class centroids; external load is not voluntary force
feature_bank_emg_fmg_audited_final_20260915,emg_fmg,final,5,load_shift,500,F0,4.623346328735352,7.944086074829102,1.7182545952598733,48,source-standardized EMG-window class centroids; external load is not voluntary force
feature_bank_emg_fmg_audited_final_20260915,emg_fmg,final,5,load_shift,750,F0,3.994661808013916,6.0746235847473145,1.5206853237385827,48,source-standardized EMG-window class centroids; external load is not voluntary force
feature_bank_emg_fmg_audited_final_20260915,emg_fmg,final,5,load_shift,1000,F0,5.8037824630737305,7.252777099609375,1.2496638434940575,48,source-standardized EMG-window class centroids; external load is not voluntary force
feature_bank_emg_fmg_audited_final_20260915,emg_fmg,final,5,load_shift,250,F4_Spectral,9.21557331085205,16.731828689575195,1.8156036662277275,72,source-standardized EMG-window class centroids; external load is not voluntary force
feature_bank_emg_fmg_audited_final_20260915,emg_fmg,final,5,load_shift,500,F4_Spectral,5.027004241943359,7.775719165802002,1.5467898556605328,72,source-standardized EMG-window class centroids; external load is not voluntary force
feature_bank_emg_fmg_audited_final_20260915,emg_fmg,final,5,load_shift,750,F4_Spectral,4.44967794418335,6.195521831512451,1.392352864460649,72,source-standardized EMG-window class centroids; external load is not voluntary force
feature_bank_emg_fmg_audited_final_20260915,emg_fmg,final,5,load_shift,1000,F4_Spectral,5.399837970733643,6.819401264190674,1.2628899795048667,72,source-standardized EMG-window class centroids; external load is not voluntary force
feature_bank_emg_fmg_audited_final_20260915,emg_fmg,final,5,position_shift,2,F0,2.242934465408325,4.073873043060303,1.8163138985502367,48,source-standardized EMG-window class centroids; external load is not voluntary force
feature_bank_emg_fmg_audited_final_20260915,emg_fmg,final,5,position_shift,3,F0,3.5217437744140625,4.413137435913086,1.2531114466571542,48,source-standardized EMG-window class centroids; external load is not voluntary force
feature_bank_emg_fmg_audited_final_20260915,emg_fmg,final,5,position_shift,4,F0,6.1767072677612305,4.6304755210876465,0.7496673098392161,48,source-standardized EMG-window class centroids; external load is not voluntary force
feature_bank_emg_fmg_audited_final_20260915,emg_fmg,final,5,position_shift,5,F0,6.783120155334473,6.0716094970703125,0.8951056973824207,48,source-standardized EMG-window class centroids; external load is not voluntary force
feature_bank_emg_fmg_audited_final_20260915,emg_fmg,final,5,position_shift,6,F0,5.1157050132751465,6.811779499053955,1.3315426674087343,48,source-standardized EMG-window class centroids; external load is not voluntary force
feature_bank_emg_fmg_audited_final_20260915,emg_fmg,final,5,position_shift,7,F0,4.250633716583252,6.448706150054932,1.5171164066418357,48,source-standardized EMG-window class centroids; external load is not voluntary force
feature_bank_emg_fmg_audited_final_20260915,emg_fmg,final,5,position_shift,8,F0,2.8050835132598877,4.944173336029053,1.7625761631180419,48,source-standardized EMG-window class centroids; external load is not voluntary force
feature_bank_emg_fmg_audited_final_20260915,emg_fmg,final,5,position_shift,2,F2c_SPD,1.8996293544769287,3.1208951473236084,1.6428968840510034,36,source-standardized EMG-window class centroids; external load is not voluntary force
feature_bank_emg_fmg_audited_final_20260915,emg_fmg,final,5,position_shift,3,F2c_SPD,2.6149168014526367,2.8129589557647705,1.0757355469975343,36,source-standardized EMG-window class centroids; external load is not voluntary force
feature_bank_emg_fmg_audited_final_20260915,emg_fmg,final,5,position_shift,4,F2c_SPD,3.8441672325134277,2.0952842235565186,0.5450554299080314,36,source-standardized EMG-window class centroids; external load is not voluntary force
feature_bank_emg_fmg_audited_final_20260915,emg_fmg,final,5,position_shift,5,F2c_SPD,4.088100433349609,2.5360381603240967,0.6203463446336025,36,source-standardized EMG-window class centroids; external load is not voluntary force
feature_bank_emg_fmg_audited_final_20260915,emg_fmg,final,5,position_shift,6,F2c_SPD,3.1075820922851562,2.7650063037872314,0.8897613069179126,36,source-standardized EMG-window class centroids; external load is not voluntary force
feature_bank_emg_fmg_audited_final_20260915,emg_fmg,final,5,position_shift,7,F2c_SPD,2.7376961708068848,2.764307737350464,1.0097204236271136,36,source-standardized EMG-window class centroids; external load is not voluntary force
feature_bank_emg_fmg_audited_final_20260915,emg_fmg,final,5,position_shift,8,F2c_SPD,2.3464677333831787,2.931173324584961,1.2491854385559753,36,source-standardized EMG-window class centroids; external load is not voluntary force
feature_bank_emg_fmg_audited_final_20260915,emg_fmg,final,6,load_shift,250,F0,3.978071689605713,6.682423114776611,1.6798146529725462,48,source-standardized EMG-window class centroids; external load is not voluntary force
feature_bank_emg_fmg_audited_final_20260915,emg_fmg,final,6,load_shift,500,F0,10.210018157958984,12.706377983093262,1.2445010171884026,48,source-standardized EMG-window class centroids; external load is not voluntary force
feature_bank_emg_fmg_audited_final_20260915,emg_fmg,final,6,load_shift,750,F0,12.405689239501953,12.877419471740723,1.0380253142836802,48,source-standardized EMG-window class centroids; external load is not voluntary force
feature_bank_emg_fmg_audited_final_20260915,emg_fmg,final,6,load_shift,1000,F0,17.750465393066406,16.061288833618164,0.9048376185049795,48,source-standardized EMG-window class centroids; external load is not voluntary force
feature_bank_emg_fmg_audited_final_20260915,emg_fmg,final,6,load_shift,250,F4_Spectral,2.692615032196045,5.075743675231934,1.885061033433498,72,source-standardized EMG-window class centroids; external load is not voluntary force
feature_bank_emg_fmg_audited_final_20260915,emg_fmg,final,6,load_shift,500,F4_Spectral,5.681593418121338,7.720213413238525,1.3588113131456552,72,source-standardized EMG-window class centroids; external load is not voluntary force
feature_bank_emg_fmg_audited_final_20260915,emg_fmg,final,6,load_shift,750,F4_Spectral,6.867953300476074,8.037964820861816,1.1703581065851845,72,source-standardized EMG-window class centroids; external load is not voluntary force
feature_bank_emg_fmg_audited_final_20260915,emg_fmg,final,6,load_shift,1000,F4_Spectral,9.441060066223145,9.55017375946045,1.011557356109476,72,source-standardized EMG-window class centroids; external load is not voluntary force
feature_bank_emg_fmg_audited_final_20260915,emg_fmg,final,6,position_shift,2,F0,3.3384366035461426,7.3058247566223145,2.188397032569005,48,source-standardized EMG-window class centroids; external load is not voluntary force
feature_bank_emg_fmg_audited_final_20260915,emg_fmg,final,6,position_shift,3,F0,2.9303693771362305,3.7144641876220703,1.2675754178303782,48,source-standardized EMG-window class centroids; external load is not voluntary force
feature_bank_emg_fmg_audited_final_20260915,emg_fmg,final,6,position_shift,4,F0,7.150264739990234,5.880033493041992,0.8223518578487208,48,source-standardized EMG-window class centroids; external load is not voluntary force
feature_bank_emg_fmg_audited_final_20260915,emg_fmg,final,6,position_shift,5,F0,6.39146614074707,5.769481658935547,0.9026851636047742,48,source-standardized EMG-window class centroids; external load is not voluntary force
feature_bank_emg_fmg_audited_final_20260915,emg_fmg,final,6,position_shift,6,F0,6.508485794067383,9.442733764648438,1.4508341976031092,48,source-standardized EMG-window class centroids; external load is not voluntary force
feature_bank_emg_fmg_audited_final_20260915,emg_fmg,final,6,position_shift,7,F0,4.160970211029053,8.426850318908691,2.025212844968341,48,source-standardized EMG-window class centroids; external load is not voluntary force
feature_bank_emg_fmg_audited_final_20260915,emg_fmg,final,6,position_shift,8,F0,1.960541844367981,5.280179977416992,2.6932248309734335,48,source-standardized EMG-window class centroids; external load is not voluntary force
feature_bank_emg_fmg_audited_final_20260915,emg_fmg,final,6,position_shift,2,F2c_SPD,2.8092293739318848,3.671414375305176,1.3069115713272081,36,source-standardized EMG-window class centroids; external load is not voluntary force
feature_bank_emg_fmg_audited_final_20260915,emg_fmg,final,6,position_shift,3,F2c_SPD,3.5573880672454834,2.9323413372039795,0.8242961638631944,36,source-standardized EMG-window class centroids; external load is not voluntary force
feature_bank_emg_fmg_audited_final_20260915,emg_fmg,final,6,position_shift,4,F2c_SPD,5.543323993682861,3.266068458557129,0.5891895300145782,36,source-standardized EMG-window class centroids; external load is not voluntary force
feature_bank_emg_fmg_audited_final_20260915,emg_fmg,final,6,position_shift,5,F2c_SPD,4.693255424499512,3.5413310527801514,0.75455749420607,36,source-standardized EMG-window class centroids; external load is not voluntary force
feature_bank_emg_fmg_audited_final_20260915,emg_fmg,final,6,position_shift,6,F2c_SPD,3.7318906784057617,4.02810525894165,1.079373863293699,36,source-standardized EMG-window class centroids; external load is not voluntary force
feature_bank_emg_fmg_audited_final_20260915,emg_fmg,final,6,position_shift,7,F2c_SPD,2.809303045272827,3.9464635848999023,1.404783863221575,36,source-standardized EMG-window class centroids; external load is not voluntary force
feature_bank_emg_fmg_audited_final_20260915,emg_fmg,final,6,position_shift,8,F2c_SPD,1.8744544982910156,3.7407243251800537,1.9956335715743245,36,source-standardized EMG-window class centroids; external load is not voluntary force
