family,factor,run_id,condition,baseline_macro_f1,candidate_macro_f1,delta_macro_f1,delta_logloss,delta_brier
F1_X1H,force,feature_bank_force_audited_validation_20260915,ALL,0.5477535829874961,0.5902792452727622,0.04252566228526611,-0.06723388440586997,0.00666737379184805
F1_X1H,force,feature_bank_force_audited_validation_20260915,20P,0.23136080254554128,0.2592790675822105,0.027918265036669193,-0.18821550641837792,-0.0017519070884682297
F1_X1H,force,feature_bank_force_audited_validation_20260915,30P,0.5127778846208598,0.5465316838565962,0.033753799235736404,-0.020068724805127447,0.0039821796635690215
F1_X1H,force,feature_bank_force_audited_validation_20260915,40P,0.602638481889912,0.640545559265737,0.037907077375824993,0.011403836579745974,0.00478161679766094
F1_X1H,force,feature_bank_force_audited_validation_20260915,50P,0.6152300298781973,0.6898677799394111,0.07463775006121376,0.015523299517539835,0.01168180294991443
F1_X1H,force,feature_bank_force_audited_validation_20260915,60P,0.6420279129046133,0.6873668867698609,0.045338973865247656,0.02867496786926127,0.012616080621153714
F1_X1H,force,feature_bank_force_audited_validation_20260915,70P,0.6774648957832045,0.715299860651066,0.03783496486786153,-0.012803347997256243,0.009823011357089836
F1_X1H,force,feature_bank_force_audited_validation_20260915,80P,0.640795220667563,0.6793003713848356,0.03850515071727256,-0.08028652540895553,0.008113630041368877
F1_X1H,force,feature_bank_force_audited_validation_20260915,Hard,0.5521747810843225,0.56127729653537,0.009102515451047455,-0.15336576783737454,0.009231128133617067
F1_X1H,force,feature_bank_force_audited_validation_20260915,Light,0.4222907429935671,0.4591127428875267,0.03682199989395957,-0.16537931364218883,-0.0006406888977973368
F1_X1H,force,feature_bank_force_audited_validation_20260915,MVC,0.4378894770504586,0.36495943867866903,-0.07293003837178957,-0.2996038194129387,0.0009612735594548283
F1_X1H,force,feature_bank_force_audited_validation_20260915,Medium,0.5017347699032976,0.5681992650008452,0.0664644950975476,0.008363205587567757,0.01168993445656867
F2a_Cov,force,feature_bank_force_audited_validation_20260915,ALL,0.5477535829874961,0.44674004892519564,-0.10101353406230046,-1.100205799897503,-0.02426674920387084
F2a_Cov,force,feature_bank_force_audited_validation_20260915,20P,0.23136080254554128,0.22682998673018032,-0.004530815815360967,-1.6396175139295752,-0.037053305105659684
F2a_Cov,force,feature_bank_force_audited_validation_20260915,30P,0.5127778846208598,0.40433897016089204,-0.10843891445996778,-1.2716796788283062,-0.02774866767619849
F2a_Cov,force,feature_bank_force_audited_validation_20260915,40P,0.602638481889912,0.42115728078587716,-0.18148120110403482,-1.1570558554058703,-0.038744126508796925
F2a_Cov,force,feature_bank_force_audited_validation_20260915,50P,0.6152300298781973,0.48300752813253417,-0.13222250174566313,-0.9556135725045087,-0.026353825427201424
F2a_Cov,force,feature_bank_force_audited_validation_20260915,60P,0.6420279129046133,0.5120251234504851,-0.13000278945412813,-0.7390025303632428,-0.018907733455481426
F2a_Cov,force,feature_bank_force_audited_validation_20260915,70P,0.6774648957832045,0.5790573935426853,-0.0984075022405192,-0.7727672210410128,-0.01678544215585548
F2a_Cov,force,feature_bank_force_audited_validation_20260915,80P,0.640795220667563,0.5457911402411307,-0.09500408042643227,-0.8115392343985031,-0.01770116036431965
F2a_Cov,force,feature_bank_force_audited_validation_20260915,Hard,0.5521747810843225,0.48618567959377007,-0.06598910149055243,-1.0036477773921004,-0.011104322694081334
F2a_Cov,force,feature_bank_force_audited_validation_20260915,Light,0.4222907429935671,0.33644788610675863,-0.08584285688680848,-1.720046163141961,-0.03516094080032239
F2a_Cov,force,feature_bank_force_audited_validation_20260915,MVC,0.4378894770504586,0.25947220993660625,-0.17841726711385236,-0.6927627085111099,-0.03135773880035639
F2a_Cov,force,feature_bank_force_audited_validation_20260915,Medium,0.5017347699032976,0.4538971586559652,-0.04783761124733238,-1.134809997663145,-0.009562473052549175
F2b_CSP,force,feature_bank_force_audited_validation_20260915,ALL,0.5477535829874961,0.6256440704153625,0.07789048742786642,0.360358092163392,0.016339092512578618
F2b_CSP,force,feature_bank_force_audited_validation_20260915,20P,0.23136080254554128,0.2872531729667934,0.05589237042125214,0.11937648755199248,0.0092743082599748
F2b_CSP,force,feature_bank_force_audited_validation_20260915,30P,0.5127778846208598,0.6028632454308042,0.09008536080994434,0.12918599760597171,0.012349970493086448
F2b_CSP,force,feature_bank_force_audited_validation_20260915,40P,0.602638481889912,0.6699864187582111,0.0673479368682991,0.2881257554175236,0.014864816008317919
F2b_CSP,force,feature_bank_force_audited_validation_20260915,50P,0.6152300298781973,0.6895569968071414,0.07432696692894414,0.3054172810037119,0.013857944023575236
F2b_CSP,force,feature_bank_force_audited_validation_20260915,60P,0.6420279129046133,0.6913049705184536,0.04927705761384038,0.4071482353951279,0.017573953077420476
F2b_CSP,force,feature_bank_force_audited_validation_20260915,70P,0.6774648957832045,0.74473350496477,0.06726860918156552,0.40669967567674337,0.01869912777169326
F2b_CSP,force,feature_bank_force_audited_validation_20260915,80P,0.640795220667563,0.7269772890403227,0.08618206837275966,0.4763104122633006,0.021469794669267794
F2b_CSP,force,feature_bank_force_audited_validation_20260915,Hard,0.5521747810843225,0.5808030353907616,0.028628254306439116,0.438340345806042,0.017784376641033967
F2b_CSP,force,feature_bank_force_audited_validation_20260915,Light,0.4222907429935671,0.527302783783033,0.10501204078946585,0.11572786163583193,0.009871386127853252
F2b_CSP,force,feature_bank_force_audited_validation_20260915,MVC,0.4378894770504586,0.520391742689018,0.08250226563855939,1.629850237177406,0.03301090554789403
F2b_CSP,force,feature_bank_force_audited_validation_20260915,Medium,0.5017347699032976,0.6067098045292795,0.1049750346259819,0.28250279677066703,0.019309341535905314
F2c_SPD,force,feature_bank_force_audited_validation_20260915,ALL,0.5477535829874961,0.5139958528020455,-0.033757730185450585,-0.2222660198737949,-0.010463235996121825
F2c_SPD,force,feature_bank_force_audited_validation_20260915,20P,0.23136080254554128,0.3120587263628862,0.08069792381734489,-0.6576128579870986,-0.010220138222803266
F2c_SPD,force,feature_bank_force_audited_validation_20260915,30P,0.5127778846208598,0.4838313400007047,-0.028946544620155112,-0.6741494303866187,-0.011480873764620592
F2c_SPD,force,feature_bank_force_audited_validation_20260915,40P,0.602638481889912,0.49264672670102977,-0.10999175518888221,-0.5953142814279331,-0.021779607469528214
F2c_SPD,force,feature_bank_force_audited_validation_20260915,50P,0.6152300298781973,0.5112854923122518,-0.10394453756594546,-0.5226158956671316,-0.025143734012549226
F2c_SPD,force,feature_bank_force_audited_validation_20260915,60P,0.6420279129046133,0.5591263798802795,-0.08290153302433378,-0.3657964446722357,-0.01957419856990658
F2c_SPD,force,feature_bank_force_audited_validation_20260915,70P,0.6774648957832045,0.5854633125419723,-0.0920015832412322,-0.09182712743590105,-0.011567141601568298
F2c_SPD,force,feature_bank_force_audited_validation_20260915,80P,0.640795220667563,0.6095182174491918,-0.031277003218371235,-0.15734700045326355,-0.005037760205425554
F2c_SPD,force,feature_bank_force_audited_validation_20260915,Hard,0.5521747810843225,0.5926992018033422,0.04052442071901974,0.3005207082523793,0.008648836352666292
F2c_SPD,force,feature_bank_force_audited_validation_20260915,Light,0.4222907429935671,0.346825057829989,-0.0754656851635781,-0.4220548917062594,-0.022745760042153118
F2c_SPD,force,feature_bank_force_audited_validation_20260915,MVC,0.4378894770504586,0.45942672199719153,0.021537244946732925,1.342145119228448,0.006017554200820854
F2c_SPD,force,feature_bank_force_audited_validation_20260915,Medium,0.5017347699032976,0.5262362732899322,0.024501503386634593,0.1813314531949919,0.006027622476198785
F3_Ring,force,feature_bank_force_audited_validation_20260915,ALL,0.5477535829874961,0.544761841046234,-0.0029917419412620605,-0.2163053893180895,-0.0028173724603568345
F3_Ring,force,feature_bank_force_audited_validation_20260915,20P,0.23136080254554128,0.21319206867893498,-0.018168733866606307,-0.43021597464718964,-0.009449803564723386
F3_Ring,force,feature_bank_force_audited_validation_20260915,30P,0.5127778846208598,0.472701789514166,-0.0400760951066938,-0.20558311099932225,-0.0060386403355321
F3_Ring,force,feature_bank_force_audited_validation_20260915,40P,0.602638481889912,0.6296532636827722,0.02701478179286021,-0.1411433967133564,-0.0005356403068441512
F3_Ring,force,feature_bank_force_audited_validation_20260915,50P,0.6152300298781973,0.6417715161486566,0.02654148627045927,-0.13531393951782444,0.0035965997212711737
F3_Ring,force,feature_bank_force_audited_validation_20260915,60P,0.6420279129046133,0.6428714748355732,0.0008435619309599129,-0.14315455796926413,-0.002654647953874281
F3_Ring,force,feature_bank_force_audited_validation_20260915,70P,0.6774648957832045,0.6622462719830242,-0.015218623800180242,-0.12928526278713615,-0.003564256855125597
F3_Ring,force,feature_bank_force_audited_validation_20260915,80P,0.640795220667563,0.6607112649045945,0.019916044237031527,-0.07979348071116199,0.0008634841387952924
F3_Ring,force,feature_bank_force_audited_validation_20260915,Hard,0.5521747810843225,0.5401226697074604,-0.012052111376862129,-0.222939261643591,-0.0033890232516773644
F3_Ring,force,feature_bank_force_audited_validation_20260915,Light,0.4222907429935671,0.421235610523279,-0.0010551324702881004,-0.471027734188908,-0.007221271190721523
F3_Ring,force,feature_bank_force_audited_validation_20260915,MVC,0.4378894770504586,0.43216611143687056,-0.0057233656135880495,0.050900904380017487,-0.0002531320203149334
F3_Ring,force,feature_bank_force_audited_validation_20260915,Medium,0.5017347699032976,0.52837869152256,0.026643921619262434,-0.33820032085219487,-0.0010626452251575325
F4_Spectral,force,feature_bank_force_audited_validation_20260915,ALL,0.5477535829874961,0.587292271106415,0.03953868811891892,-0.19016829387486567,0.006196437686844469
F4_Spectral,force,feature_bank_force_audited_validation_20260915,20P,0.23136080254554128,0.4161400120817417,0.1847792095362004,0.1900278093349863,0.022670330853128265
F4_Spectral,force,feature_bank_force_audited_validation_20260915,30P,0.5127778846208598,0.5753323822034793,0.06255449758261944,0.04528483258907845,0.010701401725394882
F4_Spectral,force,feature_bank_force_audited_validation_20260915,40P,0.602638481889912,0.6089161338682366,0.006277651978324639,-0.09966940337152508,0.002146161482173975
F4_Spectral,force,feature_bank_force_audited_validation_20260915,50P,0.6152300298781973,0.6118085984651452,-0.0034214314130520673,-0.255359473183036,-0.0005641135587739071
F4_Spectral,force,feature_bank_force_audited_validation_20260915,60P,0.6420279129046133,0.660661082105651,0.018633169201037747,-0.24133285863271414,0.004981030639515535
F4_Spectral,force,feature_bank_force_audited_validation_20260915,70P,0.6774648957832045,0.651623509505355,-0.025841386277849487,-0.41290375734212637,-0.006285712526224632
F4_Spectral,force,feature_bank_force_audited_validation_20260915,80P,0.640795220667563,0.6915536937572667,0.050758473089703715,-0.31094849042993133,0.004230794285857889
F4_Spectral,force,feature_bank_force_audited_validation_20260915,Hard,0.5521747810843225,0.5614505425202452,0.00927576143592268,-0.23296508954338258,0.0016577619294877444
F4_Spectral,force,feature_bank_force_audited_validation_20260915,Light,0.4222907429935671,0.5692238874448651,0.14693314445129796,-0.45633765348502275,0.013957466247090114
F4_Spectral,force,feature_bank_force_audited_validation_20260915,MVC,0.4378894770504586,0.45766110530045995,0.01977162825000134,0.5409685751873128,0.015967494623267423
F4_Spectral,force,feature_bank_force_audited_validation_20260915,Medium,0.5017347699032976,0.524983008383881,0.02324823848058344,-0.49304728921607643,0.003583727322583302
F5_Temporal,force,feature_bank_force_audited_validation_20260915,ALL,0.5477535829874961,0.5458516930920548,-0.0019018898954412666,-0.2928938277741078,-0.001795557581035459
F5_Temporal,force,feature_bank_force_audited_validation_20260915,20P,0.23136080254554128,0.2228860450553156,-0.008474757490225693,-0.3535382888102867,-0.010741821369088855
F5_Temporal,force,feature_bank_force_audited_validation_20260915,30P,0.5127778846208598,0.4557421889198955,-0.05703569570096434,-0.26195225196358685,-0.011635387646056941
F5_Temporal,force,feature_bank_force_audited_validation_20260915,40P,0.602638481889912,0.5834792603815125,-0.019159221508399438,-0.12510586026795845,-0.003634149109224924
F5_Temporal,force,feature_bank_force_audited_validation_20260915,50P,0.6152300298781973,0.6351053352744004,0.01987530539620308,-0.2876497762577852,-0.0020193742224512146
F5_Temporal,force,feature_bank_force_audited_validation_20260915,60P,0.6420279129046133,0.6370606178419337,-0.0049672950626795664,-0.3569325270416013,-0.0007305872722056655
F5_Temporal,force,feature_bank_force_audited_validation_20260915,70P,0.6774648957832045,0.7003168748511998,0.0228519790679953,-0.2580524494005425,0.00489301320638242
F5_Temporal,force,feature_bank_force_audited_validation_20260915,80P,0.640795220667563,0.656869782104304,0.01607456143674102,-0.3737765658112948,0.0022275744755808347
F5_Temporal,force,feature_bank_force_audited_validation_20260915,Hard,0.5521747810843225,0.5786516072138665,0.02647682612954405,-0.3286258167001428,0.0013616292216632742
F5_Temporal,force,feature_bank_force_audited_validation_20260915,Light,0.4222907429935671,0.4032862354540563,-0.01900450753951083,-0.47740295079112616,-0.006448654099802498
F5_Temporal,force,feature_bank_force_audited_validation_20260915,MVC,0.4378894770504586,0.4951685107685731,0.05727903371811449,0.2896841737649076,0.014813079121093503
F5_Temporal,force,feature_bank_force_audited_validation_20260915,Medium,0.5017347699032976,0.5302362390949866,0.028501469191689055,-0.39719079146625647,0.00046786265378440106
F9_Quality,force,feature_bank_force_audited_validation_20260915,ALL,0.5477535829874961,0.5908641649878105,0.04311058200031437,0.03326046166572749,0.00860758878146893
F9_Quality,force,feature_bank_force_audited_validation_20260915,20P,0.23136080254554128,0.2331544150862141,0.001793612540672812,-0.38574103176774077,-0.00739232352717295
F9_Quality,force,feature_bank_force_audited_validation_20260915,30P,0.5127778846208598,0.5495959972620238,0.03681811264116397,-0.023161142092296805,0.0047723252945642
F9_Quality,force,feature_bank_force_audited_validation_20260915,40P,0.602638481889912,0.6212801252354866,0.01864164334557461,-0.017290917052600996,0.004974436599757118
F9_Quality,force,feature_bank_force_audited_validation_20260915,50P,0.6152300298781973,0.671459775273758,0.05622974539556069,0.0337206936611969,0.011084055384983041
F9_Quality,force,feature_bank_force_audited_validation_20260915,60P,0.6420279129046133,0.6929494930812293,0.05092158017661608,-0.05989606713975304,0.010795062214373694
F9_Quality,force,feature_bank_force_audited_validation_20260915,70P,0.6774648957832045,0.7169273822294447,0.039462486446240286,0.007843440650155964,0.010823687189149805
F9_Quality,force,feature_bank_force_audited_validation_20260915,80P,0.640795220667563,0.67287203843567,0.032076817768107,0.028828701968170334,0.0058505199700969734
F9_Quality,force,feature_bank_force_audited_validation_20260915,Hard,0.5521747810843225,0.5995856279984825,0.047410846914159976,0.20215567194625184,0.01375698937573841
F9_Quality,force,feature_bank_force_audited_validation_20260915,Light,0.4222907429935671,0.5103674118983051,0.08807666890473803,0.06475464454621749,0.00948969788552173
F9_Quality,force,feature_bank_force_audited_validation_20260915,MVC,0.4378894770504586,0.4760497489169828,0.03816027186652421,0.7880148200653947,0.016999100411314597
F9_Quality,force,feature_bank_force_audited_validation_20260915,Medium,0.5017347699032976,0.5868284488670256,0.08509367896372799,0.10401344273784097,0.017725681612754465
F1_X1H,wearing,feature_bank_electrode_shift_validation_20260915,ALL,0.4533008662328849,0.4554399205561072,0.0021390543232223114,0.013772130876519295,-1.7027505370054152e-05
F1_X1H,wearing,feature_bank_electrode_shift_validation_20260915,trial_1,0.5114285714285713,0.5173426573426573,0.005914085914085931,-0.003967102629741426,0.0013870273514144382
F1_X1H,wearing,feature_bank_electrode_shift_validation_20260915,trial_2,0.40575757575757576,0.3679020979020979,-0.03785547785547788,0.07012049202720627,0.0012509149664083896
F1_X1H,wearing,feature_bank_electrode_shift_validation_20260915,trial_3,0.4611521811521812,0.4611521811521812,0.0,-0.020879795768822484,-0.004989574246925449
F1_X1H,wearing,feature_bank_electrode_shift_validation_20260915,trial_4,0.43065588006764477,0.4653968253968254,0.03474094532918065,0.009814929877435485,0.0022835219076224045
F2a_Cov,wearing,feature_bank_electrode_shift_validation_20260915,ALL,0.4533008662328849,0.615025728987993,0.1617248627551081,0.3376524462136259,0.03736662402116389
F2a_Cov,wearing,feature_bank_electrode_shift_validation_20260915,trial_1,0.5114285714285713,0.5868376068376068,0.07540903540903543,0.23119961466435635,0.02436991108541406
F2a_Cov,wearing,feature_bank_electrode_shift_validation_20260915,trial_2,0.40575757575757576,0.5861605061605062,0.18040293040293043,0.44875323319442173,0.045923439405509955
F2a_Cov,wearing,feature_bank_electrode_shift_validation_20260915,trial_3,0.4611521811521812,0.6937062937062937,0.23255411255411246,0.3090045645868227,0.03804122029116094
F2a_Cov,wearing,feature_bank_electrode_shift_validation_20260915,trial_4,0.43065588006764477,0.5711111111111111,0.14045523104346636,0.36165237240890336,0.041131925302570704
F2b_CSP,wearing,feature_bank_electrode_shift_validation_20260915,ALL,0.4533008662328849,0.5427220237224626,0.08942115748957769,0.11380740606554673,0.010248051589353019
F2b_CSP,wearing,feature_bank_electrode_shift_validation_20260915,trial_1,0.5114285714285713,0.5894638694638694,0.07803529803529807,0.06695615815541944,0.006580307070820912
F2b_CSP,wearing,feature_bank_electrode_shift_validation_20260915,trial_2,0.40575757575757576,0.5118181818181818,0.10606060606060608,0.15545860412709578,0.013519330634361587
F2b_CSP,wearing,feature_bank_electrode_shift_validation_20260915,trial_3,0.4611521811521812,0.5561771561771562,0.09502497502497503,0.07707668442702609,0.010290485438559954
F2b_CSP,wearing,feature_bank_electrode_shift_validation_20260915,trial_4,0.43065588006764477,0.5111688311688312,0.08051295110118639,0.1557381775526463,0.010602083213669622
F2c_SPD,wearing,feature_bank_electrode_shift_validation_20260915,ALL,0.4533008662328849,0.555191324981202,0.10189045874831715,0.3731478006837665,0.03899155670015984
F2c_SPD,wearing,feature_bank_electrode_shift_validation_20260915,trial_1,0.5114285714285713,0.5603729603729604,0.04894438894438902,0.20883549761760567,0.025847931392066717
F2c_SPD,wearing,feature_bank_electrode_shift_validation_20260915,trial_2,0.40575757575757576,0.49473193473193466,0.0889743589743589,0.5039793202228309,0.04523189719348865
F2c_SPD,wearing,feature_bank_electrode_shift_validation_20260915,trial_3,0.4611521811521812,0.5906759906759906,0.12952380952380943,0.33289986958464546,0.03724177770649613
F2c_SPD,wearing,feature_bank_electrode_shift_validation_20260915,trial_4,0.43065588006764477,0.5603729603729604,0.1297170803053156,0.44687651530998407,0.04764462050858788
F3_Ring,wearing,feature_bank_electrode_shift_validation_20260915,ALL,0.4533008662328849,0.618838414809923,0.16553754857703806,0.6473800577243564,0.053755677431094995
F3_Ring,wearing,feature_bank_electrode_shift_validation_20260915,trial_1,0.5114285714285713,0.6525474525474525,0.14111888111888116,0.35473265356400663,0.03477187047193883
F3_Ring,wearing,feature_bank_electrode_shift_validation_20260915,trial_2,0.40575757575757576,0.5366387860505508,0.13088121029297506,0.7074710058856029,0.055218120454332165
F3_Ring,wearing,feature_bank_electrode_shift_validation_20260915,trial_3,0.4611521811521812,0.6937062937062937,0.23255411255411246,0.7419592766886577,0.06446537943488248
F3_Ring,wearing,feature_bank_electrode_shift_validation_20260915,trial_4,0.43065588006764477,0.5854145854145855,0.1547587053469407,0.7853572947591587,0.060567339363226544
F4_Spectral,wearing,feature_bank_electrode_shift_validation_20260915,ALL,0.4533008662328849,0.46472892187177905,0.011428055638894152,0.09981232155178743,0.005687761933595492
F4_Spectral,wearing,feature_bank_electrode_shift_validation_20260915,trial_1,0.5114285714285713,0.5363436563436563,0.024915084915084984,-0.027599048485028588,0.0006401420620146814
F4_Spectral,wearing,feature_bank_electrode_shift_validation_20260915,trial_2,0.40575757575757576,0.41766233766233773,0.011904761904761973,0.2266213839975335,0.01394181869839925
F4_Spectral,wearing,feature_bank_electrode_shift_validation_20260915,trial_3,0.4611521811521812,0.4611521811521812,0.0,0.08354479903740031,-0.0018257457196105553
F4_Spectral,wearing,feature_bank_electrode_shift_validation_20260915,trial_4,0.43065588006764477,0.43829059829059835,0.007634718222953585,0.11668215165724449,0.00999483269357862
F5_Temporal,wearing,feature_bank_electrode_shift_validation_20260915,ALL,0.4533008662328849,0.5262781954887218,0.07297732925583689,0.23289755629300912,0.02028579524055754
F5_Temporal,wearing,feature_bank_electrode_shift_validation_20260915,trial_1,0.5114285714285713,0.5592185592185592,0.04778998778998789,0.14864447385297885,0.01472075812592924
F5_Temporal,wearing,feature_bank_electrode_shift_validation_20260915,trial_2,0.40575757575757576,0.47727272727272724,0.07151515151515148,0.32781548513109215,0.02345008781107394
F5_Temporal,wearing,feature_bank_electrode_shift_validation_20260915,trial_3,0.4611521811521812,0.5561771561771562,0.09502497502497503,0.13951955133094018,0.016467517128323228
F5_Temporal,wearing,feature_bank_electrode_shift_validation_20260915,trial_4,0.43065588006764477,0.5127272727272728,0.08207139265962804,0.31561071485702596,0.026504817896903815
F9_Quality,wearing,feature_bank_electrode_shift_validation_20260915,ALL,0.4533008662328849,0.5118530020703933,0.0585521358375084,0.08125630291276642,0.011072668601530222
F9_Quality,wearing,feature_bank_electrode_shift_validation_20260915,trial_1,0.5114285714285713,0.5612387612387613,0.04981018981018992,0.05866027325901557,0.009061568258634148
F9_Quality,wearing,feature_bank_electrode_shift_validation_20260915,trial_2,0.40575757575757576,0.39666666666666667,-0.009090909090909094,0.10773850361433612,0.009772022524493107
F9_Quality,wearing,feature_bank_electrode_shift_validation_20260915,trial_3,0.4611521811521812,0.5603729603729604,0.09922077922077915,0.05991940619750591,0.013017837208397082
F9_Quality,wearing,feature_bank_electrode_shift_validation_20260915,trial_4,0.43065588006764477,0.5194938394938394,0.08883795942619466,0.09870702858020919,0.012439246414596566
F1_X1H,day,feature_bank_unibo_validation_20260915,ALL,0.6553824578465604,0.6307714417500797,-0.024611016096480642,-0.004336782079200963,-0.002022330241074774
F1_X1H,day,feature_bank_unibo_validation_20260915,posture_1,0.6500122741433252,0.6077640574942047,-0.042248216649120485,-0.005252164199874232,-0.0019562784043935383
F1_X1H,day,feature_bank_unibo_validation_20260915,posture_2,0.6555460017238655,0.6267045564400036,-0.0288414452838619,-0.008161582239813892,-0.003802240355528605
F1_X1H,day,feature_bank_unibo_validation_20260915,posture_3,0.6620663903639114,0.6296890490767034,-0.03237734128720793,0.009987755252451325,-0.0002586177819916685
F1_X1H,day,feature_bank_unibo_validation_20260915,posture_4,0.6425451069063199,0.6445033210380446,0.0019582141317247004,-0.013492850701480541,-0.002070280341939068
F1_X1H,day,feature_bank_unibo_validation_20260915,day_6,0.6553824578465604,0.6307714417500797,-0.024611016096480642,-0.004336782079200963,-0.002022330241074774
F2a_Cov,day,feature_bank_unibo_validation_20260915,ALL,0.6553824578465604,0.6549472133051806,-0.00043524454137977564,0.00034015203667692173,0.00021159121367807232
F2a_Cov,day,feature_bank_unibo_validation_20260915,posture_1,0.6500122741433252,0.6447146116886311,-0.0052976624546940965,-0.0010604654993358609,-6.410054497830997e-05
F2a_Cov,day,feature_bank_unibo_validation_20260915,posture_2,0.6555460017238655,0.6400048139350565,-0.015541187788808974,-0.005184350466885368,-0.0009671667361714764
F2a_Cov,day,feature_bank_unibo_validation_20260915,posture_3,0.6620663903639114,0.6555417207593758,-0.006524669604535571,0.00020693604441812674,0.0001031707767045753
F2a_Cov,day,feature_bank_unibo_validation_20260915,posture_4,0.6425451069063199,0.6659261634008653,0.02338105649454536,0.0070925634239134006,0.0017065655315401107
F2a_Cov,day,feature_bank_unibo_validation_20260915,day_6,0.6553824578465604,0.6549472133051806,-0.00043524454137977564,0.00034015203667692173,0.00021159121367807232
F2b_CSP,day,feature_bank_unibo_validation_20260915,ALL,0.6553824578465604,0.6540086826497101,-0.0013737751968502243,0.0010697333915083984,-3.20921880019448e-05
F2b_CSP,day,feature_bank_unibo_validation_20260915,posture_1,0.6500122741433252,0.6438071387613565,-0.006205135381968652,0.0005140607239116357,-0.00025299060938821505
F2b_CSP,day,feature_bank_unibo_validation_20260915,posture_2,0.6555460017238655,0.6302840610517689,-0.025261940672096528,-0.005328730202816545,-0.0016018375940737156
F2b_CSP,day,feature_bank_unibo_validation_20260915,posture_3,0.6620663903639114,0.6596889877669762,-0.0023774025969351964,0.004487736335388681,0.0005164308298960113
F2b_CSP,day,feature_bank_unibo_validation_20260915,posture_4,0.6425451069063199,0.6692439410582968,0.026698834151976825,0.004451935013393693,0.0011560752890697606
F2b_CSP,day,feature_bank_unibo_validation_20260915,day_6,0.6553824578465604,0.6540086826497101,-0.0013737751968502243,0.0010697333915083984,-3.20921880019448e-05
F2c_SPD,day,feature_bank_unibo_validation_20260915,ALL,0.6553824578465604,0.6537599780152185,-0.0016224798313418942,-0.0007732064522480986,3.8614304525230736e-05
F2c_SPD,day,feature_bank_unibo_validation_20260915,posture_1,0.6500122741433252,0.6446129692594963,-0.005399304883828893,-0.0016896304579404609,-0.00019501376344761845
F2c_SPD,day,feature_bank_unibo_validation_20260915,posture_2,0.6555460017238655,0.6349894946775203,-0.02055650704634515,-0.005582033743684378,-0.001199728660487731
F2c_SPD,day,feature_bank_unibo_validation_20260915,posture_3,0.6620663903639114,0.6546265835163979,-0.007439806847513442,0.0006822146818387664,9.507936269791128e-05
F2c_SPD,day,feature_bank_unibo_validation_20260915,posture_4,0.6425451069063199,0.6680933622522089,0.025548255345889004,0.003311875438840095,0.0013925529463331698
F2c_SPD,day,feature_bank_unibo_validation_20260915,day_6,0.6553824578465604,0.6537599780152185,-0.0016224798313418942,-0.0007732064522480986,3.8614304525230736e-05
F4_Spectral,day,feature_bank_unibo_validation_20260915,ALL,0.6553824578465604,0.6483891394342707,-0.006993318412289673,-0.001061062086799347,6.535325211137755e-05
F4_Spectral,day,feature_bank_unibo_validation_20260915,posture_1,0.6500122741433252,0.6454065760795233,-0.004605698063801844,0.0033966634858398903,2.279315882167121e-05
F4_Spectral,day,feature_bank_unibo_validation_20260915,posture_2,0.6555460017238655,0.6242794655961326,-0.03126653612773289,0.0011950741561110867,-0.0002679011436155232
F4_Spectral,day,feature_bank_unibo_validation_20260915,posture_3,0.6620663903639114,0.6486184397852953,-0.01344795057861603,0.005351208102367722,0.0009083316053659779
F4_Spectral,day,feature_bank_unibo_validation_20260915,posture_4,0.6425451069063199,0.6637403068469909,0.021195199940670983,-0.013626747793139105,-0.00038094433721747034
F4_Spectral,day,feature_bank_unibo_validation_20260915,day_6,0.6553824578465604,0.6483891394342707,-0.006993318412289673,-0.001061062086799347,6.535325211137755e-05
F5_Temporal,day,feature_bank_unibo_validation_20260915,ALL,0.6553824578465604,0.6732552026387864,0.017872744792226003,0.01278353370524754,0.002414018141818672
F5_Temporal,day,feature_bank_unibo_validation_20260915,posture_1,0.6500122741433252,0.677109880834924,0.027097606691598775,0.01591772603172925,0.0028662747496829705
F5_Temporal,day,feature_bank_unibo_validation_20260915,posture_2,0.6555460017238655,0.6483520637753519,-0.007193937948513529,0.001752706592083375,0.0004939454110432506
F5_Temporal,day,feature_bank_unibo_validation_20260915,posture_3,0.6620663903639114,0.6734317208852717,0.01136533052136035,0.014816443661646916,0.002423234356550591
F5_Temporal,day,feature_bank_unibo_validation_20260915,posture_4,0.6425451069063199,0.6834305924113495,0.04088548550502957,0.018373465114962018,0.0038060085065757393
F5_Temporal,day,feature_bank_unibo_validation_20260915,day_6,0.6553824578465604,0.6732552026387864,0.017872744792226003,0.01278353370524754,0.002414018141818672
F9_Quality,day,feature_bank_unibo_validation_20260915,ALL,0.6553824578465604,0.6600595673884517,0.004677109541891378,0.002628900756197816,0.0008359596499994681
F9_Quality,day,feature_bank_unibo_validation_20260915,posture_1,0.6500122741433252,0.6526807848488145,0.0026685107054893464,0.00216605206474374,0.0015197381984890512
F9_Quality,day,feature_bank_unibo_validation_20260915,posture_2,0.6555460017238655,0.6472732515025095,-0.008272750221355984,0.002858956371121324,0.00036657053004073015
F9_Quality,day,feature_bank_unibo_validation_20260915,posture_3,0.6620663903639114,0.6736975252511321,0.011631134887220784,0.00677087857243347,0.001503396327930659
F9_Quality,day,feature_bank_unibo_validation_20260915,posture_4,0.6425451069063199,0.6538920157122128,0.011346908805892841,-0.0011051890988310054,-9.971877188152956e-06
F9_Quality,day,feature_bank_unibo_validation_20260915,day_6,0.6553824578465604,0.6600595673884517,0.004677109541891378,0.002628900756197816,0.0008359596499994681
F6_Posture,day,feature_bank_unibo_validation_20260915,ALL,0.6553824578465604,0.6542422602204223,-0.0011401976261380398,-0.00015746874570277125,0.00018976063564159207
F6_Posture,day,feature_bank_unibo_validation_20260915,posture_1,0.6500122741433252,0.6546746161684226,0.00466234202509741,0.003624675790425691,0.0006876697717627112
F6_Posture,day,feature_bank_unibo_validation_20260915,posture_2,0.6555460017238655,0.647035960975743,-0.00851004074812245,-0.007444618314376483,-0.0008613697466637177
F6_Posture,day,feature_bank_unibo_validation_20260915,posture_3,0.6620663903639114,0.6508180181393325,-0.011248372224578862,-0.0025769269335126355,-0.00039729804672523905
F6_Posture,day,feature_bank_unibo_validation_20260915,posture_4,0.6425451069063199,0.6563938156308866,0.013848708724566672,0.005487551484575748,0.0012773078029725826
F6_Posture,day,feature_bank_unibo_validation_20260915,day_6,0.6553824578465604,0.6542422602204223,-0.0011401976261380398,-0.00015746874570277125,0.00018976063564159207
F1_X1H,user,feature_bank_epn612_trial_validation_20260915,cross_user,0.38380556431418217,0.38937306341733097,0.005567499103148799,-0.03641783082848726,-0.0005649012115402086
F2a_Cov,user,feature_bank_epn612_trial_validation_20260915,cross_user,0.38380556431418217,0.3901533944535516,0.006347830139369459,-0.36143979193977716,-0.014387657894004799
F2b_CSP,user,feature_bank_epn612_trial_validation_20260915,cross_user,0.38380556431418217,0.4087705081811333,0.02496494386695114,-0.08264384873797326,-0.0013978631296662075
F2c_SPD,user,feature_bank_epn612_trial_validation_20260915,cross_user,0.38380556431418217,0.39092119886436066,0.007115634550178496,-0.11407645633065733,-0.003349399308016393
F3_Ring,user,feature_bank_epn612_trial_validation_20260915,cross_user,0.38380556431418217,0.41687044805928813,0.033064883745105966,0.00428543799549197,0.002882023485692206
F4_Spectral,user,feature_bank_epn612_trial_validation_20260915,cross_user,0.38380556431418217,0.3797317615069016,-0.004073802807280591,-0.17840510414873822,-0.006795691342707341
F5_Temporal,user,feature_bank_epn612_trial_validation_20260915,cross_user,0.38380556431418217,0.38074319892971964,-0.0030623653844625287,-0.0989113859118369,-0.005572887596744153
F9_Quality,user,feature_bank_epn612_trial_validation_20260915,cross_user,0.38380556431418217,0.3968701679365279,0.013064603622345738,-0.08128252526627078,-0.004306200955090739
F6_IMU,user,feature_bank_epn612_trial_validation_20260915,cross_user,0.38380556431418217,0.40596131159863247,0.0221557472844503,-0.061929826883040606,-0.002995473679131083
F1_X1H,posture,feature_bank_emg_fmg_validation_20260915,ALL,0.6050781077612045,0.6024328958447516,-0.0026452119164529497,-0.03150358508461393,-0.0014654084242171073
F2a_Cov,posture,feature_bank_emg_fmg_validation_20260915,ALL,0.6050781077612045,0.6289767605389185,0.02389865277771397,0.025324087236494597,0.005940674526183937
F2b_CSP,posture,feature_bank_emg_fmg_validation_20260915,ALL,0.6050781077612045,0.5723949988791169,-0.032683108882087586,-0.08418943513734245,-0.009133405802536243
F2c_SPD,posture,feature_bank_emg_fmg_validation_20260915,ALL,0.6050781077612045,0.6433386664711455,0.03826055870994094,0.030906380088475016,0.007539100984204128
F3_Ring,posture,feature_bank_emg_fmg_validation_20260915,ALL,0.6050781077612045,0.5785475434189343,-0.02653056434227019,-0.09789244945432873,-0.006615556161675806
F4_Spectral,posture,feature_bank_emg_fmg_validation_20260915,ALL,0.6050781077612045,0.6154057098667884,0.010327602105583922,-0.11307588379899425,-0.00762155094798897
F5_Temporal,posture,feature_bank_emg_fmg_validation_20260915,ALL,0.6050781077612045,0.6208518769522663,0.01577376919106177,0.013865968256348005,0.001690370282599829
F9_Quality,posture,feature_bank_emg_fmg_validation_20260915,ALL,0.6050781077612045,0.5882037046231017,-0.016874403138102845,-0.058055588051827645,0.0011380873755144905
F1_X1H,posture,feature_bank_emg_fmg_validation_20260915,position_2,0.7357896732896734,0.7219516594516594,-0.013838013838013974,0.00796757813147908,-0.00027843451314876755
F2a_Cov,posture,feature_bank_emg_fmg_validation_20260915,position_2,0.7357896732896734,0.8245865245865246,0.08879685129685122,0.08154370962632435,0.013389765281313262
F2b_CSP,posture,feature_bank_emg_fmg_validation_20260915,position_2,0.7357896732896734,0.7272426647426647,-0.008547008547008628,0.037370513142766904,0.001801548142255166
F2c_SPD,posture,feature_bank_emg_fmg_validation_20260915,position_2,0.7357896732896734,0.8532948532948533,0.11750518000517995,0.11107336645282084,0.017456952010108988
F3_Ring,posture,feature_bank_emg_fmg_validation_20260915,position_2,0.7357896732896734,0.7695498945498945,0.03376022126022116,0.02892559565514302,0.006290332921126962
F4_Spectral,posture,feature_bank_emg_fmg_validation_20260915,position_2,0.7357896732896734,0.7532451710083289,0.01745549771865551,-0.07937633715980597,-0.012771502975169075
F5_Temporal,posture,feature_bank_emg_fmg_validation_20260915,position_2,0.7357896732896734,0.7761590261590262,0.04036935286935284,-0.04151843970157465,-0.008374902567845968
F9_Quality,posture,feature_bank_emg_fmg_validation_20260915,position_2,0.7357896732896734,0.7183201058201059,-0.017469567469567515,0.018972576909145944,0.0018875500695757635
F1_X1H,posture,feature_bank_emg_fmg_validation_20260915,position_3,0.4091223319164496,0.4104423082364259,0.0013199763199763237,-0.05905761605156612,-0.004938647028703419
F2a_Cov,posture,feature_bank_emg_fmg_validation_20260915,position_3,0.4091223319164496,0.4845075948017124,0.07538526288526282,0.05343485362426681,0.01609508137669982
F2b_CSP,posture,feature_bank_emg_fmg_validation_20260915,position_3,0.4091223319164496,0.281033781033781,-0.12808855088266857,-0.19165910001736353,-0.017345692707904953
F2c_SPD,posture,feature_bank_emg_fmg_validation_20260915,position_3,0.4091223319164496,0.4784349637290813,0.0693126318126317,0.1786098082768639,0.022255845432958027
F3_Ring,posture,feature_bank_emg_fmg_validation_20260915,position_3,0.4091223319164496,0.41313188445541393,0.004009552538964345,-0.04893098662304829,-0.0007145060603994391
F4_Spectral,posture,feature_bank_emg_fmg_validation_20260915,position_3,0.4091223319164496,0.43563936063936054,0.02651702872291095,0.057560403666145676,0.0014227926177105554
F5_Temporal,posture,feature_bank_emg_fmg_validation_20260915,position_3,0.4091223319164496,0.4826058201058201,0.0734834881893705,0.023907194559604328,0.008733946878010101
F9_Quality,posture,feature_bank_emg_fmg_validation_20260915,position_3,0.4091223319164496,0.41160714285714284,0.0024848109406932495,-0.01702969764186202,0.0018563183745680945
F1_X1H,posture,feature_bank_emg_fmg_validation_20260915,position_4,0.189021164021164,0.19017094017094016,0.001149776149776155,-0.12512336152057824,-0.0032684225387904497
F2a_Cov,posture,feature_bank_emg_fmg_validation_20260915,position_4,0.189021164021164,0.17641432641432642,-0.01260683760683759,0.2217420139085604,0.005802626547803114
F2b_CSP,posture,feature_bank_emg_fmg_validation_20260915,position_4,0.189021164021164,0.19384920634920633,0.00482804232804232,-0.12173572682140188,-0.011321022926031543
F2c_SPD,posture,feature_bank_emg_fmg_validation_20260915,position_4,0.189021164021164,0.2086970899470899,0.019675925925925902,0.11332684377091962,0.001234711254477272
F3_Ring,posture,feature_bank_emg_fmg_validation_20260915,position_4,0.189021164021164,0.1309697855750487,-0.0580513784461153,-0.27021830652991863,-0.010752955064048997
F4_Spectral,posture,feature_bank_emg_fmg_validation_20260915,position_4,0.189021164021164,0.2400793650793651,0.05105820105820108,-0.06994333791565044,0.007792324635405523
F5_Temporal,posture,feature_bank_emg_fmg_validation_20260915,position_4,0.189021164021164,0.23172767778030937,0.04270651375914536,0.21482247854516157,0.01185995136884721
F9_Quality,posture,feature_bank_emg_fmg_validation_20260915,position_4,0.189021164021164,0.1435800890404471,-0.045441074980716895,-0.30747082752206634,0.0017792674396501784
F1_X1H,posture,feature_bank_emg_fmg_validation_20260915,position_5,0.4258292633292633,0.40748880748880745,-0.01834045584045585,-0.07953788635248715,5.989927882091295e-05
F2a_Cov,posture,feature_bank_emg_fmg_validation_20260915,position_5,0.4258292633292633,0.4118716931216931,-0.013957570207570213,-0.15685849319260536,-0.0014056187030364597
F2b_CSP,posture,feature_bank_emg_fmg_validation_20260915,position_5,0.4258292633292633,0.3183226495726496,-0.10750661375661369,-0.1573105108159818,-0.01605010091759848
F2c_SPD,posture,feature_bank_emg_fmg_validation_20260915,position_5,0.4258292633292633,0.41451719576719576,-0.01131206756206754,-0.11381207900286383,-0.0032485549832839966
F3_Ring,posture,feature_bank_emg_fmg_validation_20260915,position_5,0.4258292633292633,0.38685647141529494,-0.03897279191396835,-0.1234348810657937,-0.011784901622200777
F4_Spectral,posture,feature_bank_emg_fmg_validation_20260915,position_5,0.4258292633292633,0.2957857731077545,-0.1300434902215088,-0.47701315910709474,-0.028170044280252188
F5_Temporal,posture,feature_bank_emg_fmg_validation_20260915,position_5,0.4258292633292633,0.48888888888888893,0.06305962555962563,0.05991419467751857,0.007908869000480628
F9_Quality,posture,feature_bank_emg_fmg_validation_20260915,position_5,0.4258292633292633,0.3041592394533571,-0.1216700238759062,-0.25666518786169634,-0.01951080818633036
F1_X1H,posture,feature_bank_emg_fmg_validation_20260915,position_6,0.6452376327376327,0.6643874643874644,0.01914983164983175,0.008194320028270696,-0.0010065267995180982
F2a_Cov,posture,feature_bank_emg_fmg_validation_20260915,position_6,0.6452376327376327,0.6498917748917749,0.004654142154142171,0.026769061010283313,0.005277524519730251
F2b_CSP,posture,feature_bank_emg_fmg_validation_20260915,position_6,0.6452376327376327,0.5857295482295483,-0.059508084508084425,-0.07656691337147536,-0.01495753253428743
F2c_SPD,posture,feature_bank_emg_fmg_validation_20260915,position_6,0.6452376327376327,0.6802401302401302,0.03500249750249751,-0.01173183697804947,0.005910413487331373
F3_Ring,posture,feature_bank_emg_fmg_validation_20260915,position_6,0.6452376327376327,0.6814814814814815,0.03624384874384878,-0.07705228560765809,-0.010328678473327357
F4_Spectral,posture,feature_bank_emg_fmg_validation_20260915,position_6,0.6452376327376327,0.5751813001813002,-0.07005633255633248,-0.145659436923264,-0.025596464722347376
F5_Temporal,posture,feature_bank_emg_fmg_validation_20260915,position_6,0.6452376327376327,0.6558291245791246,0.010591491841491885,-0.021550491210527545,-0.004075600246454925
F9_Quality,posture,feature_bank_emg_fmg_validation_20260915,position_6,0.6452376327376327,0.6658653846153846,0.0206277518777519,0.02546565436425452,0.00488148349786513
F1_X1H,posture,feature_bank_emg_fmg_validation_20260915,position_7,0.7061117123617123,0.6966540404040403,-0.009457671957671998,0.021675783876152765,-0.0005821934114491611
F2a_Cov,posture,feature_bank_emg_fmg_validation_20260915,position_7,0.7061117123617123,0.7627946127946128,0.056682900432900474,0.018297644314355987,0.006686277482835387
F2b_CSP,posture,feature_bank_emg_fmg_validation_20260915,position_7,0.7061117123617123,0.7174272486772487,0.01131553631553639,-0.06651060472457693,-0.0030930570958766224
F2c_SPD,posture,feature_bank_emg_fmg_validation_20260915,position_7,0.7061117123617123,0.8210858585858585,0.11497414622414615,0.011802675612894942,0.014454777805407201
F3_Ring,posture,feature_bank_emg_fmg_validation_20260915,position_7,0.7061117123617123,0.59874962999963,-0.10736208236208233,-0.10006088281091108,-0.007651943726023069
F4_Spectral,posture,feature_bank_emg_fmg_validation_20260915,position_7,0.7061117123617123,0.857919857919858,0.1518081455581457,0.03558148316449283,0.01177439835996924
F5_Temporal,posture,feature_bank_emg_fmg_validation_20260915,position_7,0.7061117123617123,0.6490921115921116,-0.057019600769600776,-0.09938982880922564,-0.0015579943915126904
F9_Quality,posture,feature_bank_emg_fmg_validation_20260915,position_7,0.7061117123617123,0.793939393939394,0.08782768157768162,0.06990856214355201,0.008579274892588862
F1_X1H,posture,feature_bank_emg_fmg_validation_20260915,position_8,0.8360690235690235,0.8360690235690235,0.0,0.005356086296431917,-0.00024353395673060163
F2a_Cov,posture,feature_bank_emg_fmg_validation_20260915,position_8,0.8360690235690235,0.8204966329966329,-0.015572390572390571,-0.06766017863572388,-0.004260934822057673
F2b_CSP,posture,feature_bank_emg_fmg_validation_20260915,position_8,0.8360690235690235,0.8552188552188552,0.01914983164983175,-0.012913703353364225,-0.002967982578309679
F2c_SPD,posture,feature_bank_emg_fmg_validation_20260915,position_8,0.8360690235690235,0.8035806785806785,-0.032488344988344964,-0.07292411751326244,-0.005290438117569789
F3_Ring,posture,feature_bank_emg_fmg_validation_20260915,position_8,0.8360690235690235,0.8204966329966329,-0.015572390572390571,-0.0944753991981141,-0.011366241106857806
F4_Spectral,posture,feature_bank_emg_fmg_validation_20260915,position_8,0.8360690235690235,0.8194444444444445,-0.01662457912457893,-0.11268080231778177,-0.007802360271239407
F5_Temporal,posture,feature_bank_emg_fmg_validation_20260915,position_8,0.8360690235690235,0.8373316498316498,0.0012626262626262985,-0.03912333026651993,-0.0026616780633254428
F9_Quality,posture,feature_bank_emg_fmg_validation_20260915,position_8,0.8360690235690235,0.84992784992785,0.013858826358826515,0.060429803245878266,0.008493525540683923
F1_X1H,speed,feature_bank_manus_validation_20260915,ALL,0.3409759660911735,0.35672056316339434,0.015744597072220867,-0.15425428431194588,-0.009064731763440304
F1_X1H,speed,feature_bank_manus_validation_20260915,slow,0.2124135124135124,0.185453216374269,-0.02696029603924338,-0.17820003657166072,-0.012254411711133423
F1_X1H,speed,feature_bank_manus_validation_20260915,medium,0.33566017316017316,0.3727938727938728,0.03713369963369967,-0.128690513268912,-0.007181237295873832
F1_X1H,speed,feature_bank_manus_validation_20260915,fast,0.42269397269397274,0.4431457431457431,0.02045177045177038,-0.15587230309526667,-0.007758546283313739
F2a_Cov,speed,feature_bank_manus_validation_20260915,ALL,0.3409759660911735,0.47165005537098564,0.13067408927981217,-0.2143328259725652,0.009257835648885632
F2a_Cov,speed,feature_bank_manus_validation_20260915,slow,0.2124135124135124,0.4295334295334296,0.2171199171199172,-0.3819843446648088,0.0064536818270018725
F2a_Cov,speed,feature_bank_manus_validation_20260915,medium,0.33566017316017316,0.4595959595959596,0.12393578643578645,-0.13623715287989668,0.00907754119675333
F2a_Cov,speed,feature_bank_manus_validation_20260915,fast,0.42269397269397274,0.5207459207459207,0.098051948051948,-0.12477698037299145,0.012242283922901664
F2b_CSP,speed,feature_bank_manus_validation_20260915,ALL,0.3409759660911735,0.378220596970597,0.037244630879423535,-0.08831474883207902,-0.0008763241971495861
F2b_CSP,speed,feature_bank_manus_validation_20260915,slow,0.2124135124135124,0.30330086580086585,0.09088735338735346,-0.17095854371934216,-0.0022187905399990993
F2b_CSP,speed,feature_bank_manus_validation_20260915,medium,0.33566017316017316,0.30915750915750917,-0.02650266400266399,-0.22631079935045761,-0.006645530717283077
F2b_CSP,speed,feature_bank_manus_validation_20260915,fast,0.42269397269397274,0.46278775690540397,0.04009378421143123,0.13232509657356117,0.006235348665833418
F2c_SPD,speed,feature_bank_manus_validation_20260915,ALL,0.3409759660911735,0.5096320346320345,0.16865606854086107,-0.2951739435587526,0.010262590794733323
F2c_SPD,speed,feature_bank_manus_validation_20260915,slow,0.2124135124135124,0.45726495726495725,0.24485144485144486,-0.2112125083484444,0.01725174813420116
F2c_SPD,speed,feature_bank_manus_validation_20260915,medium,0.33566017316017316,0.5266556972439326,0.19099552408375942,-0.24647509797731137,0.00715749275208602
F2c_SPD,speed,feature_bank_manus_validation_20260915,fast,0.42269397269397274,0.5112572612572612,0.08856328856328849,-0.4278342243505029,0.006378531497912676
F3_Ring,speed,feature_bank_manus_validation_20260915,ALL,0.3409759660911735,0.378146076970465,0.03717011087929151,-0.6368372451179156,-0.01670395023816401
F3_Ring,speed,feature_bank_manus_validation_20260915,slow,0.2124135124135124,0.2688746438746438,0.056461131461131436,-0.9573075653047827,-0.032291484642215595
F3_Ring,speed,feature_bank_manus_validation_20260915,medium,0.33566017316017316,0.34572649572649566,0.010066322566322505,-0.7296944010590489,-0.021647687142921035
F3_Ring,speed,feature_bank_manus_validation_20260915,fast,0.42269397269397274,0.484071484071484,0.06137751137751124,-0.22350976898991837,0.0038273210706445265
F4_Spectral,speed,feature_bank_manus_validation_20260915,ALL,0.3409759660911735,0.3671492921492921,0.026173326058118618,-0.9725797536328424,-0.02178861306757171
F4_Spectral,speed,feature_bank_manus_validation_20260915,slow,0.2124135124135124,0.23703703703703702,0.02462352462352463,-1.2506423383747807,-0.04669122756677732
F4_Spectral,speed,feature_bank_manus_validation_20260915,medium,0.33566017316017316,0.416088486676722,0.08042831351654883,-0.8746912798528128,-0.0044127968823236
F4_Spectral,speed,feature_bank_manus_validation_20260915,fast,0.42269397269397274,0.4335969041851395,0.010902931491166779,-0.7924056426709356,-0.014261814753614155
F5_Temporal,speed,feature_bank_manus_validation_20260915,ALL,0.3409759660911735,0.3393441236183172,-0.0016318424728563041,-0.46396310857902945,-0.02051143938068864
F5_Temporal,speed,feature_bank_manus_validation_20260915,slow,0.2124135124135124,0.22420634920634916,0.01179283679283677,-0.6698752457473711,-0.03030054823640299
F5_Temporal,speed,feature_bank_manus_validation_20260915,medium,0.33566017316017316,0.36809301809301803,0.03243284493284487,-0.36240881444836326,-0.012289181201315447
F5_Temporal,speed,feature_bank_manus_validation_20260915,fast,0.42269397269397274,0.38472222222222224,-0.0379717504717505,-0.35960526554135486,-0.018944588704347454
F9_Quality,speed,feature_bank_manus_validation_20260915,ALL,0.3409759660911735,0.3581472826898601,0.017171316598686648,-0.9732417476073318,-0.014345432739008457
F9_Quality,speed,feature_bank_manus_validation_20260915,slow,0.2124135124135124,0.255026455026455,0.0426129426129426,-1.2893655861636608,-0.03233318540122637
F9_Quality,speed,feature_bank_manus_validation_20260915,medium,0.33566017316017316,0.3611111111111111,0.025450937950937946,-1.1371502207442208,-0.01022527772357018
F9_Quality,speed,feature_bank_manus_validation_20260915,fast,0.42269397269397274,0.4241647241647242,0.0014707514707514857,-0.49320943591411703,-0.0004778350922287622
F6_IMU,speed,feature_bank_manus_validation_20260915,ALL,0.3409759660911735,0.3629196998655127,0.021943733774339225,-0.5113415052608046,-0.02331613908914479
F6_IMU,speed,feature_bank_manus_validation_20260915,slow,0.2124135124135124,0.3008885850991114,0.08847507268559904,-0.7058187693213438,-0.03089802174541484
F6_IMU,speed,feature_bank_manus_validation_20260915,medium,0.33566017316017316,0.4090874811463047,0.07342730798613156,-0.4930966419012157,-0.009935888027638562
F6_IMU,speed,feature_bank_manus_validation_20260915,fast,0.42269397269397274,0.356010656010656,-0.06668331668331673,-0.3351091045598551,-0.029114507494381048
