run_id,dataset,phase,subject,condition,feature_family,family_implementation,core_definition_mode,D_nuisance,D_gesture,J,feature_dimension,scope,domain,family,definition
feature_bank_wearing_document_core_validation_20260916,libemg_electrode_shift,validation,15,trial_1,F0,RestNoiseLocalDetailFamily,document,8.180249214172363,15.180462837219238,1.855745765167775,48,descriptive labelled target centroids; separate per-family scaler fits Before-source trial means only; not model selection,,,
feature_bank_wearing_document_core_validation_20260916,libemg_electrode_shift,validation,15,trial_2,F0,RestNoiseLocalDetailFamily,document,10.445313453674316,18.144662857055664,1.7371104215806212,48,descriptive labelled target centroids; separate per-family scaler fits Before-source trial means only; not model selection,,,
feature_bank_wearing_document_core_validation_20260916,libemg_electrode_shift,validation,15,trial_3,F0,RestNoiseLocalDetailFamily,document,10.433318138122559,17.654756546020508,1.6921516541808177,48,descriptive labelled target centroids; separate per-family scaler fits Before-source trial means only; not model selection,,,
feature_bank_wearing_document_core_validation_20260916,libemg_electrode_shift,validation,15,trial_4,F0,RestNoiseLocalDetailFamily,document,10.696943283081055,17.54421615600586,1.640114908691087,48,descriptive labelled target centroids; separate per-family scaler fits Before-source trial means only; not model selection,,,
feature_bank_wearing_document_core_validation_20260916,libemg_electrode_shift,validation,15,trial_1,F1_reference,ScalePatternFamily,document,4.188941478729248,4.959271430969238,1.1838960883436578,8,descriptive labelled target centroids; separate per-family scaler fits Before-source trial means only; not model selection,,,
feature_bank_wearing_document_core_validation_20260916,libemg_electrode_shift,validation,15,trial_2,F1_reference,ScalePatternFamily,document,4.138302803039551,5.047092437744141,1.2196044315645225,8,descriptive labelled target centroids; separate per-family scaler fits Before-source trial means only; not model selection,,,
feature_bank_wearing_document_core_validation_20260916,libemg_electrode_shift,validation,15,trial_3,F1_reference,ScalePatternFamily,document,4.225659370422363,4.981809616088867,1.1789425458563987,8,descriptive labelled target centroids; separate per-family scaler fits Before-source trial means only; not model selection,,,
feature_bank_wearing_document_core_validation_20260916,libemg_electrode_shift,validation,15,trial_4,F1_reference,ScalePatternFamily,document,4.409421920776367,5.057818412780762,1.1470479585879785,8,descriptive labelled target centroids; separate per-family scaler fits Before-source trial means only; not model selection,,,
feature_bank_wearing_document_core_validation_20260916,libemg_electrode_shift,validation,15,trial_1,F2b_CSP,DocumentCspFamily,document,5.108776092529297,6.435030460357666,1.2596031503057117,20,descriptive labelled target centroids; separate per-family scaler fits Before-source trial means only; not model selection,,,
feature_bank_wearing_document_core_validation_20260916,libemg_electrode_shift,validation,15,trial_2,F2b_CSP,DocumentCspFamily,document,5.3248209953308105,7.021111965179443,1.3185630035891809,20,descriptive labelled target centroids; separate per-family scaler fits Before-source trial means only; not model selection,,,
feature_bank_wearing_document_core_validation_20260916,libemg_electrode_shift,validation,15,trial_3,F2b_CSP,DocumentCspFamily,document,5.6653852462768555,7.080406188964844,1.249766058471779,20,descriptive labelled target centroids; separate per-family scaler fits Before-source trial means only; not model selection,,,
feature_bank_wearing_document_core_validation_20260916,libemg_electrode_shift,validation,15,trial_4,F2b_CSP,DocumentCspFamily,document,5.370785713195801,6.314111232757568,1.1756401334804476,20,descriptive labelled target centroids; separate per-family scaler fits Before-source trial means only; not model selection,,,
feature_bank_wearing_document_core_validation_20260916,libemg_electrode_shift,validation,15,trial_1,F3c_raw,RawRingCovarianceFamily,document,3.091472864151001,6.776374816894531,2.1919567515768277,24,descriptive labelled target centroids; separate per-family scaler fits Before-source trial means only; not model selection,,,
feature_bank_wearing_document_core_validation_20260916,libemg_electrode_shift,validation,15,trial_2,F3c_raw,RawRingCovarianceFamily,document,3.606344223022461,5.987212181091309,1.6601887703530953,24,descriptive labelled target centroids; separate per-family scaler fits Before-source trial means only; not model selection,,,
feature_bank_wearing_document_core_validation_20260916,libemg_electrode_shift,validation,15,trial_3,F3c_raw,RawRingCovarianceFamily,document,2.8584792613983154,5.523177146911621,1.9322082274642258,24,descriptive labelled target centroids; separate per-family scaler fits Before-source trial means only; not model selection,,,
feature_bank_wearing_document_core_validation_20260916,libemg_electrode_shift,validation,15,trial_4,F3c_raw,RawRingCovarianceFamily,document,2.625805377960205,6.31156063079834,2.403666579317818,24,descriptive labelled target centroids; separate per-family scaler fits Before-source trial means only; not model selection,,,
feature_bank_wearing_document_core_validation_20260916,libemg_electrode_shift,validation,16,trial_1,F0,RestNoiseLocalDetailFamily,document,5.7115373611450195,10.288481712341309,1.8013506805244683,48,descriptive labelled target centroids; separate per-family scaler fits Before-source trial means only; not model selection,,,
feature_bank_wearing_document_core_validation_20260916,libemg_electrode_shift,validation,16,trial_2,F0,RestNoiseLocalDetailFamily,document,6.463864803314209,8.640189170837402,1.3366908859860425,48,descriptive labelled target centroids; separate per-family scaler fits Before-source trial means only; not model selection,,,
feature_bank_wearing_document_core_validation_20260916,libemg_electrode_shift,validation,16,trial_3,F0,RestNoiseLocalDetailFamily,document,5.968382835388184,12.694437980651855,2.1269476725556062,48,descriptive labelled target centroids; separate per-family scaler fits Before-source trial means only; not model selection,,,
feature_bank_wearing_document_core_validation_20260916,libemg_electrode_shift,validation,16,trial_4,F0,RestNoiseLocalDetailFamily,document,6.524075508117676,10.625288009643555,1.6286273812161212,48,descriptive labelled target centroids; separate per-family scaler fits Before-source trial means only; not model selection,,,
feature_bank_wearing_document_core_validation_20260916,libemg_electrode_shift,validation,16,trial_1,F1_reference,ScalePatternFamily,document,3.3860955238342285,4.921398162841797,1.45341385917773,8,descriptive labelled target centroids; separate per-family scaler fits Before-source trial means only; not model selection,,,
feature_bank_wearing_document_core_validation_20260916,libemg_electrode_shift,validation,16,trial_2,F1_reference,ScalePatternFamily,document,3.4571290016174316,5.852168560028076,1.6927828140889225,8,descriptive labelled target centroids; separate per-family scaler fits Before-source trial means only; not model selection,,,
feature_bank_wearing_document_core_validation_20260916,libemg_electrode_shift,validation,16,trial_3,F1_reference,ScalePatternFamily,document,3.1904139518737793,5.853490829467773,1.8347120209990597,8,descriptive labelled target centroids; separate per-family scaler fits Before-source trial means only; not model selection,,,
feature_bank_wearing_document_core_validation_20260916,libemg_electrode_shift,validation,16,trial_4,F1_reference,ScalePatternFamily,document,3.2879958152770996,5.714805603027344,1.738081775065758,8,descriptive labelled target centroids; separate per-family scaler fits Before-source trial means only; not model selection,,,
feature_bank_wearing_document_core_validation_20260916,libemg_electrode_shift,validation,16,trial_1,F2b_CSP,DocumentCspFamily,document,4.1117634773254395,6.435177803039551,1.5650651693671465,20,descriptive labelled target centroids; separate per-family scaler fits Before-source trial means only; not model selection,,,
feature_bank_wearing_document_core_validation_20260916,libemg_electrode_shift,validation,16,trial_2,F2b_CSP,DocumentCspFamily,document,4.052922248840332,7.126574516296387,1.7583792825864755,20,descriptive labelled target centroids; separate per-family scaler fits Before-source trial means only; not model selection,,,
feature_bank_wearing_document_core_validation_20260916,libemg_electrode_shift,validation,16,trial_3,F2b_CSP,DocumentCspFamily,document,3.8169853687286377,7.3171491622924805,1.9169969112896446,20,descriptive labelled target centroids; separate per-family scaler fits Before-source trial means only; not model selection,,,
feature_bank_wearing_document_core_validation_20260916,libemg_electrode_shift,validation,16,trial_4,F2b_CSP,DocumentCspFamily,document,3.771284580230713,6.5973029136657715,1.749351652815451,20,descriptive labelled target centroids; separate per-family scaler fits Before-source trial means only; not model selection,,,
feature_bank_wearing_document_core_validation_20260916,libemg_electrode_shift,validation,16,trial_1,F3c_raw,RawRingCovarianceFamily,document,4.883596420288086,7.482309818267822,1.5321310719252481,24,descriptive labelled target centroids; separate per-family scaler fits Before-source trial means only; not model selection,,,
feature_bank_wearing_document_core_validation_20260916,libemg_electrode_shift,validation,16,trial_2,F3c_raw,RawRingCovarianceFamily,document,4.095465660095215,6.671091556549072,1.6288969582990833,24,descriptive labelled target centroids; separate per-family scaler fits Before-source trial means only; not model selection,,,
feature_bank_wearing_document_core_validation_20260916,libemg_electrode_shift,validation,16,trial_3,F3c_raw,RawRingCovarianceFamily,document,3.939373731613159,5.73000431060791,1.4545470171117885,24,descriptive labelled target centroids; separate per-family scaler fits Before-source trial means only; not model selection,,,
feature_bank_wearing_document_core_validation_20260916,libemg_electrode_shift,validation,16,trial_4,F3c_raw,RawRingCovarianceFamily,document,5.000473976135254,7.21477746963501,1.4428187215984063,24,descriptive labelled target centroids; separate per-family scaler fits Before-source trial means only; not model selection,,,
feature_bank_wearing_document_core_validation_20260916,libemg_electrode_shift,validation,17,trial_1,F0,RestNoiseLocalDetailFamily,document,6.8032026290893555,13.399887084960938,1.9696439773325718,48,descriptive labelled target centroids; separate per-family scaler fits Before-source trial means only; not model selection,,,
feature_bank_wearing_document_core_validation_20260916,libemg_electrode_shift,validation,17,trial_2,F0,RestNoiseLocalDetailFamily,document,6.304487705230713,12.652514457702637,2.006906040470676,48,descriptive labelled target centroids; separate per-family scaler fits Before-source trial means only; not model selection,,,
feature_bank_wearing_document_core_validation_20260916,libemg_electrode_shift,validation,17,trial_3,F0,RestNoiseLocalDetailFamily,document,5.802760601043701,11.319515228271484,1.9507120845608508,48,descriptive labelled target centroids; separate per-family scaler fits Before-source trial means only; not model selection,,,
feature_bank_wearing_document_core_validation_20260916,libemg_electrode_shift,validation,17,trial_4,F0,RestNoiseLocalDetailFamily,document,5.959958076477051,11.490084648132324,1.927880112694051,48,descriptive labelled target centroids; separate per-family scaler fits Before-source trial means only; not model selection,,,
feature_bank_wearing_document_core_validation_20260916,libemg_electrode_shift,validation,17,trial_1,F1_reference,ScalePatternFamily,document,3.902392625808716,4.668566703796387,1.196334441829183,8,descriptive labelled target centroids; separate per-family scaler fits Before-source trial means only; not model selection,,,
feature_bank_wearing_document_core_validation_20260916,libemg_electrode_shift,validation,17,trial_2,F1_reference,ScalePatternFamily,document,3.829423427581787,4.806133270263672,1.255054020833994,8,descriptive labelled target centroids; separate per-family scaler fits Before-source trial means only; not model selection,,,
feature_bank_wearing_document_core_validation_20260916,libemg_electrode_shift,validation,17,trial_3,F1_reference,ScalePatternFamily,document,3.768332004547119,4.612362861633301,1.2239799614435496,8,descriptive labelled target centroids; separate per-family scaler fits Before-source trial means only; not model selection,,,
feature_bank_wearing_document_core_validation_20260916,libemg_electrode_shift,validation,17,trial_4,F1_reference,ScalePatternFamily,document,3.9179210662841797,4.482102394104004,1.1440001772046313,8,descriptive labelled target centroids; separate per-family scaler fits Before-source trial means only; not model selection,,,
feature_bank_wearing_document_core_validation_20260916,libemg_electrode_shift,validation,17,trial_1,F2b_CSP,DocumentCspFamily,document,5.982670783996582,7.491994380950928,1.2522825760345158,20,descriptive labelled target centroids; separate per-family scaler fits Before-source trial means only; not model selection,,,
feature_bank_wearing_document_core_validation_20260916,libemg_electrode_shift,validation,17,trial_2,F2b_CSP,DocumentCspFamily,document,5.747189521789551,7.3755202293396,1.283326433098336,20,descriptive labelled target centroids; separate per-family scaler fits Before-source trial means only; not model selection,,,
feature_bank_wearing_document_core_validation_20260916,libemg_electrode_shift,validation,17,trial_3,F2b_CSP,DocumentCspFamily,document,5.651468753814697,7.215115547180176,1.2766797201716371,20,descriptive labelled target centroids; separate per-family scaler fits Before-source trial means only; not model selection,,,
feature_bank_wearing_document_core_validation_20260916,libemg_electrode_shift,validation,17,trial_4,F2b_CSP,DocumentCspFamily,document,5.682333946228027,6.990448951721191,1.2302073440017143,20,descriptive labelled target centroids; separate per-family scaler fits Before-source trial means only; not model selection,,,
feature_bank_wearing_document_core_validation_20260916,libemg_electrode_shift,validation,17,trial_1,F3c_raw,RawRingCovarianceFamily,document,3.3316702842712402,7.297661781311035,2.1903913528781596,24,descriptive labelled target centroids; separate per-family scaler fits Before-source trial means only; not model selection,,,
feature_bank_wearing_document_core_validation_20260916,libemg_electrode_shift,validation,17,trial_2,F3c_raw,RawRingCovarianceFamily,document,2.8009822368621826,7.584394931793213,2.707762595555397,24,descriptive labelled target centroids; separate per-family scaler fits Before-source trial means only; not model selection,,,
feature_bank_wearing_document_core_validation_20260916,libemg_electrode_shift,validation,17,trial_3,F3c_raw,RawRingCovarianceFamily,document,3.256718397140503,7.91437292098999,2.430168026789365,24,descriptive labelled target centroids; separate per-family scaler fits Before-source trial means only; not model selection,,,
feature_bank_wearing_document_core_validation_20260916,libemg_electrode_shift,validation,17,trial_4,F3c_raw,RawRingCovarianceFamily,document,3.1088764667510986,5.113337516784668,1.6447541648789497,24,descriptive labelled target centroids; separate per-family scaler fits Before-source trial means only; not model selection,,,
feature_bank_wearing_document_core_final_20260916,libemg_electrode_shift,final,18,trial_1,F0,RestNoiseLocalDetailFamily,document,5.427441596984863,11.52079963684082,2.122694354415331,48,descriptive labelled target centroids; separate per-family scaler fits Before-source trial means only; not model selection,,,
feature_bank_wearing_document_core_final_20260916,libemg_electrode_shift,final,18,trial_2,F0,RestNoiseLocalDetailFamily,document,4.891859531402588,10.272589683532715,2.0999355393561907,48,descriptive labelled target centroids; separate per-family scaler fits Before-source trial means only; not model selection,,,
feature_bank_wearing_document_core_final_20260916,libemg_electrode_shift,final,18,trial_3,F0,RestNoiseLocalDetailFamily,document,4.838711738586426,10.379996299743652,2.145198321480069,48,descriptive labelled target centroids; separate per-family scaler fits Before-source trial means only; not model selection,,,
feature_bank_wearing_document_core_final_20260916,libemg_electrode_shift,final,18,trial_4,F0,RestNoiseLocalDetailFamily,document,5.244035243988037,11.650904655456543,2.221744155669313,48,descriptive labelled target centroids; separate per-family scaler fits Before-source trial means only; not model selection,,,
feature_bank_wearing_document_core_final_20260916,libemg_electrode_shift,final,18,trial_1,F1_reference,ScalePatternFamily,document,3.7873051166534424,5.58412504196167,1.4744323126768482,8,descriptive labelled target centroids; separate per-family scaler fits Before-source trial means only; not model selection,,,
feature_bank_wearing_document_core_final_20260916,libemg_electrode_shift,final,18,trial_2,F1_reference,ScalePatternFamily,document,3.4184906482696533,5.427907943725586,1.5878083347899334,8,descriptive labelled target centroids; separate per-family scaler fits Before-source trial means only; not model selection,,,
feature_bank_wearing_document_core_final_20260916,libemg_electrode_shift,final,18,trial_3,F1_reference,ScalePatternFamily,document,3.470003604888916,5.146379470825195,1.483104934984199,8,descriptive labelled target centroids; separate per-family scaler fits Before-source trial means only; not model selection,,,
feature_bank_wearing_document_core_final_20260916,libemg_electrode_shift,final,18,trial_4,F1_reference,ScalePatternFamily,document,3.5564703941345215,5.153586387634277,1.4490733273450938,8,descriptive labelled target centroids; separate per-family scaler fits Before-source trial means only; not model selection,,,
feature_bank_wearing_document_core_final_20260916,libemg_electrode_shift,final,18,trial_1,F2b_CSP,DocumentCspFamily,document,4.85756778717041,6.1713337898254395,1.2704575746989304,20,descriptive labelled target centroids; separate per-family scaler fits Before-source trial means only; not model selection,,,
feature_bank_wearing_document_core_final_20260916,libemg_electrode_shift,final,18,trial_2,F2b_CSP,DocumentCspFamily,document,4.735785961151123,6.102738380432129,1.2886432010426951,20,descriptive labelled target centroids; separate per-family scaler fits Before-source trial means only; not model selection,,,
feature_bank_wearing_document_core_final_20260916,libemg_electrode_shift,final,18,trial_3,F2b_CSP,DocumentCspFamily,document,4.612773418426514,5.8683953285217285,1.2722054166107846,20,descriptive labelled target centroids; separate per-family scaler fits Before-source trial means only; not model selection,,,
feature_bank_wearing_document_core_final_20260916,libemg_electrode_shift,final,18,trial_4,F2b_CSP,DocumentCspFamily,document,4.650332450866699,6.005815029144287,1.2914807903730992,20,descriptive labelled target centroids; separate per-family scaler fits Before-source trial means only; not model selection,,,
feature_bank_wearing_document_core_final_20260916,libemg_electrode_shift,final,18,trial_1,F3c_raw,RawRingCovarianceFamily,document,3.4290382862091064,6.540428161621094,1.9073651606409459,24,descriptive labelled target centroids; separate per-family scaler fits Before-source trial means only; not model selection,,,
feature_bank_wearing_document_core_final_20260916,libemg_electrode_shift,final,18,trial_2,F3c_raw,RawRingCovarianceFamily,document,4.6606621742248535,6.200014591217041,1.3302862038583343,24,descriptive labelled target centroids; separate per-family scaler fits Before-source trial means only; not model selection,,,
feature_bank_wearing_document_core_final_20260916,libemg_electrode_shift,final,18,trial_3,F3c_raw,RawRingCovarianceFamily,document,4.513976097106934,7.904866695404053,1.751198173262068,24,descriptive labelled target centroids; separate per-family scaler fits Before-source trial means only; not model selection,,,
feature_bank_wearing_document_core_final_20260916,libemg_electrode_shift,final,18,trial_4,F3c_raw,RawRingCovarianceFamily,document,2.5093677043914795,6.707724571228027,2.673073603157722,24,descriptive labelled target centroids; separate per-family scaler fits Before-source trial means only; not model selection,,,
feature_bank_wearing_document_core_final_20260916,libemg_electrode_shift,final,19,trial_1,F0,RestNoiseLocalDetailFamily,document,7.622749328613281,9.889993667602539,1.2974313126731682,48,descriptive labelled target centroids; separate per-family scaler fits Before-source trial means only; not model selection,,,
feature_bank_wearing_document_core_final_20260916,libemg_electrode_shift,final,19,trial_2,F0,RestNoiseLocalDetailFamily,document,6.868595123291016,7.40575647354126,1.0782054176446771,48,descriptive labelled target centroids; separate per-family scaler fits Before-source trial means only; not model selection,,,
feature_bank_wearing_document_core_final_20260916,libemg_electrode_shift,final,19,trial_3,F0,RestNoiseLocalDetailFamily,document,6.778559684753418,7.694769382476807,1.1351628871518276,48,descriptive labelled target centroids; separate per-family scaler fits Before-source trial means only; not model selection,,,
feature_bank_wearing_document_core_final_20260916,libemg_electrode_shift,final,19,trial_4,F0,RestNoiseLocalDetailFamily,document,7.456986904144287,8.312657356262207,1.1147474795270538,48,descriptive labelled target centroids; separate per-family scaler fits Before-source trial means only; not model selection,,,
feature_bank_wearing_document_core_final_20260916,libemg_electrode_shift,final,19,trial_1,F1_reference,ScalePatternFamily,document,4.208144664764404,5.504199028015137,1.307987121759747,8,descriptive labelled target centroids; separate per-family scaler fits Before-source trial means only; not model selection,,,
feature_bank_wearing_document_core_final_20260916,libemg_electrode_shift,final,19,trial_2,F1_reference,ScalePatternFamily,document,4.175840854644775,5.765242576599121,1.3806183658041178,8,descriptive labelled target centroids; separate per-family scaler fits Before-source trial means only; not model selection,,,
feature_bank_wearing_document_core_final_20260916,libemg_electrode_shift,final,19,trial_3,F1_reference,ScalePatternFamily,document,4.213437080383301,5.344168186187744,1.2683631164370708,8,descriptive labelled target centroids; separate per-family scaler fits Before-source trial means only; not model selection,,,
feature_bank_wearing_document_core_final_20260916,libemg_electrode_shift,final,19,trial_4,F1_reference,ScalePatternFamily,document,4.428465843200684,5.502254486083984,1.2424741842664806,8,descriptive labelled target centroids; separate per-family scaler fits Before-source trial means only; not model selection,,,
feature_bank_wearing_document_core_final_20260916,libemg_electrode_shift,final,19,trial_1,F2b_CSP,DocumentCspFamily,document,6.5228776931762695,6.8597540855407715,1.0516453639343666,20,descriptive labelled target centroids; separate per-family scaler fits Before-source trial means only; not model selection,,,
feature_bank_wearing_document_core_final_20260916,libemg_electrode_shift,final,19,trial_2,F2b_CSP,DocumentCspFamily,document,5.579457759857178,7.2675981521606445,1.3025635222920617,20,descriptive labelled target centroids; separate per-family scaler fits Before-source trial means only; not model selection,,,
feature_bank_wearing_document_core_final_20260916,libemg_electrode_shift,final,19,trial_3,F2b_CSP,DocumentCspFamily,document,6.4001264572143555,6.74515438079834,1.053909547864325,20,descriptive labelled target centroids; separate per-family scaler fits Before-source trial means only; not model selection,,,
feature_bank_wearing_document_core_final_20260916,libemg_electrode_shift,final,19,trial_4,F2b_CSP,DocumentCspFamily,document,6.719613552093506,6.528238773345947,0.9715199725006646,20,descriptive labelled target centroids; separate per-family scaler fits Before-source trial means only; not model selection,,,
feature_bank_wearing_document_core_final_20260916,libemg_electrode_shift,final,19,trial_1,F3c_raw,RawRingCovarianceFamily,document,3.233187437057495,4.696530818939209,1.4526008498944438,24,descriptive labelled target centroids; separate per-family scaler fits Before-source trial means only; not model selection,,,
feature_bank_wearing_document_core_final_20260916,libemg_electrode_shift,final,19,trial_2,F3c_raw,RawRingCovarianceFamily,document,3.7003307342529297,6.208563327789307,1.6778401104303162,24,descriptive labelled target centroids; separate per-family scaler fits Before-source trial means only; not model selection,,,
feature_bank_wearing_document_core_final_20260916,libemg_electrode_shift,final,19,trial_3,F3c_raw,RawRingCovarianceFamily,document,3.994441270828247,4.488986015319824,1.1238082402417973,24,descriptive labelled target centroids; separate per-family scaler fits Before-source trial means only; not model selection,,,
feature_bank_wearing_document_core_final_20260916,libemg_electrode_shift,final,19,trial_4,F3c_raw,RawRingCovarianceFamily,document,3.788226366043091,4.70827579498291,1.2428707632642328,24,descriptive labelled target centroids; separate per-family scaler fits Before-source trial means only; not model selection,,,
feature_bank_wearing_document_core_final_20260916,libemg_electrode_shift,final,20,trial_1,F0,RestNoiseLocalDetailFamily,document,9.411486625671387,7.214369297027588,0.7665493862944496,48,descriptive labelled target centroids; separate per-family scaler fits Before-source trial means only; not model selection,,,
feature_bank_wearing_document_core_final_20260916,libemg_electrode_shift,final,20,trial_2,F0,RestNoiseLocalDetailFamily,document,8.437887191772461,10.200377464294434,1.208878150710443,48,descriptive labelled target centroids; separate per-family scaler fits Before-source trial means only; not model selection,,,
feature_bank_wearing_document_core_final_20260916,libemg_electrode_shift,final,20,trial_3,F0,RestNoiseLocalDetailFamily,document,8.790212631225586,8.992627143859863,1.0230272601045183,48,descriptive labelled target centroids; separate per-family scaler fits Before-source trial means only; not model selection,,,
feature_bank_wearing_document_core_final_20260916,libemg_electrode_shift,final,20,trial_4,F0,RestNoiseLocalDetailFamily,document,9.045353889465332,7.303635597229004,0.8074460862978918,48,descriptive labelled target centroids; separate per-family scaler fits Before-source trial means only; not model selection,,,
feature_bank_wearing_document_core_final_20260916,libemg_electrode_shift,final,20,trial_1,F1_reference,ScalePatternFamily,document,3.7397544384002686,4.174343109130859,1.1162078093328973,8,descriptive labelled target centroids; separate per-family scaler fits Before-source trial means only; not model selection,,,
feature_bank_wearing_document_core_final_20260916,libemg_electrode_shift,final,20,trial_2,F1_reference,ScalePatternFamily,document,3.697129726409912,5.246316432952881,1.4190241677145268,8,descriptive labelled target centroids; separate per-family scaler fits Before-source trial means only; not model selection,,,
feature_bank_wearing_document_core_final_20260916,libemg_electrode_shift,final,20,trial_3,F1_reference,ScalePatternFamily,document,3.0946826934814453,4.299649238586426,1.3893667507953884,8,descriptive labelled target centroids; separate per-family scaler fits Before-source trial means only; not model selection,,,
feature_bank_wearing_document_core_final_20260916,libemg_electrode_shift,final,20,trial_4,F1_reference,ScalePatternFamily,document,3.5571255683898926,4.6311140060424805,1.3019259278320667,8,descriptive labelled target centroids; separate per-family scaler fits Before-source trial means only; not model selection,,,
feature_bank_wearing_document_core_final_20260916,libemg_electrode_shift,final,20,trial_1,F2b_CSP,DocumentCspFamily,document,4.283509731292725,4.709922790527344,1.0995475873717302,20,descriptive labelled target centroids; separate per-family scaler fits Before-source trial means only; not model selection,,,
feature_bank_wearing_document_core_final_20260916,libemg_electrode_shift,final,20,trial_2,F2b_CSP,DocumentCspFamily,document,4.310662269592285,6.552127838134766,1.5199817170443661,20,descriptive labelled target centroids; separate per-family scaler fits Before-source trial means only; not model selection,,,
feature_bank_wearing_document_core_final_20260916,libemg_electrode_shift,final,20,trial_3,F2b_CSP,DocumentCspFamily,document,3.6225173473358154,6.201569557189941,1.711950271749335,20,descriptive labelled target centroids; separate per-family scaler fits Before-source trial means only; not model selection,,,
feature_bank_wearing_document_core_final_20260916,libemg_electrode_shift,final,20,trial_4,F2b_CSP,DocumentCspFamily,document,4.16117525100708,5.997437000274658,1.4412844060873735,20,descriptive labelled target centroids; separate per-family scaler fits Before-source trial means only; not model selection,,,
feature_bank_wearing_document_core_final_20260916,libemg_electrode_shift,final,20,trial_1,F3c_raw,RawRingCovarianceFamily,document,4.251287937164307,5.36283016204834,1.261460113102617,24,descriptive labelled target centroids; separate per-family scaler fits Before-source trial means only; not model selection,,,
feature_bank_wearing_document_core_final_20260916,libemg_electrode_shift,final,20,trial_2,F3c_raw,RawRingCovarianceFamily,document,4.5000715255737305,6.2219557762146,1.3826348627691996,24,descriptive labelled target centroids; separate per-family scaler fits Before-source trial means only; not model selection,,,
feature_bank_wearing_document_core_final_20260916,libemg_electrode_shift,final,20,trial_3,F3c_raw,RawRingCovarianceFamily,document,4.948791027069092,6.8444366455078125,1.3830522663148355,24,descriptive labelled target centroids; separate per-family scaler fits Before-source trial means only; not model selection,,,
feature_bank_wearing_document_core_final_20260916,libemg_electrode_shift,final,20,trial_4,F3c_raw,RawRingCovarianceFamily,document,4.132378578186035,6.451778411865234,1.5612747694321294,24,descriptive labelled target centroids; separate per-family scaler fits Before-source trial means only; not model selection,,,
feature_bank_electrode_shift_audited_validation_20260915,libemg_electrode_shift,validation,15,,,,,8.777604103088379,15.952341079711914,1.8173912712806566,48,,trial_1,F0,source-standardized trial-mean class centroids; before/after shift displacement
feature_bank_electrode_shift_audited_validation_20260915,libemg_electrode_shift,validation,15,,,,,11.728113174438477,19.382091522216797,1.6526180498034908,48,,trial_2,F0,source-standardized trial-mean class centroids; before/after shift displacement
feature_bank_electrode_shift_audited_validation_20260915,libemg_electrode_shift,validation,15,,,,,11.558688163757324,18.965988159179688,1.6408426190306418,48,,trial_3,F0,source-standardized trial-mean class centroids; before/after shift displacement
feature_bank_electrode_shift_audited_validation_20260915,libemg_electrode_shift,validation,15,,,,,11.54455852508545,18.879283905029297,1.6353404821851274,48,,trial_4,F0,source-standardized trial-mean class centroids; before/after shift displacement
feature_bank_electrode_shift_audited_validation_20260915,libemg_electrode_shift,validation,15,,,,,4.188941478729248,4.959271430969238,1.1838960883436578,8,,trial_1,F1_X1H,source-standardized trial-mean class centroids; before/after shift displacement
feature_bank_electrode_shift_audited_validation_20260915,libemg_electrode_shift,validation,15,,,,,4.138302803039551,5.047092437744141,1.2196044315645225,8,,trial_2,F1_X1H,source-standardized trial-mean class centroids; before/after shift displacement
feature_bank_electrode_shift_audited_validation_20260915,libemg_electrode_shift,validation,15,,,,,4.225659370422363,4.981809616088867,1.1789425458563987,8,,trial_3,F1_X1H,source-standardized trial-mean class centroids; before/after shift displacement
feature_bank_electrode_shift_audited_validation_20260915,libemg_electrode_shift,validation,15,,,,,4.409421920776367,5.057818412780762,1.1470479585879785,8,,trial_4,F1_X1H,source-standardized trial-mean class centroids; before/after shift displacement
feature_bank_electrode_shift_audited_validation_20260915,libemg_electrode_shift,validation,15,,,,,9.378318786621094,12.9563627243042,1.3815229594014318,36,,trial_1,F2a_Cov,source-standardized trial-mean class centroids; before/after shift displacement
feature_bank_electrode_shift_audited_validation_20260915,libemg_electrode_shift,validation,15,,,,,9.264556884765625,11.502391815185547,1.2415479723696783,36,,trial_2,F2a_Cov,source-standardized trial-mean class centroids; before/after shift displacement
feature_bank_electrode_shift_audited_validation_20260915,libemg_electrode_shift,validation,15,,,,,8.575666427612305,9.733869552612305,1.135056923537701,36,,trial_3,F2a_Cov,source-standardized trial-mean class centroids; before/after shift displacement
feature_bank_electrode_shift_audited_validation_20260915,libemg_electrode_shift,validation,15,,,,,8.340600967407227,9.39676284790039,1.1266289904791307,36,,trial_4,F2a_Cov,source-standardized trial-mean class centroids; before/after shift displacement
feature_bank_electrode_shift_audited_validation_20260915,libemg_electrode_shift,validation,15,,,,,4.004638195037842,4.497557640075684,1.1230871357236458,10,,trial_1,F2b_CSP,source-standardized trial-mean class centroids; before/after shift displacement
feature_bank_electrode_shift_audited_validation_20260915,libemg_electrode_shift,validation,15,,,,,3.99543833732605,4.570545196533203,1.1439408672218179,10,,trial_2,F2b_CSP,source-standardized trial-mean class centroids; before/after shift displacement
feature_bank_electrode_shift_audited_validation_20260915,libemg_electrode_shift,validation,15,,,,,4.214079856872559,4.612305641174316,1.0944988699374585,10,,trial_3,F2b_CSP,source-standardized trial-mean class centroids; before/after shift displacement
feature_bank_electrode_shift_audited_validation_20260915,libemg_electrode_shift,validation,15,,,,,4.100846290588379,4.166042327880859,1.015898190927344,10,,trial_4,F2b_CSP,source-standardized trial-mean class centroids; before/after shift displacement
feature_bank_electrode_shift_audited_validation_20260915,libemg_electrode_shift,validation,15,,,,,7.608392238616943,8.643972396850586,1.1361102484932815,36,,trial_1,F2c_SPD,source-standardized trial-mean class centroids; before/after shift displacement
feature_bank_electrode_shift_audited_validation_20260915,libemg_electrode_shift,validation,15,,,,,7.654311180114746,8.744869232177734,1.1424763151640638,36,,trial_2,F2c_SPD,source-standardized trial-mean class centroids; before/after shift displacement
feature_bank_electrode_shift_audited_validation_20260915,libemg_electrode_shift,validation,15,,,,,7.450679779052734,8.310179710388184,1.115358592346269,36,,trial_3,F2c_SPD,source-standardized trial-mean class centroids; before/after shift displacement
feature_bank_electrode_shift_audited_validation_20260915,libemg_electrode_shift,validation,15,,,,,7.565237522125244,7.811154365539551,1.032506162918754,36,,trial_4,F2c_SPD,source-standardized trial-mean class centroids; before/after shift displacement
feature_bank_electrode_shift_audited_validation_20260915,libemg_electrode_shift,validation,15,,,,,3.9786410331726074,7.420062065124512,1.8649739957077294,40,,trial_1,F3_Ring,source-standardized trial-mean class centroids; before/after shift displacement
feature_bank_electrode_shift_audited_validation_20260915,libemg_electrode_shift,validation,15,,,,,5.325146198272705,8.789447784423828,1.6505552067797074,40,,trial_2,F3_Ring,source-standardized trial-mean class centroids; before/after shift displacement
feature_bank_electrode_shift_audited_validation_20260915,libemg_electrode_shift,validation,15,,,,,3.9246838092803955,8.33029556274414,2.122539284067678,40,,trial_3,F3_Ring,source-standardized trial-mean class centroids; before/after shift displacement
feature_bank_electrode_shift_audited_validation_20260915,libemg_electrode_shift,validation,15,,,,,4.563590049743652,9.040105819702148,1.9809197848978506,40,,trial_4,F3_Ring,source-standardized trial-mean class centroids; before/after shift displacement
feature_bank_electrode_shift_audited_validation_20260915,libemg_electrode_shift,validation,15,,,,,15.585214614868164,21.88037109375,1.4039184980407589,72,,trial_1,F4_Spectral,source-standardized trial-mean class centroids; before/after shift displacement
feature_bank_electrode_shift_audited_validation_20260915,libemg_electrode_shift,validation,15,,,,,19.47624397277832,27.335058212280273,1.4035076912409143,72,,trial_2,F4_Spectral,source-standardized trial-mean class centroids; before/after shift displacement
feature_bank_electrode_shift_audited_validation_20260915,libemg_electrode_shift,validation,15,,,,,19.35111427307129,26.02004623413086,1.3446278011152366,72,,trial_3,F4_Spectral,source-standardized trial-mean class centroids; before/after shift displacement
feature_bank_electrode_shift_audited_validation_20260915,libemg_electrode_shift,validation,15,,,,,20.349834442138672,27.016498565673828,1.3276028678508107,72,,trial_4,F4_Spectral,source-standardized trial-mean class centroids; before/after shift displacement
feature_bank_electrode_shift_audited_validation_20260915,libemg_electrode_shift,validation,15,,,,,9.267836570739746,14.007658004760742,1.5114269546987877,57,,trial_1,F5_Temporal,source-standardized trial-mean class centroids; before/after shift displacement
feature_bank_electrode_shift_audited_validation_20260915,libemg_electrode_shift,validation,15,,,,,10.799102783203125,15.44389533996582,1.4301091164708382,57,,trial_2,F5_Temporal,source-standardized trial-mean class centroids; before/after shift displacement
feature_bank_electrode_shift_audited_validation_20260915,libemg_electrode_shift,validation,15,,,,,11.022500038146973,15.370452880859375,1.3944615856351548,57,,trial_3,F5_Temporal,source-standardized trial-mean class centroids; before/after shift displacement
feature_bank_electrode_shift_audited_validation_20260915,libemg_electrode_shift,validation,15,,,,,11.249627113342285,16.003929138183594,1.4226186323279273,57,,trial_4,F5_Temporal,source-standardized trial-mean class centroids; before/after shift displacement
feature_bank_electrode_shift_audited_validation_20260915,libemg_electrode_shift,validation,15,,,,,12.550187110900879,20.590551376342773,1.6406569236291728,53,,trial_1,F9_Quality,source-standardized trial-mean class centroids; before/after shift displacement
feature_bank_electrode_shift_audited_validation_20260915,libemg_electrode_shift,validation,15,,,,,18.531518936157227,27.782207489013672,1.4991867415037274,53,,trial_2,F9_Quality,source-standardized trial-mean class centroids; before/after shift displacement
feature_bank_electrode_shift_audited_validation_20260915,libemg_electrode_shift,validation,15,,,,,18.71645736694336,26.726083755493164,1.4279456433189555,53,,trial_3,F9_Quality,source-standardized trial-mean class centroids; before/after shift displacement
feature_bank_electrode_shift_audited_validation_20260915,libemg_electrode_shift,validation,15,,,,,17.937692642211914,26.129104614257812,1.4566591777120756,53,,trial_4,F9_Quality,source-standardized trial-mean class centroids; before/after shift displacement
feature_bank_electrode_shift_audited_validation_20260915,libemg_electrode_shift,validation,16,,,,,6.090065956115723,10.655641555786133,1.7496758873496026,48,,trial_1,F0,source-standardized trial-mean class centroids; before/after shift displacement
feature_bank_electrode_shift_audited_validation_20260915,libemg_electrode_shift,validation,16,,,,,6.605641841888428,8.090712547302246,1.22481853254521,48,,trial_2,F0,source-standardized trial-mean class centroids; before/after shift displacement
feature_bank_electrode_shift_audited_validation_20260915,libemg_electrode_shift,validation,16,,,,,6.772097587585449,13.758890151977539,2.0317028769931174,48,,trial_3,F0,source-standardized trial-mean class centroids; before/after shift displacement
feature_bank_electrode_shift_audited_validation_20260915,libemg_electrode_shift,validation,16,,,,,7.155559539794922,10.999884605407715,1.5372500982252233,48,,trial_4,F0,source-standardized trial-mean class centroids; before/after shift displacement
feature_bank_electrode_shift_audited_validation_20260915,libemg_electrode_shift,validation,16,,,,,3.3860955238342285,4.921398162841797,1.45341385917773,8,,trial_1,F1_X1H,source-standardized trial-mean class centroids; before/after shift displacement
feature_bank_electrode_shift_audited_validation_20260915,libemg_electrode_shift,validation,16,,,,,3.4571290016174316,5.852168560028076,1.6927828140889225,8,,trial_2,F1_X1H,source-standardized trial-mean class centroids; before/after shift displacement
feature_bank_electrode_shift_audited_validation_20260915,libemg_electrode_shift,validation,16,,,,,3.1904139518737793,5.853490829467773,1.8347120209990597,8,,trial_3,F1_X1H,source-standardized trial-mean class centroids; before/after shift displacement
feature_bank_electrode_shift_audited_validation_20260915,libemg_electrode_shift,validation,16,,,,,3.2879958152770996,5.714805603027344,1.738081775065758,8,,trial_4,F1_X1H,source-standardized trial-mean class centroids; before/after shift displacement
feature_bank_electrode_shift_audited_validation_20260915,libemg_electrode_shift,validation,16,,,,,8.471887588500977,11.578380584716797,1.3666825089170145,36,,trial_1,F2a_Cov,source-standardized trial-mean class centroids; before/after shift displacement
feature_bank_electrode_shift_audited_validation_20260915,libemg_electrode_shift,validation,16,,,,,8.452873229980469,13.720695495605469,1.6231990143824206,36,,trial_2,F2a_Cov,source-standardized trial-mean class centroids; before/after shift displacement
feature_bank_electrode_shift_audited_validation_20260915,libemg_electrode_shift,validation,16,,,,,7.815408229827881,12.632967948913574,1.616418180268259,36,,trial_3,F2a_Cov,source-standardized trial-mean class centroids; before/after shift displacement
feature_bank_electrode_shift_audited_validation_20260915,libemg_electrode_shift,validation,16,,,,,8.386539459228516,11.868783950805664,1.415218280257882,36,,trial_4,F2a_Cov,source-standardized trial-mean class centroids; before/after shift displacement
feature_bank_electrode_shift_audited_validation_20260915,libemg_electrode_shift,validation,16,,,,,2.8357186317443848,4.136533737182617,1.4587250268326448,10,,trial_1,F2b_CSP,source-standardized trial-mean class centroids; before/after shift displacement
feature_bank_electrode_shift_audited_validation_20260915,libemg_electrode_shift,validation,16,,,,,2.6926002502441406,4.838615417480469,1.7970047418067163,10,,trial_2,F2b_CSP,source-standardized trial-mean class centroids; before/after shift displacement
feature_bank_electrode_shift_audited_validation_20260915,libemg_electrode_shift,validation,16,,,,,2.586257219314575,5.025333881378174,1.943091291866195,10,,trial_3,F2b_CSP,source-standardized trial-mean class centroids; before/after shift displacement
feature_bank_electrode_shift_audited_validation_20260915,libemg_electrode_shift,validation,16,,,,,2.5896754264831543,4.570960998535156,1.7650710014810131,10,,trial_4,F2b_CSP,source-standardized trial-mean class centroids; before/after shift displacement
feature_bank_electrode_shift_audited_validation_20260915,libemg_electrode_shift,validation,16,,,,,9.192947387695312,10.710183143615723,1.165043450368274,36,,trial_1,F2c_SPD,source-standardized trial-mean class centroids; before/after shift displacement
feature_bank_electrode_shift_audited_validation_20260915,libemg_electrode_shift,validation,16,,,,,8.751659393310547,11.860530853271484,1.355232227426023,36,,trial_2,F2c_SPD,source-standardized trial-mean class centroids; before/after shift displacement
feature_bank_electrode_shift_audited_validation_20260915,libemg_electrode_shift,validation,16,,,,,8.806941032409668,12.124757766723633,1.3767274837089263,36,,trial_3,F2c_SPD,source-standardized trial-mean class centroids; before/after shift displacement
feature_bank_electrode_shift_audited_validation_20260915,libemg_electrode_shift,validation,16,,,,,10.075868606567383,12.950469970703125,1.285295638160745,36,,trial_4,F2c_SPD,source-standardized trial-mean class centroids; before/after shift displacement
feature_bank_electrode_shift_audited_validation_20260915,libemg_electrode_shift,validation,16,,,,,4.392381191253662,7.186544895172119,1.6361387097915603,40,,trial_1,F3_Ring,source-standardized trial-mean class centroids; before/after shift displacement
feature_bank_electrode_shift_audited_validation_20260915,libemg_electrode_shift,validation,16,,,,,4.408662796020508,8.434560775756836,1.9131789311190692,40,,trial_2,F3_Ring,source-standardized trial-mean class centroids; before/after shift displacement
feature_bank_electrode_shift_audited_validation_20260915,libemg_electrode_shift,validation,16,,,,,5.6515398025512695,9.845487594604492,1.7420894019286939,40,,trial_3,F3_Ring,source-standardized trial-mean class centroids; before/after shift displacement
feature_bank_electrode_shift_audited_validation_20260915,libemg_electrode_shift,validation,16,,,,,5.163434028625488,9.043672561645508,1.7514840920803227,40,,trial_4,F3_Ring,source-standardized trial-mean class centroids; before/after shift displacement
feature_bank_electrode_shift_audited_validation_20260915,libemg_electrode_shift,validation,16,,,,,11.117169380187988,17.06067657470703,1.5346241467823174,72,,trial_1,F4_Spectral,source-standardized trial-mean class centroids; before/after shift displacement
feature_bank_electrode_shift_audited_validation_20260915,libemg_electrode_shift,validation,16,,,,,11.350404739379883,17.615116119384766,1.5519372677758447,72,,trial_2,F4_Spectral,source-standardized trial-mean class centroids; before/after shift displacement
feature_bank_electrode_shift_audited_validation_20260915,libemg_electrode_shift,validation,16,,,,,11.544332504272461,19.13213348388672,1.6572749855224993,72,,trial_3,F4_Spectral,source-standardized trial-mean class centroids; before/after shift displacement
feature_bank_electrode_shift_audited_validation_20260915,libemg_electrode_shift,validation,16,,,,,10.775907516479492,17.62079429626465,1.6352028141774324,72,,trial_4,F4_Spectral,source-standardized trial-mean class centroids; before/after shift displacement
feature_bank_electrode_shift_audited_validation_20260915,libemg_electrode_shift,validation,16,,,,,7.464730262756348,10.483030319213867,1.404341476545411,57,,trial_1,F5_Temporal,source-standardized trial-mean class centroids; before/after shift displacement
feature_bank_electrode_shift_audited_validation_20260915,libemg_electrode_shift,validation,16,,,,,6.618251800537109,8.597299575805664,1.2990287820579212,57,,trial_2,F5_Temporal,source-standardized trial-mean class centroids; before/after shift displacement
feature_bank_electrode_shift_audited_validation_20260915,libemg_electrode_shift,validation,16,,,,,7.73602294921875,12.315027236938477,1.591906761106566,57,,trial_3,F5_Temporal,source-standardized trial-mean class centroids; before/after shift displacement
feature_bank_electrode_shift_audited_validation_20260915,libemg_electrode_shift,validation,16,,,,,7.803521633148193,11.194570541381836,1.4345536627754756,57,,trial_4,F5_Temporal,source-standardized trial-mean class centroids; before/after shift displacement
feature_bank_electrode_shift_audited_validation_20260915,libemg_electrode_shift,validation,16,,,,,6.96665096282959,11.829778671264648,1.6980581823864105,53,,trial_1,F9_Quality,source-standardized trial-mean class centroids; before/after shift displacement
feature_bank_electrode_shift_audited_validation_20260915,libemg_electrode_shift,validation,16,,,,,8.000463485717773,11.258142471313477,1.4071862825709813,53,,trial_2,F9_Quality,source-standardized trial-mean class centroids; before/after shift displacement
feature_bank_electrode_shift_audited_validation_20260915,libemg_electrode_shift,validation,16,,,,,8.779194831848145,15.906071662902832,1.8117916241246657,53,,trial_3,F9_Quality,source-standardized trial-mean class centroids; before/after shift displacement
feature_bank_electrode_shift_audited_validation_20260915,libemg_electrode_shift,validation,16,,,,,8.99814510345459,14.516763687133789,1.6133062448124853,53,,trial_4,F9_Quality,source-standardized trial-mean class centroids; before/after shift displacement
feature_bank_electrode_shift_audited_validation_20260915,libemg_electrode_shift,validation,17,,,,,8.533977508544922,14.639734268188477,1.7154643603792314,48,,trial_1,F0,source-standardized trial-mean class centroids; before/after shift displacement
feature_bank_electrode_shift_audited_validation_20260915,libemg_electrode_shift,validation,17,,,,,8.105749130249023,13.558026313781738,1.6726432185255082,48,,trial_2,F0,source-standardized trial-mean class centroids; before/after shift displacement
feature_bank_electrode_shift_audited_validation_20260915,libemg_electrode_shift,validation,17,,,,,7.6092047691345215,12.01466178894043,1.578964182653401,48,,trial_3,F0,source-standardized trial-mean class centroids; before/after shift displacement
feature_bank_electrode_shift_audited_validation_20260915,libemg_electrode_shift,validation,17,,,,,7.5878095626831055,12.31574821472168,1.6230966411293428,48,,trial_4,F0,source-standardized trial-mean class centroids; before/after shift displacement
feature_bank_electrode_shift_audited_validation_20260915,libemg_electrode_shift,validation,17,,,,,3.902392625808716,4.668566703796387,1.196334441829183,8,,trial_1,F1_X1H,source-standardized trial-mean class centroids; before/after shift displacement
feature_bank_electrode_shift_audited_validation_20260915,libemg_electrode_shift,validation,17,,,,,3.829423427581787,4.806133270263672,1.255054020833994,8,,trial_2,F1_X1H,source-standardized trial-mean class centroids; before/after shift displacement
feature_bank_electrode_shift_audited_validation_20260915,libemg_electrode_shift,validation,17,,,,,3.768332004547119,4.612362861633301,1.2239799614435496,8,,trial_3,F1_X1H,source-standardized trial-mean class centroids; before/after shift displacement
feature_bank_electrode_shift_audited_validation_20260915,libemg_electrode_shift,validation,17,,,,,3.9179210662841797,4.482102394104004,1.1440001772046313,8,,trial_4,F1_X1H,source-standardized trial-mean class centroids; before/after shift displacement
feature_bank_electrode_shift_audited_validation_20260915,libemg_electrode_shift,validation,17,,,,,9.39057445526123,12.97834300994873,1.3820606046817518,36,,trial_1,F2a_Cov,source-standardized trial-mean class centroids; before/after shift displacement
feature_bank_electrode_shift_audited_validation_20260915,libemg_electrode_shift,validation,17,,,,,9.293485641479492,12.63747501373291,1.359820792892483,36,,trial_2,F2a_Cov,source-standardized trial-mean class centroids; before/after shift displacement
feature_bank_electrode_shift_audited_validation_20260915,libemg_electrode_shift,validation,17,,,,,8.404301643371582,11.410367012023926,1.357681755868657,36,,trial_3,F2a_Cov,source-standardized trial-mean class centroids; before/after shift displacement
feature_bank_electrode_shift_audited_validation_20260915,libemg_electrode_shift,validation,17,,,,,8.611595153808594,10.008843421936035,1.1622519687898156,36,,trial_4,F2a_Cov,source-standardized trial-mean class centroids; before/after shift displacement
feature_bank_electrode_shift_audited_validation_20260915,libemg_electrode_shift,validation,17,,,,,2.9797310829162598,4.775357246398926,1.602613495484863,10,,trial_1,F2b_CSP,source-standardized trial-mean class centroids; before/after shift displacement
feature_bank_electrode_shift_audited_validation_20260915,libemg_electrode_shift,validation,17,,,,,2.704758882522583,4.654313087463379,1.720786691019508,10,,trial_2,F2b_CSP,source-standardized trial-mean class centroids; before/after shift displacement
feature_bank_electrode_shift_audited_validation_20260915,libemg_electrode_shift,validation,17,,,,,2.7131409645080566,4.464576721191406,1.6455380607174872,10,,trial_3,F2b_CSP,source-standardized trial-mean class centroids; before/after shift displacement
feature_bank_electrode_shift_audited_validation_20260915,libemg_electrode_shift,validation,17,,,,,2.89281964302063,4.153121471405029,1.4356655387844985,10,,trial_4,F2b_CSP,source-standardized trial-mean class centroids; before/after shift displacement
feature_bank_electrode_shift_audited_validation_20260915,libemg_electrode_shift,validation,17,,,,,8.71996784210205,11.550211906433105,1.3245704703937837,36,,trial_1,F2c_SPD,source-standardized trial-mean class centroids; before/after shift displacement
feature_bank_electrode_shift_audited_validation_20260915,libemg_electrode_shift,validation,17,,,,,8.587705612182617,11.138028144836426,1.2969736793299709,36,,trial_2,F2c_SPD,source-standardized trial-mean class centroids; before/after shift displacement
feature_bank_electrode_shift_audited_validation_20260915,libemg_electrode_shift,validation,17,,,,,8.468379020690918,11.163490295410156,1.318255863150777,36,,trial_3,F2c_SPD,source-standardized trial-mean class centroids; before/after shift displacement
feature_bank_electrode_shift_audited_validation_20260915,libemg_electrode_shift,validation,17,,,,,8.903905868530273,11.07284164428711,1.2435937450126715,36,,trial_4,F2c_SPD,source-standardized trial-mean class centroids; before/after shift displacement
feature_bank_electrode_shift_audited_validation_20260915,libemg_electrode_shift,validation,17,,,,,4.288238525390625,8.086382865905762,1.8857120045968687,40,,trial_1,F3_Ring,source-standardized trial-mean class centroids; before/after shift displacement
feature_bank_electrode_shift_audited_validation_20260915,libemg_electrode_shift,validation,17,,,,,3.6673312187194824,8.617264747619629,2.3497372431569348,40,,trial_2,F3_Ring,source-standardized trial-mean class centroids; before/after shift displacement
feature_bank_electrode_shift_audited_validation_20260915,libemg_electrode_shift,validation,17,,,,,4.765700817108154,9.68336009979248,2.0318858592693507,40,,trial_3,F3_Ring,source-standardized trial-mean class centroids; before/after shift displacement
feature_bank_electrode_shift_audited_validation_20260915,libemg_electrode_shift,validation,17,,,,,5.122378826141357,8.483918190002441,1.6562457557227654,40,,trial_4,F3_Ring,source-standardized trial-mean class centroids; before/after shift displacement
feature_bank_electrode_shift_audited_validation_20260915,libemg_electrode_shift,validation,17,,,,,12.869961738586426,17.567428588867188,1.3649946243581719,72,,trial_1,F4_Spectral,source-standardized trial-mean class centroids; before/after shift displacement
feature_bank_electrode_shift_audited_validation_20260915,libemg_electrode_shift,validation,17,,,,,11.835308074951172,16.387828826904297,1.3846558723373597,72,,trial_2,F4_Spectral,source-standardized trial-mean class centroids; before/after shift displacement
feature_bank_electrode_shift_audited_validation_20260915,libemg_electrode_shift,validation,17,,,,,10.66855239868164,13.923700332641602,1.3051161781199958,72,,trial_3,F4_Spectral,source-standardized trial-mean class centroids; before/after shift displacement
feature_bank_electrode_shift_audited_validation_20260915,libemg_electrode_shift,validation,17,,,,,10.666373252868652,13.703933715820312,1.284779126975839,72,,trial_4,F4_Spectral,source-standardized trial-mean class centroids; before/after shift displacement
feature_bank_electrode_shift_audited_validation_20260915,libemg_electrode_shift,validation,17,,,,,7.600508213043213,11.262174606323242,1.4817659938837735,57,,trial_1,F5_Temporal,source-standardized trial-mean class centroids; before/after shift displacement
feature_bank_electrode_shift_audited_validation_20260915,libemg_electrode_shift,validation,17,,,,,7.522785186767578,10.577512741088867,1.406063376592633,57,,trial_2,F5_Temporal,source-standardized trial-mean class centroids; before/after shift displacement
feature_bank_electrode_shift_audited_validation_20260915,libemg_electrode_shift,validation,17,,,,,7.6038641929626465,10.703750610351562,1.4076725121230391,57,,trial_3,F5_Temporal,source-standardized trial-mean class centroids; before/after shift displacement
feature_bank_electrode_shift_audited_validation_20260915,libemg_electrode_shift,validation,17,,,,,7.4249587059021,10.783592224121094,1.4523437302819966,57,,trial_4,F5_Temporal,source-standardized trial-mean class centroids; before/after shift displacement
feature_bank_electrode_shift_audited_validation_20260915,libemg_electrode_shift,validation,17,,,,,9.892863273620605,15.934854507446289,1.610742417711876,53,,trial_1,F9_Quality,source-standardized trial-mean class centroids; before/after shift displacement
feature_bank_electrode_shift_audited_validation_20260915,libemg_electrode_shift,validation,17,,,,,8.130880355834961,13.718462944030762,1.6872051172397708,53,,trial_2,F9_Quality,source-standardized trial-mean class centroids; before/after shift displacement
feature_bank_electrode_shift_audited_validation_20260915,libemg_electrode_shift,validation,17,,,,,6.883622646331787,11.295675277709961,1.6409492295060175,53,,trial_3,F9_Quality,source-standardized trial-mean class centroids; before/after shift displacement
feature_bank_electrode_shift_audited_validation_20260915,libemg_electrode_shift,validation,17,,,,,6.497613430023193,10.736929893493652,1.6524420864867724,53,,trial_4,F9_Quality,source-standardized trial-mean class centroids; before/after shift displacement
feature_bank_electrode_shift_audited_final_20260915,libemg_electrode_shift,final,18,,,,,6.766353607177734,11.678525924682617,1.7259703826729265,48,,trial_1,F0,source-standardized trial-mean class centroids; before/after shift displacement
feature_bank_electrode_shift_audited_final_20260915,libemg_electrode_shift,final,18,,,,,6.102452754974365,10.271718978881836,1.6832115530115728,48,,trial_2,F0,source-standardized trial-mean class centroids; before/after shift displacement
feature_bank_electrode_shift_audited_final_20260915,libemg_electrode_shift,final,18,,,,,6.039311408996582,10.629189491271973,1.7600002337081386,48,,trial_3,F0,source-standardized trial-mean class centroids; before/after shift displacement
feature_bank_electrode_shift_audited_final_20260915,libemg_electrode_shift,final,18,,,,,6.675790309906006,12.272603034973145,1.8383745542097625,48,,trial_4,F0,source-standardized trial-mean class centroids; before/after shift displacement
feature_bank_electrode_shift_audited_final_20260915,libemg_electrode_shift,final,18,,,,,5.053847312927246,7.88927698135376,1.5610437935416452,40,,trial_1,F3_Ring,source-standardized trial-mean class centroids; before/after shift displacement
feature_bank_electrode_shift_audited_final_20260915,libemg_electrode_shift,final,18,,,,,5.609511375427246,6.656554222106934,1.186654911025785,40,,trial_2,F3_Ring,source-standardized trial-mean class centroids; before/after shift displacement
feature_bank_electrode_shift_audited_final_20260915,libemg_electrode_shift,final,18,,,,,5.742063999176025,9.49980354309082,1.6544231385181998,40,,trial_3,F3_Ring,source-standardized trial-mean class centroids; before/after shift displacement
feature_bank_electrode_shift_audited_final_20260915,libemg_electrode_shift,final,18,,,,,4.307101249694824,8.165351867675781,1.895788233037808,40,,trial_4,F3_Ring,source-standardized trial-mean class centroids; before/after shift displacement
feature_bank_electrode_shift_audited_final_20260915,libemg_electrode_shift,final,19,,,,,7.625541687011719,9.927751541137695,1.3019077133950938,48,,trial_1,F0,source-standardized trial-mean class centroids; before/after shift displacement
feature_bank_electrode_shift_audited_final_20260915,libemg_electrode_shift,final,19,,,,,6.945322513580322,7.1255645751953125,1.025951575504454,48,,trial_2,F0,source-standardized trial-mean class centroids; before/after shift displacement
feature_bank_electrode_shift_audited_final_20260915,libemg_electrode_shift,final,19,,,,,6.80224084854126,7.522514343261719,1.1058876788924368,48,,trial_3,F0,source-standardized trial-mean class centroids; before/after shift displacement
feature_bank_electrode_shift_audited_final_20260915,libemg_electrode_shift,final,19,,,,,7.465721130371094,8.32869815826416,1.1155919184258434,48,,trial_4,F0,source-standardized trial-mean class centroids; before/after shift displacement
feature_bank_electrode_shift_audited_final_20260915,libemg_electrode_shift,final,19,,,,,4.980719566345215,6.697521209716797,1.3446894812088372,40,,trial_1,F3_Ring,source-standardized trial-mean class centroids; before/after shift displacement
feature_bank_electrode_shift_audited_final_20260915,libemg_electrode_shift,final,19,,,,,5.598079204559326,7.141455173492432,1.2756974155840517,40,,trial_2,F3_Ring,source-standardized trial-mean class centroids; before/after shift displacement
feature_bank_electrode_shift_audited_final_20260915,libemg_electrode_shift,final,19,,,,,5.309918403625488,5.442036151885986,1.024881314215538,40,,trial_3,F3_Ring,source-standardized trial-mean class centroids; before/after shift displacement
feature_bank_electrode_shift_audited_final_20260915,libemg_electrode_shift,final,19,,,,,4.551856517791748,7.272122859954834,1.597616891378021,40,,trial_4,F3_Ring,source-standardized trial-mean class centroids; before/after shift displacement
feature_bank_electrode_shift_audited_final_20260915,libemg_electrode_shift,final,20,,,,,9.318263053894043,5.978933334350586,0.6416360323559857,48,,trial_1,F0,source-standardized trial-mean class centroids; before/after shift displacement
feature_bank_electrode_shift_audited_final_20260915,libemg_electrode_shift,final,20,,,,,8.559063911437988,9.785650253295898,1.1433084686069006,48,,trial_2,F0,source-standardized trial-mean class centroids; before/after shift displacement
feature_bank_electrode_shift_audited_final_20260915,libemg_electrode_shift,final,20,,,,,8.76567554473877,7.350843906402588,0.8385941127850421,48,,trial_3,F0,source-standardized trial-mean class centroids; before/after shift displacement
feature_bank_electrode_shift_audited_final_20260915,libemg_electrode_shift,final,20,,,,,8.958946228027344,6.19577169418335,0.6915737115152766,48,,trial_4,F0,source-standardized trial-mean class centroids; before/after shift displacement
feature_bank_electrode_shift_audited_final_20260915,libemg_electrode_shift,final,20,,,,,5.7003278732299805,7.130261421203613,1.250851105370214,40,,trial_1,F3_Ring,source-standardized trial-mean class centroids; before/after shift displacement
feature_bank_electrode_shift_audited_final_20260915,libemg_electrode_shift,final,20,,,,,5.049086093902588,6.541843414306641,1.29564901303732,40,,trial_2,F3_Ring,source-standardized trial-mean class centroids; before/after shift displacement
feature_bank_electrode_shift_audited_final_20260915,libemg_electrode_shift,final,20,,,,,6.172111511230469,7.903624534606934,1.2805381951095032,40,,trial_3,F3_Ring,source-standardized trial-mean class centroids; before/after shift displacement
feature_bank_electrode_shift_audited_final_20260915,libemg_electrode_shift,final,20,,,,,5.490537643432617,6.4244208335876465,1.1700895706035095,40,,trial_4,F3_Ring,source-standardized trial-mean class centroids; before/after shift displacement
